[0m11:30:48.664188 [debug] [MainThread]: Sending event: {'category': 'dbt', 'action': 'invocation', 'label': 'start', 'context': [<snowplow_tracker.self_describing_json.SelfDescribingJson object at 0x7f23143d3170>, <snowplow_tracker.self_describing_json.SelfDescribingJson object at 0x7f23136e1b20>, <snowplow_tracker.self_describing_json.SelfDescribingJson object at 0x7f2316424fb0>]}


============================== 11:30:48.670607 | 4b61c64f-7aad-471f-9294-ecfe6103a13a ==============================
[0m11:30:48.670607 [info ] [MainThread]: Running with dbt=1.11.11
[0m11:30:48.671097 [debug] [MainThread]: running dbt with arguments {'fail_fast': 'False', 'log_cache_events': 'False', 'partial_parse': 'True', 'use_experimental_parser': 'False', 'debug': 'False', 'introspect': 'True', 'quiet': 'False', 'warn_error_options': 'WarnErrorOptionsV2(error=[], warn=[], silence=[])', 'printer_width': '80', 'no_print': 'None', 'empty': 'False', 'target_path': 'None', 'cache_selected_only': 'False', 'profiles_dir': '.', 'send_anonymous_usage_stats': 'True', 'write_json': 'True', 'static_parser': 'True', 'invocation_command': 'dbt run --profiles-dir . --project-dir .', 'indirect_selection': 'eager', 'log_path': 'logs', 'log_format': 'default', 'use_colors': 'True', 'warn_error': 'None', 'version_check': 'True'}
[0m11:30:49.219567 [debug] [MainThread]: Sending event: {'category': 'dbt', 'action': 'project_id', 'label': '4b61c64f-7aad-471f-9294-ecfe6103a13a', 'context': [<snowplow_tracker.self_describing_json.SelfDescribingJson object at 0x7f231357af30>]}
[0m11:30:49.297735 [debug] [MainThread]: Sending event: {'category': 'dbt', 'action': 'adapter_info', 'label': '4b61c64f-7aad-471f-9294-ecfe6103a13a', 'context': [<snowplow_tracker.self_describing_json.SelfDescribingJson object at 0x7f2313353950>]}
[0m11:30:49.299805 [info ] [MainThread]: Registered adapter: duckdb=1.10.1
[0m11:30:49.424592 [debug] [MainThread]: checksum: 30a8cc8fdcbf66701b0944d4ccce3fa46dd04b61e5df68b9f16d57b2e0e3f0be, vars: {}, profile: , target: , version: 1.11.11
[0m11:30:49.425409 [info ] [MainThread]: Unable to do partial parsing because saved manifest not found. Starting full parse.
[0m11:30:49.425804 [debug] [MainThread]: Sending event: {'category': 'dbt', 'action': 'partial_parser', 'label': '4b61c64f-7aad-471f-9294-ecfe6103a13a', 'context': [<snowplow_tracker.self_describing_json.SelfDescribingJson object at 0x7f230ed38e90>]}
[0m11:30:50.698343 [warn ] [MainThread]: [[33mWARNING[0m][MissingArgumentsPropertyInGenericTestDeprecation]: Deprecated
functionality
Found top-level arguments to test `accepted_values` defined on 'stg_buildings'
in package 'energy_dw' (models/schema.yml). Arguments to generic tests should be
nested under the `arguments` property.
[0m11:30:50.698966 [debug] [MainThread]: Sending event: {'category': 'dbt', 'action': 'deprecation', 'label': '4b61c64f-7aad-471f-9294-ecfe6103a13a', 'property_': 'warn', 'context': [<snowplow_tracker.self_describing_json.SelfDescribingJson object at 0x7f230e98b380>]}
[0m11:30:50.848399 [debug] [MainThread]: Sending event: {'category': 'dbt', 'action': 'load_project', 'label': '4b61c64f-7aad-471f-9294-ecfe6103a13a', 'context': [<snowplow_tracker.self_describing_json.SelfDescribingJson object at 0x7f230e98eba0>]}
[0m11:30:50.935726 [debug] [MainThread]: Wrote artifact WritableManifest to ./target/manifest.json
[0m11:30:50.937582 [debug] [MainThread]: Wrote artifact SemanticManifest to ./target/semantic_manifest.json
[0m11:30:50.947783 [debug] [MainThread]: Sending event: {'category': 'dbt', 'action': 'resource_counts', 'label': '4b61c64f-7aad-471f-9294-ecfe6103a13a', 'context': [<snowplow_tracker.self_describing_json.SelfDescribingJson object at 0x7f230e5cd3a0>]}
[0m11:30:50.948249 [info ] [MainThread]: Found 5 models, 22 data tests, 485 macros
[0m11:30:50.948583 [debug] [MainThread]: Sending event: {'category': 'dbt', 'action': 'runnable_timing', 'label': '4b61c64f-7aad-471f-9294-ecfe6103a13a', 'context': [<snowplow_tracker.self_describing_json.SelfDescribingJson object at 0x7f230e59dee0>]}
[0m11:30:50.950728 [info ] [MainThread]: 
[0m11:30:50.951228 [info ] [MainThread]: Concurrency: 4 threads (target='dev')
[0m11:30:50.951520 [info ] [MainThread]: 
[0m11:30:50.952003 [debug] [MainThread]: Acquiring new duckdb connection 'master'
[0m11:30:50.957394 [debug] [ThreadPool]: Acquiring new duckdb connection 'list_energy_warehouse'
[0m11:30:50.958477 [debug] [ThreadPool]: Acquiring new duckdb connection 'list_energy_warehouse'
[0m11:30:50.983952 [debug] [ThreadPool]: Acquiring new duckdb connection 'list_energy_warehouse'
[0m11:30:51.161433 [debug] [ThreadPool]: Using duckdb connection "list_energy_warehouse"
[0m11:30:51.161827 [debug] [ThreadPool]: Using duckdb connection "list_energy_warehouse"
[0m11:30:51.162734 [debug] [ThreadPool]: On list_energy_warehouse: /* {"app": "dbt", "dbt_version": "1.11.11", "profile_name": "energy_dw", "target_name": "dev", "connection_name": "list_energy_warehouse"} */

    
    select schema_name
    from system.information_schema.schemata
    
    where lower(catalog_name) = '"energy_warehouse"'
    
  
  
[0m11:30:51.162951 [debug] [ThreadPool]: Opening a new connection, currently in state init
[0m11:30:51.162128 [debug] [ThreadPool]: Using duckdb connection "list_energy_warehouse"
[0m11:30:51.164050 [debug] [ThreadPool]: On list_energy_warehouse: /* {"app": "dbt", "dbt_version": "1.11.11", "profile_name": "energy_dw", "target_name": "dev", "connection_name": "list_energy_warehouse"} */

    
    select schema_name
    from system.information_schema.schemata
    
    where lower(catalog_name) = '"energy_warehouse"'
    
  
  
[0m11:30:51.164410 [debug] [ThreadPool]: Opening a new connection, currently in state init
[0m11:30:51.162475 [debug] [ThreadPool]: On list_energy_warehouse: /* {"app": "dbt", "dbt_version": "1.11.11", "profile_name": "energy_dw", "target_name": "dev", "connection_name": "list_energy_warehouse"} */

    
    select schema_name
    from system.information_schema.schemata
    
    where lower(catalog_name) = '"energy_warehouse"'
    
  
  
[0m11:30:51.164701 [debug] [ThreadPool]: Opening a new connection, currently in state init
[0m11:30:51.193463 [debug] [ThreadPool]: SQL status: OK in 0.030 seconds
[0m11:30:51.195131 [debug] [ThreadPool]: On list_energy_warehouse: Close
[0m11:30:51.197244 [debug] [ThreadPool]: SQL status: OK in 0.033 seconds
[0m11:30:51.200548 [debug] [ThreadPool]: On list_energy_warehouse: Close
[0m11:30:51.198773 [debug] [ThreadPool]: SQL status: OK in 0.034 seconds
[0m11:30:51.201892 [debug] [ThreadPool]: On list_energy_warehouse: Close
[0m11:30:51.202520 [debug] [ThreadPool]: Re-using an available connection from the pool (formerly list_energy_warehouse, now create_energy_warehouse_main_staging)
[0m11:30:51.202899 [debug] [ThreadPool]: Creating schema "database: "energy_warehouse"
schema: "main_staging"
"
[0m11:30:51.208838 [debug] [ThreadPool]: Re-using an available connection from the pool (formerly list_energy_warehouse, now create_energy_warehouse_main_marts)
[0m11:30:51.209316 [debug] [ThreadPool]: Creating schema "database: "energy_warehouse"
schema: "main_marts"
"
[0m11:30:51.214396 [debug] [ThreadPool]: Using duckdb connection "create_energy_warehouse_main_marts"
[0m11:30:51.217867 [debug] [ThreadPool]: On create_energy_warehouse_main_marts: /* {"app": "dbt", "dbt_version": "1.11.11", "profile_name": "energy_dw", "target_name": "dev", "connection_name": "create_energy_warehouse_main_marts"} */

    
        select type from duckdb_databases()
        where lower(database_name)='energy_warehouse'
        and type='sqlite'
    
  
[0m11:30:51.218084 [debug] [ThreadPool]: Opening a new connection, currently in state closed
[0m11:30:51.219155 [debug] [ThreadPool]: SQL status: OK in 0.001 seconds
[0m11:30:51.214822 [debug] [ThreadPool]: Re-using an available connection from the pool (formerly list_energy_warehouse, now create_energy_warehouse_main_metrics)
[0m11:30:51.220865 [debug] [ThreadPool]: Creating schema "database: "energy_warehouse"
schema: "main_metrics"
"
[0m11:30:51.217548 [debug] [ThreadPool]: Using duckdb connection "create_energy_warehouse_main_staging"
[0m11:30:51.223362 [debug] [ThreadPool]: On create_energy_warehouse_main_staging: /* {"app": "dbt", "dbt_version": "1.11.11", "profile_name": "energy_dw", "target_name": "dev", "connection_name": "create_energy_warehouse_main_staging"} */

    
        select type from duckdb_databases()
        where lower(database_name)='energy_warehouse'
        and type='sqlite'
    
  
[0m11:30:51.223598 [debug] [ThreadPool]: Opening a new connection, currently in state closed
[0m11:30:51.224681 [debug] [ThreadPool]: SQL status: OK in 0.001 seconds
[0m11:30:51.226064 [debug] [ThreadPool]: Using duckdb connection "create_energy_warehouse_main_staging"
[0m11:30:51.226392 [debug] [ThreadPool]: On create_energy_warehouse_main_staging: BEGIN
[0m11:30:51.226804 [debug] [ThreadPool]: SQL status: OK in 0.000 seconds
[0m11:30:51.227021 [debug] [ThreadPool]: Using duckdb connection "create_energy_warehouse_main_staging"
[0m11:30:51.227265 [debug] [ThreadPool]: On create_energy_warehouse_main_staging: /* {"app": "dbt", "dbt_version": "1.11.11", "profile_name": "energy_dw", "target_name": "dev", "connection_name": "create_energy_warehouse_main_staging"} */

    
    
        create schema if not exists "energy_warehouse"."main_staging"
    
[0m11:30:51.220458 [debug] [ThreadPool]: Using duckdb connection "create_energy_warehouse_main_marts"
[0m11:30:51.227739 [debug] [ThreadPool]: On create_energy_warehouse_main_marts: BEGIN
[0m11:30:51.228186 [debug] [ThreadPool]: SQL status: OK in 0.000 seconds
[0m11:30:51.228428 [debug] [ThreadPool]: Using duckdb connection "create_energy_warehouse_main_marts"
[0m11:30:51.228619 [debug] [ThreadPool]: On create_energy_warehouse_main_marts: /* {"app": "dbt", "dbt_version": "1.11.11", "profile_name": "energy_dw", "target_name": "dev", "connection_name": "create_energy_warehouse_main_marts"} */

    
    
        create schema if not exists "energy_warehouse"."main_marts"
    
[0m11:30:51.229027 [debug] [ThreadPool]: SQL status: OK in 0.000 seconds
[0m11:30:51.229830 [debug] [ThreadPool]: On create_energy_warehouse_main_marts: COMMIT
[0m11:30:51.230148 [debug] [ThreadPool]: Using duckdb connection "create_energy_warehouse_main_marts"
[0m11:30:51.230397 [debug] [ThreadPool]: On create_energy_warehouse_main_marts: COMMIT
[0m11:30:51.222936 [debug] [ThreadPool]: Using duckdb connection "create_energy_warehouse_main_metrics"
[0m11:30:51.231101 [debug] [ThreadPool]: On create_energy_warehouse_main_metrics: /* {"app": "dbt", "dbt_version": "1.11.11", "profile_name": "energy_dw", "target_name": "dev", "connection_name": "create_energy_warehouse_main_metrics"} */

    
        select type from duckdb_databases()
        where lower(database_name)='energy_warehouse'
        and type='sqlite'
    
  
[0m11:30:51.231450 [debug] [ThreadPool]: Opening a new connection, currently in state closed
[0m11:30:51.232209 [debug] [ThreadPool]: SQL status: OK in 0.005 seconds
[0m11:30:51.232970 [debug] [ThreadPool]: On create_energy_warehouse_main_staging: COMMIT
[0m11:30:51.233295 [debug] [ThreadPool]: Using duckdb connection "create_energy_warehouse_main_staging"
[0m11:30:51.233516 [debug] [ThreadPool]: On create_energy_warehouse_main_staging: COMMIT
[0m11:30:51.236821 [debug] [ThreadPool]: SQL status: OK in 0.005 seconds
[0m11:30:51.238090 [debug] [ThreadPool]: Using duckdb connection "create_energy_warehouse_main_metrics"
[0m11:30:51.238431 [debug] [ThreadPool]: On create_energy_warehouse_main_metrics: BEGIN
[0m11:30:51.238912 [debug] [ThreadPool]: SQL status: OK in 0.000 seconds
[0m11:30:51.239219 [debug] [ThreadPool]: Using duckdb connection "create_energy_warehouse_main_metrics"
[0m11:30:51.239450 [debug] [ThreadPool]: On create_energy_warehouse_main_metrics: /* {"app": "dbt", "dbt_version": "1.11.11", "profile_name": "energy_dw", "target_name": "dev", "connection_name": "create_energy_warehouse_main_metrics"} */

    
    
        create schema if not exists "energy_warehouse"."main_metrics"
    
[0m11:30:51.239883 [debug] [ThreadPool]: SQL status: OK in 0.009 seconds
[0m11:30:51.240201 [debug] [ThreadPool]: On create_energy_warehouse_main_marts: Close
[0m11:30:51.241907 [debug] [ThreadPool]: SQL status: OK in 0.008 seconds
[0m11:30:51.242304 [debug] [ThreadPool]: On create_energy_warehouse_main_staging: Close
[0m11:30:51.242997 [debug] [ThreadPool]: SQL status: OK in 0.003 seconds
[0m11:30:51.243910 [debug] [ThreadPool]: On create_energy_warehouse_main_metrics: COMMIT
[0m11:30:51.244218 [debug] [ThreadPool]: Using duckdb connection "create_energy_warehouse_main_metrics"
[0m11:30:51.244451 [debug] [ThreadPool]: On create_energy_warehouse_main_metrics: COMMIT
[0m11:30:51.246562 [debug] [ThreadPool]: SQL status: OK in 0.002 seconds
[0m11:30:51.246903 [debug] [ThreadPool]: On create_energy_warehouse_main_metrics: Close
[0m11:30:51.248939 [debug] [ThreadPool]: Re-using an available connection from the pool (formerly create_energy_warehouse_main_marts, now list_energy_warehouse_main_staging)
[0m11:30:51.249829 [debug] [ThreadPool]: Re-using an available connection from the pool (formerly create_energy_warehouse_main_staging, now list_energy_warehouse_main_metrics)
[0m11:30:51.249344 [debug] [ThreadPool]: Re-using an available connection from the pool (formerly create_energy_warehouse_main_metrics, now list_energy_warehouse_main_marts)
[0m11:30:51.258841 [debug] [ThreadPool]: Using duckdb connection "list_energy_warehouse_main_marts"
[0m11:30:51.259149 [debug] [ThreadPool]: On list_energy_warehouse_main_marts: BEGIN
[0m11:30:51.259374 [debug] [ThreadPool]: Opening a new connection, currently in state closed
[0m11:30:51.254887 [debug] [ThreadPool]: Using duckdb connection "list_energy_warehouse_main_staging"
[0m11:30:51.259740 [debug] [ThreadPool]: On list_energy_warehouse_main_staging: BEGIN
[0m11:30:51.259964 [debug] [ThreadPool]: Opening a new connection, currently in state closed
[0m11:30:51.260496 [debug] [ThreadPool]: SQL status: OK in 0.000 seconds
[0m11:30:51.260741 [debug] [ThreadPool]: Using duckdb connection "list_energy_warehouse_main_staging"
[0m11:30:51.260957 [debug] [ThreadPool]: On list_energy_warehouse_main_staging: /* {"app": "dbt", "dbt_version": "1.11.11", "profile_name": "energy_dw", "target_name": "dev", "connection_name": "list_energy_warehouse_main_staging"} */
select
      'energy_warehouse' as database,
      table_name as name,
      table_schema as schema,
      CASE table_type
        WHEN 'BASE TABLE' THEN 'table'
        WHEN 'VIEW' THEN 'view'
        WHEN 'LOCAL TEMPORARY' THEN 'table'
        END as type
    from system.information_schema.tables
    where lower(table_schema) = 'main_staging'
    and lower(table_catalog) = 'energy_warehouse'
  
[0m11:30:51.257026 [debug] [ThreadPool]: Using duckdb connection "list_energy_warehouse_main_metrics"
[0m11:30:51.261605 [debug] [ThreadPool]: On list_energy_warehouse_main_metrics: BEGIN
[0m11:30:51.261893 [debug] [ThreadPool]: Opening a new connection, currently in state closed
[0m11:30:51.262498 [debug] [ThreadPool]: SQL status: OK in 0.001 seconds
[0m11:30:51.262755 [debug] [ThreadPool]: Using duckdb connection "list_energy_warehouse_main_metrics"
[0m11:30:51.262966 [debug] [ThreadPool]: On list_energy_warehouse_main_metrics: /* {"app": "dbt", "dbt_version": "1.11.11", "profile_name": "energy_dw", "target_name": "dev", "connection_name": "list_energy_warehouse_main_metrics"} */
select
      'energy_warehouse' as database,
      table_name as name,
      table_schema as schema,
      CASE table_type
        WHEN 'BASE TABLE' THEN 'table'
        WHEN 'VIEW' THEN 'view'
        WHEN 'LOCAL TEMPORARY' THEN 'table'
        END as type
    from system.information_schema.tables
    where lower(table_schema) = 'main_metrics'
    and lower(table_catalog) = 'energy_warehouse'
  
[0m11:30:51.264013 [debug] [ThreadPool]: SQL status: OK in 0.005 seconds
[0m11:30:51.264355 [debug] [ThreadPool]: Using duckdb connection "list_energy_warehouse_main_marts"
[0m11:30:51.264584 [debug] [ThreadPool]: On list_energy_warehouse_main_marts: /* {"app": "dbt", "dbt_version": "1.11.11", "profile_name": "energy_dw", "target_name": "dev", "connection_name": "list_energy_warehouse_main_marts"} */
select
      'energy_warehouse' as database,
      table_name as name,
      table_schema as schema,
      CASE table_type
        WHEN 'BASE TABLE' THEN 'table'
        WHEN 'VIEW' THEN 'view'
        WHEN 'LOCAL TEMPORARY' THEN 'table'
        END as type
    from system.information_schema.tables
    where lower(table_schema) = 'main_marts'
    and lower(table_catalog) = 'energy_warehouse'
  
[0m11:30:51.270052 [debug] [ThreadPool]: SQL status: OK in 0.009 seconds
[0m11:30:51.271297 [debug] [ThreadPool]: On list_energy_warehouse_main_staging: ROLLBACK
[0m11:30:51.273433 [debug] [ThreadPool]: SQL status: OK in 0.010 seconds
[0m11:30:51.274645 [debug] [ThreadPool]: On list_energy_warehouse_main_metrics: ROLLBACK
[0m11:30:51.276512 [debug] [ThreadPool]: Failed to rollback 'list_energy_warehouse_main_metrics'
[0m11:30:51.277991 [debug] [ThreadPool]: On list_energy_warehouse_main_metrics: Close
[0m11:30:51.279194 [debug] [ThreadPool]: Failed to rollback 'list_energy_warehouse_main_staging'
[0m11:30:51.279479 [debug] [ThreadPool]: On list_energy_warehouse_main_staging: Close
[0m11:30:51.277694 [debug] [ThreadPool]: SQL status: OK in 0.013 seconds
[0m11:30:51.280845 [debug] [ThreadPool]: On list_energy_warehouse_main_marts: ROLLBACK
[0m11:30:51.281624 [debug] [ThreadPool]: Failed to rollback 'list_energy_warehouse_main_marts'
[0m11:30:51.281888 [debug] [ThreadPool]: On list_energy_warehouse_main_marts: Close
[0m11:30:51.282626 [debug] [MainThread]: Sending event: {'category': 'dbt', 'action': 'runnable_timing', 'label': '4b61c64f-7aad-471f-9294-ecfe6103a13a', 'context': [<snowplow_tracker.self_describing_json.SelfDescribingJson object at 0x7f230e46d5e0>]}
[0m11:30:51.283066 [debug] [MainThread]: Using duckdb connection "master"
[0m11:30:51.283384 [debug] [MainThread]: On master: BEGIN
[0m11:30:51.283587 [debug] [MainThread]: Opening a new connection, currently in state init
[0m11:30:51.284185 [debug] [MainThread]: SQL status: OK in 0.001 seconds
[0m11:30:51.284459 [debug] [MainThread]: On master: COMMIT
[0m11:30:51.284662 [debug] [MainThread]: Using duckdb connection "master"
[0m11:30:51.284863 [debug] [MainThread]: On master: COMMIT
[0m11:30:51.285317 [debug] [MainThread]: SQL status: OK in 0.000 seconds
[0m11:30:51.285570 [debug] [MainThread]: On master: Close
[0m11:30:51.289766 [debug] [Thread-1 (]: Began running node model.energy_dw.stg_buildings
[0m11:30:51.290967 [debug] [Thread-2 (]: Began running node model.energy_dw.stg_energy_readings
[0m11:30:51.290367 [info ] [Thread-1 (]: 1 of 5 START sql view model main_staging.stg_buildings ......................... [RUN]
[0m11:30:51.291600 [info ] [Thread-2 (]: 2 of 5 START sql view model main_staging.stg_energy_readings ................... [RUN]
[0m11:30:51.292380 [debug] [Thread-2 (]: Re-using an available connection from the pool (formerly list_energy_warehouse_main_staging, now model.energy_dw.stg_energy_readings)
[0m11:30:51.292787 [debug] [Thread-2 (]: Began compiling node model.energy_dw.stg_energy_readings
[0m11:30:51.300436 [debug] [Thread-2 (]: Writing injected SQL for node "model.energy_dw.stg_energy_readings"
[0m11:30:51.300727 [debug] [Thread-1 (]: Re-using an available connection from the pool (formerly list_energy_warehouse_main_marts, now model.energy_dw.stg_buildings)
[0m11:30:51.301103 [debug] [Thread-1 (]: Began compiling node model.energy_dw.stg_buildings
[0m11:30:51.303353 [debug] [Thread-1 (]: Writing injected SQL for node "model.energy_dw.stg_buildings"
[0m11:30:51.304209 [debug] [Thread-2 (]: Began executing node model.energy_dw.stg_energy_readings
[0m11:30:51.304714 [debug] [Thread-1 (]: Began executing node model.energy_dw.stg_buildings
[0m11:30:51.435097 [debug] [Thread-1 (]: Writing runtime sql for node "model.energy_dw.stg_buildings"
[0m11:30:51.436002 [debug] [Thread-2 (]: Writing runtime sql for node "model.energy_dw.stg_energy_readings"
[0m11:30:51.436734 [debug] [Thread-2 (]: Using duckdb connection "model.energy_dw.stg_energy_readings"
[0m11:30:51.437128 [debug] [Thread-2 (]: On model.energy_dw.stg_energy_readings: BEGIN
[0m11:30:51.437403 [debug] [Thread-2 (]: Opening a new connection, currently in state closed
[0m11:30:51.438331 [debug] [Thread-2 (]: SQL status: OK in 0.001 seconds
[0m11:30:51.438743 [debug] [Thread-2 (]: Using duckdb connection "model.energy_dw.stg_energy_readings"
[0m11:30:51.439060 [debug] [Thread-2 (]: On model.energy_dw.stg_energy_readings: /* {"app": "dbt", "dbt_version": "1.11.11", "profile_name": "energy_dw", "target_name": "dev", "node_id": "model.energy_dw.stg_energy_readings"} */

  
  create view "energy_warehouse"."main_staging"."stg_energy_readings__dbt_tmp" as (
    -- stg_energy_readings.sql
-- Staging layer: clean raw smart meter readings
-- Handles data quality flags, outlier detection, lineage tracking

with source as (
    select * from raw_energy_readings
),

cleaned as (
    select
        reading_id::integer             as reading_id,
        building_id::integer            as building_id,
        date_id::integer                as date_id,
        kwh_consumed::double            as kwh_consumed,
        kwh_solar::double               as kwh_solar,
        kwh_net::double                 as kwh_net,
        carbon_kg::double               as carbon_kg,
        cost_usd::double                as cost_usd,
        peak_demand_kw::double          as peak_demand_kw,
        upper(data_quality_flag)        as data_quality_flag,

        -- Carbon intensity (kgCO2 per kWh)
        case
            when kwh_consumed > 0
            then round(carbon_kg / kwh_consumed, 4)
            else null
        end                             as carbon_intensity,

        -- Cost per kWh
        case
            when kwh_consumed > 0
            then round(cost_usd / kwh_consumed, 4)
            else null
        end                             as cost_per_kwh,

        -- Outlier flag (> 3 std devs from typical range)
        case
            when kwh_consumed > 50000 then true
            when kwh_consumed < 0     then true
            else false
        end                             as is_outlier

    from source
    where reading_id is not null
      and kwh_consumed >= 0
      and data_quality_flag != 'MISSING'
)

select * from cleaned
  );

[0m11:30:51.439965 [debug] [Thread-1 (]: Using duckdb connection "model.energy_dw.stg_buildings"
[0m11:30:51.440308 [debug] [Thread-1 (]: On model.energy_dw.stg_buildings: BEGIN
[0m11:30:51.440567 [debug] [Thread-1 (]: Opening a new connection, currently in state closed
[0m11:30:51.441204 [debug] [Thread-1 (]: SQL status: OK in 0.001 seconds
[0m11:30:51.441497 [debug] [Thread-1 (]: Using duckdb connection "model.energy_dw.stg_buildings"
[0m11:30:51.441792 [debug] [Thread-1 (]: On model.energy_dw.stg_buildings: /* {"app": "dbt", "dbt_version": "1.11.11", "profile_name": "energy_dw", "target_name": "dev", "node_id": "model.energy_dw.stg_buildings"} */

  
  create view "energy_warehouse"."main_staging"."stg_buildings__dbt_tmp" as (
    -- stg_buildings.sql
-- Staging layer: clean and standardize raw building registry data
-- Applies data quality checks and type casting

with source as (
    select * from raw_buildings
),

cleaned as (
    select
        building_id::integer                        as building_id,
        trim(building_name)                         as building_name,
        upper(trim(building_type))                  as building_type,
        upper(trim(zone))                           as zone,
        trim(address)                               as address,
        year_built::integer                         as year_built,
        total_sqft::integer                         as total_sqft,
        num_floors::integer                         as num_floors,
        upper(trim(regulatory_authority))           as regulatory_authority,
        ll97_compliant::boolean                     as ll97_compliant,
        green_certified::boolean                    as green_certified,
        created_at::timestamp                       as created_at,

        -- Derived fields
        current_date - year_built::integer          as building_age_years,
        case
            when total_sqft < 25000  then 'Small'
            when total_sqft < 100000 then 'Medium'
            when total_sqft < 250000 then 'Large'
            else 'Enterprise'
        end                                         as size_category,

        -- Data quality flag
        case
            when building_name is null then 'INVALID'
            when total_sqft <= 0      then 'INVALID'
            when year_built < 1800    then 'INVALID'
            else 'VALID'
        end                                         as dq_status

    from source
    where building_id is not null
)

select * from cleaned
  );

[0m11:30:51.443568 [debug] [Thread-1 (]: SQL status: OK in 0.001 seconds
[0m11:30:51.444759 [debug] [Thread-2 (]: SQL status: OK in 0.005 seconds
[0m11:30:51.454803 [debug] [Thread-2 (]: Using duckdb connection "model.energy_dw.stg_energy_readings"
[0m11:30:51.455773 [debug] [Thread-2 (]: On model.energy_dw.stg_energy_readings: /* {"app": "dbt", "dbt_version": "1.11.11", "profile_name": "energy_dw", "target_name": "dev", "node_id": "model.energy_dw.stg_energy_readings"} */
alter view "energy_warehouse"."main_staging"."stg_energy_readings__dbt_tmp" rename to "stg_energy_readings"
[0m11:30:51.456499 [debug] [Thread-2 (]: SQL status: OK in 0.000 seconds
[0m11:30:51.455417 [debug] [Thread-1 (]: Using duckdb connection "model.energy_dw.stg_buildings"
[0m11:30:51.462480 [debug] [Thread-1 (]: On model.energy_dw.stg_buildings: /* {"app": "dbt", "dbt_version": "1.11.11", "profile_name": "energy_dw", "target_name": "dev", "node_id": "model.energy_dw.stg_buildings"} */
alter view "energy_warehouse"."main_staging"."stg_buildings__dbt_tmp" rename to "stg_buildings"
[0m11:30:51.463208 [debug] [Thread-1 (]: SQL status: OK in 0.000 seconds
[0m11:30:51.470341 [debug] [Thread-1 (]: On model.energy_dw.stg_buildings: COMMIT
[0m11:30:51.471911 [debug] [Thread-2 (]: On model.energy_dw.stg_energy_readings: COMMIT
[0m11:30:51.472633 [debug] [Thread-2 (]: Using duckdb connection "model.energy_dw.stg_energy_readings"
[0m11:30:51.472870 [debug] [Thread-2 (]: On model.energy_dw.stg_energy_readings: COMMIT
[0m11:30:51.472340 [debug] [Thread-1 (]: Using duckdb connection "model.energy_dw.stg_buildings"
[0m11:30:51.473751 [debug] [Thread-1 (]: On model.energy_dw.stg_buildings: COMMIT
[0m11:30:51.477877 [debug] [Thread-2 (]: SQL status: OK in 0.005 seconds
[0m11:30:51.483869 [debug] [Thread-2 (]: Using duckdb connection "model.energy_dw.stg_energy_readings"
[0m11:30:51.484278 [debug] [Thread-1 (]: SQL status: OK in 0.010 seconds
[0m11:30:51.486436 [debug] [Thread-1 (]: Using duckdb connection "model.energy_dw.stg_buildings"
[0m11:30:51.486767 [debug] [Thread-1 (]: On model.energy_dw.stg_buildings: /* {"app": "dbt", "dbt_version": "1.11.11", "profile_name": "energy_dw", "target_name": "dev", "node_id": "model.energy_dw.stg_buildings"} */

      drop view if exists "energy_warehouse"."main_staging"."stg_buildings__dbt_backup" cascade
    
[0m11:30:51.484588 [debug] [Thread-2 (]: On model.energy_dw.stg_energy_readings: /* {"app": "dbt", "dbt_version": "1.11.11", "profile_name": "energy_dw", "target_name": "dev", "node_id": "model.energy_dw.stg_energy_readings"} */

      drop view if exists "energy_warehouse"."main_staging"."stg_energy_readings__dbt_backup" cascade
    
[0m11:30:51.488092 [debug] [Thread-2 (]: SQL status: OK in 0.000 seconds
[0m11:30:51.490391 [debug] [Thread-2 (]: On model.energy_dw.stg_energy_readings: Close
[0m11:30:51.487409 [debug] [Thread-1 (]: SQL status: OK in 0.000 seconds
[0m11:30:51.493052 [debug] [Thread-1 (]: On model.energy_dw.stg_buildings: Close
[0m11:30:51.493832 [debug] [Thread-2 (]: Sending event: {'category': 'dbt', 'action': 'run_model', 'label': '4b61c64f-7aad-471f-9294-ecfe6103a13a', 'context': [<snowplow_tracker.self_describing_json.SelfDescribingJson object at 0x7f230e5b21b0>]}
[0m11:30:51.494151 [debug] [Thread-1 (]: Sending event: {'category': 'dbt', 'action': 'run_model', 'label': '4b61c64f-7aad-471f-9294-ecfe6103a13a', 'context': [<snowplow_tracker.self_describing_json.SelfDescribingJson object at 0x7f230e9f7e90>]}
[0m11:30:51.494869 [info ] [Thread-1 (]: 1 of 5 OK created sql view model main_staging.stg_buildings .................... [[32mOK[0m in 0.20s]
[0m11:30:51.495525 [info ] [Thread-2 (]: 2 of 5 OK created sql view model main_staging.stg_energy_readings .............. [[32mOK[0m in 0.20s]
[0m11:30:51.496600 [debug] [Thread-2 (]: Finished running node model.energy_dw.stg_energy_readings
[0m11:30:51.496213 [debug] [Thread-1 (]: Finished running node model.energy_dw.stg_buildings
[0m11:30:51.497284 [debug] [Thread-4 (]: Began running node model.energy_dw.dim_buildings
[0m11:30:51.498023 [info ] [Thread-4 (]: 3 of 5 START sql table model main_marts.dim_buildings .......................... [RUN]
[0m11:30:51.498522 [debug] [Thread-4 (]: Acquiring new duckdb connection 'model.energy_dw.dim_buildings'
[0m11:30:51.498794 [debug] [Thread-4 (]: Began compiling node model.energy_dw.dim_buildings
[0m11:30:51.502004 [debug] [Thread-4 (]: Writing injected SQL for node "model.energy_dw.dim_buildings"
[0m11:30:51.502742 [debug] [Thread-4 (]: Began executing node model.energy_dw.dim_buildings
[0m11:30:51.525903 [debug] [Thread-4 (]: Writing runtime sql for node "model.energy_dw.dim_buildings"
[0m11:30:51.526633 [debug] [Thread-4 (]: Using duckdb connection "model.energy_dw.dim_buildings"
[0m11:30:51.526937 [debug] [Thread-4 (]: On model.energy_dw.dim_buildings: BEGIN
[0m11:30:51.527226 [debug] [Thread-4 (]: Opening a new connection, currently in state init
[0m11:30:51.528058 [debug] [Thread-4 (]: SQL status: OK in 0.001 seconds
[0m11:30:51.528411 [debug] [Thread-4 (]: Using duckdb connection "model.energy_dw.dim_buildings"
[0m11:30:51.528730 [debug] [Thread-4 (]: On model.energy_dw.dim_buildings: /* {"app": "dbt", "dbt_version": "1.11.11", "profile_name": "energy_dw", "target_name": "dev", "node_id": "model.energy_dw.dim_buildings"} */

  
    
    

    create  table
      "energy_warehouse"."main_marts"."dim_buildings__dbt_tmp"
  
    as (
      -- dim_buildings.sql
-- Dimension table: buildings with full descriptive context
-- Star schema dimension — joins to fact_energy_consumption
-- Implements row-level security zone tagging for regulatory access control

with stg as (
    select * from "energy_warehouse"."main_staging"."stg_buildings"
    where dq_status = 'VALID'
),

enriched as (
    select
        building_id,
        building_name,
        building_type,
        zone,
        address,
        year_built,
        total_sqft,
        num_floors,
        regulatory_authority,
        ll97_compliant,
        green_certified,
        building_age_years,
        size_category,
        created_at,

        -- LL97 threshold by building type (kgCO2/sqft/year)
        -- Source: NYC Local Law 97 penalty schedule
        case building_type
            when 'RESIDENTIAL HIGH-RISE' then 2.7
            when 'COMMERCIAL OFFICE'     then 4.5
            when 'RETAIL'                then 3.9
            when 'INDUSTRIAL'            then 6.2
            when 'MIXED-USE'             then 3.5
            when 'GOVERNMENT'            then 3.0
            else 3.5
        end                             as ll97_threshold_kg_per_sqft,

        -- Row-level security tag: which regulatory authority can view this building
        -- Used in LookML access_grants and Metabase row policies
        regulatory_authority            as rls_authority_tag,

        -- Surrogate key for SCD Type 1
        row_number() over (order by building_id) as building_sk

    from stg
)

select * from enriched
    );
  
  
[0m11:30:51.537988 [debug] [Thread-4 (]: SQL status: OK in 0.009 seconds
[0m11:30:51.542246 [debug] [Thread-4 (]: Using duckdb connection "model.energy_dw.dim_buildings"
[0m11:30:51.542667 [debug] [Thread-4 (]: On model.energy_dw.dim_buildings: /* {"app": "dbt", "dbt_version": "1.11.11", "profile_name": "energy_dw", "target_name": "dev", "node_id": "model.energy_dw.dim_buildings"} */
alter table "energy_warehouse"."main_marts"."dim_buildings__dbt_tmp" rename to "dim_buildings"
[0m11:30:51.543442 [debug] [Thread-4 (]: SQL status: OK in 0.000 seconds
[0m11:30:51.548027 [debug] [Thread-4 (]: On model.energy_dw.dim_buildings: COMMIT
[0m11:30:51.548397 [debug] [Thread-4 (]: Using duckdb connection "model.energy_dw.dim_buildings"
[0m11:30:51.548725 [debug] [Thread-4 (]: On model.energy_dw.dim_buildings: COMMIT
[0m11:30:51.553278 [debug] [Thread-4 (]: SQL status: OK in 0.004 seconds
[0m11:30:51.555356 [debug] [Thread-4 (]: Using duckdb connection "model.energy_dw.dim_buildings"
[0m11:30:51.555727 [debug] [Thread-4 (]: On model.energy_dw.dim_buildings: /* {"app": "dbt", "dbt_version": "1.11.11", "profile_name": "energy_dw", "target_name": "dev", "node_id": "model.energy_dw.dim_buildings"} */

      drop table if exists "energy_warehouse"."main_marts"."dim_buildings__dbt_backup" cascade
    
[0m11:30:51.556316 [debug] [Thread-4 (]: SQL status: OK in 0.000 seconds
[0m11:30:51.557589 [debug] [Thread-4 (]: On model.energy_dw.dim_buildings: Close
[0m11:30:51.558076 [debug] [Thread-4 (]: Sending event: {'category': 'dbt', 'action': 'run_model', 'label': '4b61c64f-7aad-471f-9294-ecfe6103a13a', 'context': [<snowplow_tracker.self_describing_json.SelfDescribingJson object at 0x7f23132f54c0>]}
[0m11:30:51.558645 [info ] [Thread-4 (]: 3 of 5 OK created sql table model main_marts.dim_buildings ..................... [[32mOK[0m in 0.06s]
[0m11:30:51.559179 [debug] [Thread-4 (]: Finished running node model.energy_dw.dim_buildings
[0m11:30:51.559815 [debug] [Thread-2 (]: Began running node model.energy_dw.fact_energy_consumption
[0m11:30:51.560213 [info ] [Thread-2 (]: 4 of 5 START sql table model main_marts.fact_energy_consumption ................ [RUN]
[0m11:30:51.560605 [debug] [Thread-2 (]: Re-using an available connection from the pool (formerly model.energy_dw.stg_energy_readings, now model.energy_dw.fact_energy_consumption)
[0m11:30:51.560950 [debug] [Thread-2 (]: Began compiling node model.energy_dw.fact_energy_consumption
[0m11:30:51.563762 [debug] [Thread-2 (]: Writing injected SQL for node "model.energy_dw.fact_energy_consumption"
[0m11:30:51.564345 [debug] [Thread-2 (]: Began executing node model.energy_dw.fact_energy_consumption
[0m11:30:51.567036 [debug] [Thread-2 (]: Writing runtime sql for node "model.energy_dw.fact_energy_consumption"
[0m11:30:51.567597 [debug] [Thread-2 (]: Using duckdb connection "model.energy_dw.fact_energy_consumption"
[0m11:30:51.567920 [debug] [Thread-2 (]: On model.energy_dw.fact_energy_consumption: BEGIN
[0m11:30:51.568217 [debug] [Thread-2 (]: Opening a new connection, currently in state closed
[0m11:30:51.568788 [debug] [Thread-2 (]: SQL status: OK in 0.001 seconds
[0m11:30:51.569057 [debug] [Thread-2 (]: Using duckdb connection "model.energy_dw.fact_energy_consumption"
[0m11:30:51.569420 [debug] [Thread-2 (]: On model.energy_dw.fact_energy_consumption: /* {"app": "dbt", "dbt_version": "1.11.11", "profile_name": "energy_dw", "target_name": "dev", "node_id": "model.energy_dw.fact_energy_consumption"} */

  
    
    

    create  table
      "energy_warehouse"."main_marts"."fact_energy_consumption__dbt_tmp"
  
    as (
      -- fact_energy_consumption.sql
-- Core fact table: daily energy consumption per building
-- Star schema center — joins to dim_buildings, dim_date, dim_weather
-- Grain: one row per building per day

with readings as (
    select * from "energy_warehouse"."main_staging"."stg_energy_readings"
    where is_outlier = false
      and data_quality_flag = 'VALID'
),

buildings as (
    select building_id, building_type, zone, total_sqft,
           ll97_threshold_kg_per_sqft, regulatory_authority
    from "energy_warehouse"."main_marts"."dim_buildings"
),

weather as (
    select * from raw_weather
),

time_dim as (
    select * from raw_time_dim
),

joined as (
    select
        -- Keys
        r.reading_id,
        r.building_id,
        r.date_id,

        -- Measures
        r.kwh_consumed,
        r.kwh_solar,
        r.kwh_net,
        r.carbon_kg,
        r.cost_usd,
        r.peak_demand_kw,
        r.carbon_intensity,
        r.cost_per_kwh,

        -- LL97 compliance measure
        round(r.carbon_kg / nullif(b.total_sqft, 0), 6)    as carbon_kg_per_sqft,
        b.ll97_threshold_kg_per_sqft                        as ll97_threshold,
        case
            when (r.carbon_kg / nullif(b.total_sqft, 0)) > b.ll97_threshold_kg_per_sqft
            then true else false
        end                                                 as ll97_violation_flag,

        -- Penalty estimate (daily pro-rated)
        case
            when (r.carbon_kg / nullif(b.total_sqft, 0)) > b.ll97_threshold_kg_per_sqft
            then round(
                ((r.carbon_kg / nullif(b.total_sqft, 0)) - b.ll97_threshold_kg_per_sqft)
                * b.total_sqft * 0.000268 / 365, 2
            )
            else 0.0
        end                                                 as daily_penalty_usd,

        -- Context
        b.building_type,
        b.zone,
        b.total_sqft,
        b.regulatory_authority,
        t.year,
        t.quarter,
        t.month,
        t.season,
        t.is_weekend,
        w.avg_temp_c,
        w.uv_index,
        w.precipitation_mm

    from readings r
    left join buildings b  on r.building_id = b.building_id
    left join time_dim  t  on r.date_id = t.date_id
    left join weather   w  on r.date_id = w.date_id
)

select * from joined
    );
  
  
[0m11:30:51.820833 [debug] [Thread-2 (]: SQL status: OK in 0.251 seconds
[0m11:30:51.824153 [debug] [Thread-2 (]: Using duckdb connection "model.energy_dw.fact_energy_consumption"
[0m11:30:51.824551 [debug] [Thread-2 (]: On model.energy_dw.fact_energy_consumption: /* {"app": "dbt", "dbt_version": "1.11.11", "profile_name": "energy_dw", "target_name": "dev", "node_id": "model.energy_dw.fact_energy_consumption"} */
alter table "energy_warehouse"."main_marts"."fact_energy_consumption__dbt_tmp" rename to "fact_energy_consumption"
[0m11:30:51.825540 [debug] [Thread-2 (]: SQL status: OK in 0.001 seconds
[0m11:30:51.827165 [debug] [Thread-2 (]: On model.energy_dw.fact_energy_consumption: COMMIT
[0m11:30:51.827547 [debug] [Thread-2 (]: Using duckdb connection "model.energy_dw.fact_energy_consumption"
[0m11:30:51.827851 [debug] [Thread-2 (]: On model.energy_dw.fact_energy_consumption: COMMIT
[0m11:30:52.005458 [debug] [Thread-2 (]: SQL status: OK in 0.177 seconds
[0m11:30:52.008176 [debug] [Thread-2 (]: Using duckdb connection "model.energy_dw.fact_energy_consumption"
[0m11:30:52.008579 [debug] [Thread-2 (]: On model.energy_dw.fact_energy_consumption: /* {"app": "dbt", "dbt_version": "1.11.11", "profile_name": "energy_dw", "target_name": "dev", "node_id": "model.energy_dw.fact_energy_consumption"} */

      drop table if exists "energy_warehouse"."main_marts"."fact_energy_consumption__dbt_backup" cascade
    
[0m11:30:52.009389 [debug] [Thread-2 (]: SQL status: OK in 0.000 seconds
[0m11:30:52.011147 [debug] [Thread-2 (]: On model.energy_dw.fact_energy_consumption: Close
[0m11:30:52.011837 [debug] [Thread-2 (]: Sending event: {'category': 'dbt', 'action': 'run_model', 'label': '4b61c64f-7aad-471f-9294-ecfe6103a13a', 'context': [<snowplow_tracker.self_describing_json.SelfDescribingJson object at 0x7f230e9837d0>]}
[0m11:30:52.012473 [info ] [Thread-2 (]: 4 of 5 OK created sql table model main_marts.fact_energy_consumption ........... [[32mOK[0m in 0.45s]
[0m11:30:52.013007 [debug] [Thread-2 (]: Finished running node model.energy_dw.fact_energy_consumption
[0m11:30:52.013600 [debug] [Thread-3 (]: Began running node model.energy_dw.metrics_energy_kpis
[0m11:30:52.014064 [info ] [Thread-3 (]: 5 of 5 START sql table model main_metrics.metrics_energy_kpis .................. [RUN]
[0m11:30:52.014617 [debug] [Thread-3 (]: Re-using an available connection from the pool (formerly list_energy_warehouse_main_metrics, now model.energy_dw.metrics_energy_kpis)
[0m11:30:52.014913 [debug] [Thread-3 (]: Began compiling node model.energy_dw.metrics_energy_kpis
[0m11:30:52.017947 [debug] [Thread-3 (]: Writing injected SQL for node "model.energy_dw.metrics_energy_kpis"
[0m11:30:52.018548 [debug] [Thread-3 (]: Began executing node model.energy_dw.metrics_energy_kpis
[0m11:30:52.021278 [debug] [Thread-3 (]: Writing runtime sql for node "model.energy_dw.metrics_energy_kpis"
[0m11:30:52.021798 [debug] [Thread-3 (]: Using duckdb connection "model.energy_dw.metrics_energy_kpis"
[0m11:30:52.022094 [debug] [Thread-3 (]: On model.energy_dw.metrics_energy_kpis: BEGIN
[0m11:30:52.022398 [debug] [Thread-3 (]: Opening a new connection, currently in state closed
[0m11:30:52.023228 [debug] [Thread-3 (]: SQL status: OK in 0.001 seconds
[0m11:30:52.023538 [debug] [Thread-3 (]: Using duckdb connection "model.energy_dw.metrics_energy_kpis"
[0m11:30:52.023924 [debug] [Thread-3 (]: On model.energy_dw.metrics_energy_kpis: /* {"app": "dbt", "dbt_version": "1.11.11", "profile_name": "energy_dw", "target_name": "dev", "node_id": "model.energy_dw.metrics_energy_kpis"} */

  
    
    

    create  table
      "energy_warehouse"."main_metrics"."metrics_energy_kpis__dbt_tmp"
  
    as (
      -- metrics_energy_kpis.sql
-- Aggregated KPI metrics for executive dashboards
-- Powers Metabase dashboards and LookML measures
-- Grain: one row per building per month

with fact as (
    select * from "energy_warehouse"."main_marts"."fact_energy_consumption"
),

monthly_kpis as (
    select
        building_id,
        building_type,
        zone,
        regulatory_authority,
        year,
        month,
        season,

        -- Consumption KPIs
        sum(kwh_consumed)                               as total_kwh,
        sum(kwh_solar)                                  as total_solar_kwh,
        avg(kwh_consumed)                               as avg_daily_kwh,
        max(kwh_consumed)                               as peak_daily_kwh,
        min(kwh_consumed)                               as min_daily_kwh,

        -- Carbon KPIs
        sum(carbon_kg)                                  as total_carbon_kg,
        round(sum(carbon_kg) / 1000, 2)                 as total_carbon_tonnes,
        avg(carbon_intensity)                           as avg_carbon_intensity,

        -- Financial KPIs
        sum(cost_usd)                                   as total_cost_usd,
        avg(cost_per_kwh)                               as avg_cost_per_kwh,
        sum(daily_penalty_usd)                          as total_ll97_penalty_usd,

        -- Compliance KPIs
        count(case when ll97_violation_flag then 1 end) as days_in_violation,
        count(*)                                        as total_days,
        round(
            count(case when ll97_violation_flag then 1 end) * 100.0 / count(*), 2
        )                                               as violation_rate_pct,

        -- Efficiency KPIs
        round(sum(kwh_solar) / nullif(sum(kwh_consumed), 0) * 100, 2) as solar_pct,

        -- Rolling window (window functions for trend analysis)
        sum(sum(kwh_consumed)) over (
            partition by building_id
            order by year, month
            rows between 2 preceding and current row
        )                                               as rolling_3m_kwh,

        avg(avg(carbon_intensity)) over (
            partition by building_id
            order by year, month
            rows between 11 preceding and current row
        )                                               as rolling_12m_avg_carbon_intensity

    from fact
    group by 1,2,3,4,5,6,7
),

with_yoy as (
    select
        m.*,
        -- Year-over-year comparison using window function
        lag(total_kwh, 12) over (
            partition by building_id
            order by year, month
        )                                               as prev_year_kwh,

        round(
            (total_kwh - lag(total_kwh, 12) over (
                partition by building_id order by year, month
            )) / nullif(lag(total_kwh, 12) over (
                partition by building_id order by year, month
            ), 0) * 100, 2
        )                                               as yoy_kwh_change_pct

    from monthly_kpis m
)

select * from with_yoy
    );
  
  
[0m11:30:52.101075 [debug] [Thread-3 (]: SQL status: OK in 0.077 seconds
[0m11:30:52.104468 [debug] [Thread-3 (]: Using duckdb connection "model.energy_dw.metrics_energy_kpis"
[0m11:30:52.104893 [debug] [Thread-3 (]: On model.energy_dw.metrics_energy_kpis: /* {"app": "dbt", "dbt_version": "1.11.11", "profile_name": "energy_dw", "target_name": "dev", "node_id": "model.energy_dw.metrics_energy_kpis"} */
alter table "energy_warehouse"."main_metrics"."metrics_energy_kpis__dbt_tmp" rename to "metrics_energy_kpis"
[0m11:30:52.105748 [debug] [Thread-3 (]: SQL status: OK in 0.001 seconds
[0m11:30:52.107285 [debug] [Thread-3 (]: On model.energy_dw.metrics_energy_kpis: COMMIT
[0m11:30:52.107649 [debug] [Thread-3 (]: Using duckdb connection "model.energy_dw.metrics_energy_kpis"
[0m11:30:52.107936 [debug] [Thread-3 (]: On model.energy_dw.metrics_energy_kpis: COMMIT
[0m11:30:52.125143 [debug] [Thread-3 (]: SQL status: OK in 0.017 seconds
[0m11:30:52.127306 [debug] [Thread-3 (]: Using duckdb connection "model.energy_dw.metrics_energy_kpis"
[0m11:30:52.127691 [debug] [Thread-3 (]: On model.energy_dw.metrics_energy_kpis: /* {"app": "dbt", "dbt_version": "1.11.11", "profile_name": "energy_dw", "target_name": "dev", "node_id": "model.energy_dw.metrics_energy_kpis"} */

      drop table if exists "energy_warehouse"."main_metrics"."metrics_energy_kpis__dbt_backup" cascade
    
[0m11:30:52.128362 [debug] [Thread-3 (]: SQL status: OK in 0.000 seconds
[0m11:30:52.129726 [debug] [Thread-3 (]: On model.energy_dw.metrics_energy_kpis: Close
[0m11:30:52.130387 [debug] [Thread-3 (]: Sending event: {'category': 'dbt', 'action': 'run_model', 'label': '4b61c64f-7aad-471f-9294-ecfe6103a13a', 'context': [<snowplow_tracker.self_describing_json.SelfDescribingJson object at 0x7f2313214050>]}
[0m11:30:52.130944 [info ] [Thread-3 (]: 5 of 5 OK created sql table model main_metrics.metrics_energy_kpis ............. [[32mOK[0m in 0.12s]
[0m11:30:52.131492 [debug] [Thread-3 (]: Finished running node model.energy_dw.metrics_energy_kpis
[0m11:30:52.133879 [debug] [MainThread]: Using duckdb connection "master"
[0m11:30:52.134267 [debug] [MainThread]: On master: BEGIN
[0m11:30:52.134513 [debug] [MainThread]: Opening a new connection, currently in state closed
[0m11:30:52.135018 [debug] [MainThread]: SQL status: OK in 0.000 seconds
[0m11:30:52.135300 [debug] [MainThread]: On master: COMMIT
[0m11:30:52.135589 [debug] [MainThread]: Using duckdb connection "master"
[0m11:30:52.135834 [debug] [MainThread]: On master: COMMIT
[0m11:30:52.136242 [debug] [MainThread]: SQL status: OK in 0.000 seconds
[0m11:30:52.136513 [debug] [MainThread]: On master: Close
[0m11:30:52.136829 [debug] [MainThread]: Connection 'master' was properly closed.
[0m11:30:52.137026 [debug] [MainThread]: Connection 'model.energy_dw.fact_energy_consumption' was properly closed.
[0m11:30:52.137237 [debug] [MainThread]: Connection 'model.energy_dw.metrics_energy_kpis' was properly closed.
[0m11:30:52.137416 [debug] [MainThread]: Connection 'model.energy_dw.stg_buildings' was properly closed.
[0m11:30:52.137584 [debug] [MainThread]: Connection 'model.energy_dw.dim_buildings' was properly closed.
[0m11:30:52.137871 [info ] [MainThread]: 
[0m11:30:52.138229 [info ] [MainThread]: Finished running 3 table models, 2 view models in 0 hours 0 minutes and 1.19 seconds (1.19s).
[0m11:30:52.139277 [debug] [MainThread]: Command end result
[0m11:30:52.169053 [debug] [MainThread]: Wrote artifact WritableManifest to ./target/manifest.json
[0m11:30:52.170850 [debug] [MainThread]: Wrote artifact SemanticManifest to ./target/semantic_manifest.json
[0m11:30:52.176940 [debug] [MainThread]: Wrote artifact RunExecutionResult to ./target/run_results.json
[0m11:30:52.177283 [info ] [MainThread]: 
[0m11:30:52.177634 [info ] [MainThread]: [32mCompleted successfully[0m
[0m11:30:52.177882 [info ] [MainThread]: 
[0m11:30:52.178211 [info ] [MainThread]: Done. PASS=5 WARN=0 ERROR=0 SKIP=0 NO-OP=0 TOTAL=5
[0m11:30:52.178681 [warn ] [MainThread]: [[33mWARNING[0m][DeprecationsSummary]: Deprecated functionality
Summary of encountered deprecations:
- MissingArgumentsPropertyInGenericTestDeprecation: 3 occurrences
To see all deprecation instances instead of just the first occurrence of each,
run command again with the `--show-all-deprecations` flag. You may also need to
run with `--no-partial-parse` as some deprecations are only encountered during
parsing.
[0m11:30:52.180176 [debug] [MainThread]: Resource report: {"command_name": "run", "command_success": true, "command_wall_clock_time": 3.5964134, "process_in_blocks": "46264", "process_kernel_time": 0.390881, "process_mem_max_rss": "217448", "process_out_blocks": "15688", "process_user_time": 4.658238}
[0m11:30:52.180636 [debug] [MainThread]: Command `dbt run` succeeded at 11:30:52.180539 after 3.60 seconds
[0m11:30:52.180936 [debug] [MainThread]: Sending event: {'category': 'dbt', 'action': 'invocation', 'label': 'end', 'context': [<snowplow_tracker.self_describing_json.SelfDescribingJson object at 0x7f230c5c8530>, <snowplow_tracker.self_describing_json.SelfDescribingJson object at 0x7f231429ee10>, <snowplow_tracker.self_describing_json.SelfDescribingJson object at 0x7f23139d9e50>]}
[0m11:30:52.181258 [debug] [MainThread]: Flushing usage events
[0m11:30:52.422060 [debug] [MainThread]: An error was encountered while trying to flush usage events
[0m11:30:54.329410 [debug] [MainThread]: Sending event: {'category': 'dbt', 'action': 'invocation', 'label': 'start', 'context': [<snowplow_tracker.self_describing_json.SelfDescribingJson object at 0x7fd5c503d5e0>, <snowplow_tracker.self_describing_json.SelfDescribingJson object at 0x7fd5c328ac90>, <snowplow_tracker.self_describing_json.SelfDescribingJson object at 0x7fd5c33b1fd0>]}


============================== 11:30:54.332620 | bd2142ce-af7a-4d4b-9075-48e29c8f7315 ==============================
[0m11:30:54.332620 [info ] [MainThread]: Running with dbt=1.11.11
[0m11:30:54.333139 [debug] [MainThread]: running dbt with arguments {'use_experimental_parser': 'False', 'cache_selected_only': 'False', 'log_format': 'default', 'target_path': 'None', 'warn_error_options': 'WarnErrorOptionsV2(error=[], warn=[], silence=[])', 'printer_width': '80', 'log_path': 'logs', 'quiet': 'False', 'write_json': 'True', 'partial_parse': 'True', 'no_print': 'None', 'empty': 'None', 'introspect': 'True', 'fail_fast': 'False', 'use_colors': 'True', 'profiles_dir': '.', 'invocation_command': 'dbt test --profiles-dir . --project-dir .', 'indirect_selection': 'eager', 'send_anonymous_usage_stats': 'True', 'warn_error': 'None', 'debug': 'False', 'version_check': 'True', 'static_parser': 'True', 'log_cache_events': 'False'}
[0m11:30:54.570095 [debug] [MainThread]: Sending event: {'category': 'dbt', 'action': 'project_id', 'label': 'bd2142ce-af7a-4d4b-9075-48e29c8f7315', 'context': [<snowplow_tracker.self_describing_json.SelfDescribingJson object at 0x7fd5c51b5fa0>]}
[0m11:30:54.639791 [debug] [MainThread]: Sending event: {'category': 'dbt', 'action': 'adapter_info', 'label': 'bd2142ce-af7a-4d4b-9075-48e29c8f7315', 'context': [<snowplow_tracker.self_describing_json.SelfDescribingJson object at 0x7fd5c309ec30>]}
[0m11:30:54.641582 [info ] [MainThread]: Registered adapter: duckdb=1.10.1
[0m11:30:54.727444 [debug] [MainThread]: checksum: 30a8cc8fdcbf66701b0944d4ccce3fa46dd04b61e5df68b9f16d57b2e0e3f0be, vars: {}, profile: , target: , version: 1.11.11
[0m11:30:54.829754 [debug] [MainThread]: Partial parsing enabled: 0 files deleted, 0 files added, 0 files changed.
[0m11:30:54.830173 [debug] [MainThread]: Nothing changed, skipping partial parsing.
[0m11:30:54.830407 [debug] [MainThread]: Partial parsing enabled, no changes found, skipping parsing
[0m11:30:54.869367 [debug] [MainThread]: Sending event: {'category': 'dbt', 'action': 'load_project', 'label': 'bd2142ce-af7a-4d4b-9075-48e29c8f7315', 'context': [<snowplow_tracker.self_describing_json.SelfDescribingJson object at 0x7fd5c21c60c0>]}
[0m11:30:54.944633 [debug] [MainThread]: Wrote artifact WritableManifest to ./target/manifest.json
[0m11:30:54.946461 [debug] [MainThread]: Wrote artifact SemanticManifest to ./target/semantic_manifest.json
[0m11:30:54.965064 [debug] [MainThread]: Sending event: {'category': 'dbt', 'action': 'resource_counts', 'label': 'bd2142ce-af7a-4d4b-9075-48e29c8f7315', 'context': [<snowplow_tracker.self_describing_json.SelfDescribingJson object at 0x7fd5bd95cda0>]}
[0m11:30:54.965565 [info ] [MainThread]: Found 5 models, 22 data tests, 485 macros
[0m11:30:54.965884 [debug] [MainThread]: Sending event: {'category': 'dbt', 'action': 'runnable_timing', 'label': 'bd2142ce-af7a-4d4b-9075-48e29c8f7315', 'context': [<snowplow_tracker.self_describing_json.SelfDescribingJson object at 0x7fd5bdd22e10>]}
[0m11:30:54.968554 [info ] [MainThread]: 
[0m11:30:54.968933 [info ] [MainThread]: Concurrency: 4 threads (target='dev')
[0m11:30:54.969209 [info ] [MainThread]: 
[0m11:30:54.969651 [debug] [MainThread]: Acquiring new duckdb connection 'master'
[0m11:30:54.974796 [debug] [ThreadPool]: Acquiring new duckdb connection 'list_energy_warehouse_main_marts'
[0m11:30:54.975305 [debug] [ThreadPool]: Acquiring new duckdb connection 'list_energy_warehouse_main_staging'
[0m11:30:54.996077 [debug] [ThreadPool]: Acquiring new duckdb connection 'list_energy_warehouse_main_metrics'
[0m11:30:55.019875 [debug] [ThreadPool]: Using duckdb connection "list_energy_warehouse_main_marts"
[0m11:30:55.020221 [debug] [ThreadPool]: Using duckdb connection "list_energy_warehouse_main_staging"
[0m11:30:55.021012 [debug] [ThreadPool]: On list_energy_warehouse_main_staging: BEGIN
[0m11:30:55.021262 [debug] [ThreadPool]: Opening a new connection, currently in state init
[0m11:30:55.020508 [debug] [ThreadPool]: Using duckdb connection "list_energy_warehouse_main_metrics"
[0m11:30:55.022500 [debug] [ThreadPool]: On list_energy_warehouse_main_metrics: BEGIN
[0m11:30:55.022812 [debug] [ThreadPool]: Opening a new connection, currently in state init
[0m11:30:55.020780 [debug] [ThreadPool]: On list_energy_warehouse_main_marts: BEGIN
[0m11:30:55.023046 [debug] [ThreadPool]: Opening a new connection, currently in state init
[0m11:30:55.037401 [debug] [ThreadPool]: SQL status: OK in 0.015 seconds
[0m11:30:55.037736 [debug] [ThreadPool]: Using duckdb connection "list_energy_warehouse_main_metrics"
[0m11:30:55.037983 [debug] [ThreadPool]: On list_energy_warehouse_main_metrics: /* {"app": "dbt", "dbt_version": "1.11.11", "profile_name": "energy_dw", "target_name": "dev", "connection_name": "list_energy_warehouse_main_metrics"} */
select
      'energy_warehouse' as database,
      table_name as name,
      table_schema as schema,
      CASE table_type
        WHEN 'BASE TABLE' THEN 'table'
        WHEN 'VIEW' THEN 'view'
        WHEN 'LOCAL TEMPORARY' THEN 'table'
        END as type
    from system.information_schema.tables
    where lower(table_schema) = 'main_metrics'
    and lower(table_catalog) = 'energy_warehouse'
  
[0m11:30:55.040029 [debug] [ThreadPool]: SQL status: OK in 0.017 seconds
[0m11:30:55.040415 [debug] [ThreadPool]: Using duckdb connection "list_energy_warehouse_main_marts"
[0m11:30:55.040751 [debug] [ThreadPool]: On list_energy_warehouse_main_marts: /* {"app": "dbt", "dbt_version": "1.11.11", "profile_name": "energy_dw", "target_name": "dev", "connection_name": "list_energy_warehouse_main_marts"} */
select
      'energy_warehouse' as database,
      table_name as name,
      table_schema as schema,
      CASE table_type
        WHEN 'BASE TABLE' THEN 'table'
        WHEN 'VIEW' THEN 'view'
        WHEN 'LOCAL TEMPORARY' THEN 'table'
        END as type
    from system.information_schema.tables
    where lower(table_schema) = 'main_marts'
    and lower(table_catalog) = 'energy_warehouse'
  
[0m11:30:55.043910 [debug] [ThreadPool]: SQL status: OK in 0.023 seconds
[0m11:30:55.044267 [debug] [ThreadPool]: Using duckdb connection "list_energy_warehouse_main_staging"
[0m11:30:55.044531 [debug] [ThreadPool]: On list_energy_warehouse_main_staging: /* {"app": "dbt", "dbt_version": "1.11.11", "profile_name": "energy_dw", "target_name": "dev", "connection_name": "list_energy_warehouse_main_staging"} */
select
      'energy_warehouse' as database,
      table_name as name,
      table_schema as schema,
      CASE table_type
        WHEN 'BASE TABLE' THEN 'table'
        WHEN 'VIEW' THEN 'view'
        WHEN 'LOCAL TEMPORARY' THEN 'table'
        END as type
    from system.information_schema.tables
    where lower(table_schema) = 'main_staging'
    and lower(table_catalog) = 'energy_warehouse'
  
[0m11:30:55.046477 [debug] [ThreadPool]: SQL status: OK in 0.002 seconds
[0m11:30:55.048982 [debug] [ThreadPool]: On list_energy_warehouse_main_staging: ROLLBACK
[0m11:30:55.050058 [debug] [ThreadPool]: Failed to rollback 'list_energy_warehouse_main_staging'
[0m11:30:55.050393 [debug] [ThreadPool]: On list_energy_warehouse_main_staging: Close
[0m11:30:55.047499 [debug] [ThreadPool]: SQL status: OK in 0.009 seconds
[0m11:30:55.052239 [debug] [ThreadPool]: On list_energy_warehouse_main_metrics: ROLLBACK
[0m11:30:55.053178 [debug] [ThreadPool]: Failed to rollback 'list_energy_warehouse_main_metrics'
[0m11:30:55.054004 [debug] [ThreadPool]: SQL status: OK in 0.013 seconds
[0m11:30:55.055467 [debug] [ThreadPool]: On list_energy_warehouse_main_marts: ROLLBACK
[0m11:30:55.056258 [debug] [ThreadPool]: Failed to rollback 'list_energy_warehouse_main_marts'
[0m11:30:55.056507 [debug] [ThreadPool]: On list_energy_warehouse_main_marts: Close
[0m11:30:55.054320 [debug] [ThreadPool]: On list_energy_warehouse_main_metrics: Close
[0m11:30:55.057823 [debug] [MainThread]: Sending event: {'category': 'dbt', 'action': 'runnable_timing', 'label': 'bd2142ce-af7a-4d4b-9075-48e29c8f7315', 'context': [<snowplow_tracker.self_describing_json.SelfDescribingJson object at 0x7fd5c5289b80>]}
[0m11:30:55.058286 [debug] [MainThread]: Using duckdb connection "master"
[0m11:30:55.058527 [debug] [MainThread]: On master: BEGIN
[0m11:30:55.058719 [debug] [MainThread]: Opening a new connection, currently in state init
[0m11:30:55.059418 [debug] [MainThread]: SQL status: OK in 0.001 seconds
[0m11:30:55.059741 [debug] [MainThread]: On master: COMMIT
[0m11:30:55.059981 [debug] [MainThread]: Using duckdb connection "master"
[0m11:30:55.060203 [debug] [MainThread]: On master: COMMIT
[0m11:30:55.060580 [debug] [MainThread]: SQL status: OK in 0.000 seconds
[0m11:30:55.060794 [debug] [MainThread]: On master: Close
[0m11:30:55.062792 [debug] [Thread-1 (]: Began running node test.energy_dw.accepted_values_stg_buildings_building_type__RESIDENTIAL_HIGH_RISE__COMMERCIAL_OFFICE__RETAIL__INDUSTRIAL__MIXED_USE__GOVERNMENT.4898e69a47
[0m11:30:55.063728 [debug] [Thread-2 (]: Began running node test.energy_dw.accepted_values_stg_buildings_zone__MANHATTAN__BROOKLYN__QUEENS__BRONX__STATEN_ISLAND.9459366323
[0m11:30:55.063258 [info ] [Thread-1 (]: 1 of 22 START test accepted_values_stg_buildings_building_type__RESIDENTIAL_HIGH_RISE__COMMERCIAL_OFFICE__RETAIL__INDUSTRIAL__MIXED_USE__GOVERNMENT  [RUN]
[0m11:30:55.130426 [debug] [Thread-1 (]: Re-using an available connection from the pool (formerly list_energy_warehouse_main_metrics, now test.energy_dw.accepted_values_stg_buildings_building_type__RESIDENTIAL_HIGH_RISE__COMMERCIAL_OFFICE__RETAIL__INDUSTRIAL__MIXED_USE__GOVERNMENT.4898e69a47)
[0m11:30:55.130818 [debug] [Thread-1 (]: Began compiling node test.energy_dw.accepted_values_stg_buildings_building_type__RESIDENTIAL_HIGH_RISE__COMMERCIAL_OFFICE__RETAIL__INDUSTRIAL__MIXED_USE__GOVERNMENT.4898e69a47
[0m11:30:55.136949 [debug] [Thread-4 (]: Began running node test.energy_dw.not_null_dim_buildings_building_id.b2f1e514f3
[0m11:30:55.137726 [debug] [Thread-3 (]: Began running node test.energy_dw.accepted_values_stg_energy_readings_data_quality_flag__VALID__ESTIMATED.0a80c8ca2b
[0m11:30:55.064047 [info ] [Thread-2 (]: 2 of 22 START test accepted_values_stg_buildings_zone__MANHATTAN__BROOKLYN__QUEENS__BRONX__STATEN_ISLAND  [RUN]
[0m11:30:55.138638 [debug] [Thread-2 (]: Re-using an available connection from the pool (formerly list_energy_warehouse_main_marts, now test.energy_dw.accepted_values_stg_buildings_zone__MANHATTAN__BROOKLYN__QUEENS__BRONX__STATEN_ISLAND.9459366323)
[0m11:30:55.139033 [debug] [Thread-2 (]: Began compiling node test.energy_dw.accepted_values_stg_buildings_zone__MANHATTAN__BROOKLYN__QUEENS__BRONX__STATEN_ISLAND.9459366323
[0m11:30:55.137452 [info ] [Thread-4 (]: 4 of 22 START test not_null_dim_buildings_building_id .......................... [RUN]
[0m11:30:55.151428 [debug] [Thread-4 (]: Acquiring new duckdb connection 'test.energy_dw.not_null_dim_buildings_building_id.b2f1e514f3'
[0m11:30:55.151794 [debug] [Thread-4 (]: Began compiling node test.energy_dw.not_null_dim_buildings_building_id.b2f1e514f3
[0m11:30:55.138083 [info ] [Thread-3 (]: 3 of 22 START test accepted_values_stg_energy_readings_data_quality_flag__VALID__ESTIMATED  [RUN]
[0m11:30:55.173362 [debug] [Thread-3 (]: Re-using an available connection from the pool (formerly list_energy_warehouse_main_staging, now test.energy_dw.accepted_values_stg_energy_readings_data_quality_flag__VALID__ESTIMATED.0a80c8ca2b)
[0m11:30:55.173769 [debug] [Thread-3 (]: Began compiling node test.energy_dw.accepted_values_stg_energy_readings_data_quality_flag__VALID__ESTIMATED.0a80c8ca2b
[0m11:30:55.165080 [debug] [Thread-1 (]: Writing injected SQL for node "test.energy_dw.accepted_values_stg_buildings_building_type__RESIDENTIAL_HIGH_RISE__COMMERCIAL_OFFICE__RETAIL__INDUSTRIAL__MIXED_USE__GOVERNMENT.4898e69a47"
[0m11:30:55.179357 [debug] [Thread-1 (]: Began executing node test.energy_dw.accepted_values_stg_buildings_building_type__RESIDENTIAL_HIGH_RISE__COMMERCIAL_OFFICE__RETAIL__INDUSTRIAL__MIXED_USE__GOVERNMENT.4898e69a47
[0m11:30:55.178695 [debug] [Thread-3 (]: Writing injected SQL for node "test.energy_dw.accepted_values_stg_energy_readings_data_quality_flag__VALID__ESTIMATED.0a80c8ca2b"
[0m11:30:55.188337 [debug] [Thread-3 (]: Began executing node test.energy_dw.accepted_values_stg_energy_readings_data_quality_flag__VALID__ESTIMATED.0a80c8ca2b
[0m11:30:55.187817 [debug] [Thread-4 (]: Writing injected SQL for node "test.energy_dw.not_null_dim_buildings_building_id.b2f1e514f3"
[0m11:30:55.205217 [debug] [Thread-4 (]: Began executing node test.energy_dw.not_null_dim_buildings_building_id.b2f1e514f3
[0m11:30:55.189490 [debug] [Thread-2 (]: Writing injected SQL for node "test.energy_dw.accepted_values_stg_buildings_zone__MANHATTAN__BROOKLYN__QUEENS__BRONX__STATEN_ISLAND.9459366323"
[0m11:30:55.209387 [debug] [Thread-2 (]: Began executing node test.energy_dw.accepted_values_stg_buildings_zone__MANHATTAN__BROOKLYN__QUEENS__BRONX__STATEN_ISLAND.9459366323
[0m11:30:55.212583 [debug] [Thread-2 (]: Writing runtime sql for node "test.energy_dw.accepted_values_stg_buildings_zone__MANHATTAN__BROOKLYN__QUEENS__BRONX__STATEN_ISLAND.9459366323"
[0m11:30:55.219258 [debug] [Thread-2 (]: Using duckdb connection "test.energy_dw.accepted_values_stg_buildings_zone__MANHATTAN__BROOKLYN__QUEENS__BRONX__STATEN_ISLAND.9459366323"
[0m11:30:55.218657 [debug] [Thread-1 (]: Writing runtime sql for node "test.energy_dw.accepted_values_stg_buildings_building_type__RESIDENTIAL_HIGH_RISE__COMMERCIAL_OFFICE__RETAIL__INDUSTRIAL__MIXED_USE__GOVERNMENT.4898e69a47"
[0m11:30:55.220052 [debug] [Thread-1 (]: Using duckdb connection "test.energy_dw.accepted_values_stg_buildings_building_type__RESIDENTIAL_HIGH_RISE__COMMERCIAL_OFFICE__RETAIL__INDUSTRIAL__MIXED_USE__GOVERNMENT.4898e69a47"
[0m11:30:55.220377 [debug] [Thread-1 (]: On test.energy_dw.accepted_values_stg_buildings_building_type__RESIDENTIAL_HIGH_RISE__COMMERCIAL_OFFICE__RETAIL__INDUSTRIAL__MIXED_USE__GOVERNMENT.4898e69a47: BEGIN
[0m11:30:55.220627 [debug] [Thread-1 (]: Opening a new connection, currently in state closed
[0m11:30:55.208771 [debug] [Thread-4 (]: Writing runtime sql for node "test.energy_dw.not_null_dim_buildings_building_id.b2f1e514f3"
[0m11:30:55.222037 [debug] [Thread-4 (]: Using duckdb connection "test.energy_dw.not_null_dim_buildings_building_id.b2f1e514f3"
[0m11:30:55.222343 [debug] [Thread-4 (]: On test.energy_dw.not_null_dim_buildings_building_id.b2f1e514f3: BEGIN
[0m11:30:55.222572 [debug] [Thread-4 (]: Opening a new connection, currently in state init
[0m11:30:55.223204 [debug] [Thread-4 (]: SQL status: OK in 0.001 seconds
[0m11:30:55.219583 [debug] [Thread-2 (]: On test.energy_dw.accepted_values_stg_buildings_zone__MANHATTAN__BROOKLYN__QUEENS__BRONX__STATEN_ISLAND.9459366323: BEGIN
[0m11:30:55.223841 [debug] [Thread-2 (]: Opening a new connection, currently in state closed
[0m11:30:55.224447 [debug] [Thread-2 (]: SQL status: OK in 0.001 seconds
[0m11:30:55.224786 [debug] [Thread-2 (]: Using duckdb connection "test.energy_dw.accepted_values_stg_buildings_zone__MANHATTAN__BROOKLYN__QUEENS__BRONX__STATEN_ISLAND.9459366323"
[0m11:30:55.225061 [debug] [Thread-2 (]: On test.energy_dw.accepted_values_stg_buildings_zone__MANHATTAN__BROOKLYN__QUEENS__BRONX__STATEN_ISLAND.9459366323: /* {"app": "dbt", "dbt_version": "1.11.11", "profile_name": "energy_dw", "target_name": "dev", "node_id": "test.energy_dw.accepted_values_stg_buildings_zone__MANHATTAN__BROOKLYN__QUEENS__BRONX__STATEN_ISLAND.9459366323"} */

    
    select
      count(*) as failures,
      count(*) != 0 as should_warn,
      count(*) != 0 as should_error
    from (
      
    
  
    
    

with all_values as (

    select
        zone as value_field,
        count(*) as n_records

    from "energy_warehouse"."main_staging"."stg_buildings"
    group by zone

)

select *
from all_values
where value_field not in (
    'MANHATTAN','BROOKLYN','QUEENS','BRONX','STATEN ISLAND'
)



  
  
      
    ) dbt_internal_test
[0m11:30:55.221530 [debug] [Thread-1 (]: SQL status: OK in 0.001 seconds
[0m11:30:55.228207 [debug] [Thread-1 (]: Using duckdb connection "test.energy_dw.accepted_values_stg_buildings_building_type__RESIDENTIAL_HIGH_RISE__COMMERCIAL_OFFICE__RETAIL__INDUSTRIAL__MIXED_USE__GOVERNMENT.4898e69a47"
[0m11:30:55.228528 [debug] [Thread-1 (]: On test.energy_dw.accepted_values_stg_buildings_building_type__RESIDENTIAL_HIGH_RISE__COMMERCIAL_OFFICE__RETAIL__INDUSTRIAL__MIXED_USE__GOVERNMENT.4898e69a47: /* {"app": "dbt", "dbt_version": "1.11.11", "profile_name": "energy_dw", "target_name": "dev", "node_id": "test.energy_dw.accepted_values_stg_buildings_building_type__RESIDENTIAL_HIGH_RISE__COMMERCIAL_OFFICE__RETAIL__INDUSTRIAL__MIXED_USE__GOVERNMENT.4898e69a47"} */

    
    select
      count(*) as failures,
      count(*) != 0 as should_warn,
      count(*) != 0 as should_error
    from (
      
    
  
    
    

with all_values as (

    select
        building_type as value_field,
        count(*) as n_records

    from "energy_warehouse"."main_staging"."stg_buildings"
    group by building_type

)

select *
from all_values
where value_field not in (
    'RESIDENTIAL HIGH-RISE','COMMERCIAL OFFICE','RETAIL','INDUSTRIAL','MIXED-USE','GOVERNMENT'
)



  
  
      
    ) dbt_internal_test
[0m11:30:55.230535 [debug] [Thread-1 (]: SQL status: OK in 0.002 seconds
[0m11:30:55.217506 [debug] [Thread-3 (]: Writing runtime sql for node "test.energy_dw.accepted_values_stg_energy_readings_data_quality_flag__VALID__ESTIMATED.0a80c8ca2b"
[0m11:30:55.234166 [debug] [Thread-3 (]: Using duckdb connection "test.energy_dw.accepted_values_stg_energy_readings_data_quality_flag__VALID__ESTIMATED.0a80c8ca2b"
[0m11:30:55.234527 [debug] [Thread-3 (]: On test.energy_dw.accepted_values_stg_energy_readings_data_quality_flag__VALID__ESTIMATED.0a80c8ca2b: BEGIN
[0m11:30:55.234827 [debug] [Thread-3 (]: Opening a new connection, currently in state closed
[0m11:30:55.223517 [debug] [Thread-4 (]: Using duckdb connection "test.energy_dw.not_null_dim_buildings_building_id.b2f1e514f3"
[0m11:30:55.235876 [debug] [Thread-4 (]: On test.energy_dw.not_null_dim_buildings_building_id.b2f1e514f3: /* {"app": "dbt", "dbt_version": "1.11.11", "profile_name": "energy_dw", "target_name": "dev", "node_id": "test.energy_dw.not_null_dim_buildings_building_id.b2f1e514f3"} */

    
    select
      count(*) as failures,
      count(*) != 0 as should_warn,
      count(*) != 0 as should_error
    from (
      
    
  
    
    



select building_id
from "energy_warehouse"."main_marts"."dim_buildings"
where building_id is null



  
  
      
    ) dbt_internal_test
[0m11:30:55.227751 [debug] [Thread-2 (]: SQL status: OK in 0.002 seconds
[0m11:30:55.236862 [debug] [Thread-4 (]: SQL status: OK in 0.001 seconds
[0m11:30:55.241074 [debug] [Thread-4 (]: On test.energy_dw.not_null_dim_buildings_building_id.b2f1e514f3: ROLLBACK
[0m11:30:55.239689 [debug] [Thread-2 (]: On test.energy_dw.accepted_values_stg_buildings_zone__MANHATTAN__BROOKLYN__QUEENS__BRONX__STATEN_ISLAND.9459366323: ROLLBACK
[0m11:30:55.242720 [debug] [Thread-2 (]: Failed to rollback 'test.energy_dw.accepted_values_stg_buildings_zone__MANHATTAN__BROOKLYN__QUEENS__BRONX__STATEN_ISLAND.9459366323'
[0m11:30:55.235454 [debug] [Thread-3 (]: SQL status: OK in 0.001 seconds
[0m11:30:55.243318 [debug] [Thread-3 (]: Using duckdb connection "test.energy_dw.accepted_values_stg_energy_readings_data_quality_flag__VALID__ESTIMATED.0a80c8ca2b"
[0m11:30:55.243581 [debug] [Thread-3 (]: On test.energy_dw.accepted_values_stg_energy_readings_data_quality_flag__VALID__ESTIMATED.0a80c8ca2b: /* {"app": "dbt", "dbt_version": "1.11.11", "profile_name": "energy_dw", "target_name": "dev", "node_id": "test.energy_dw.accepted_values_stg_energy_readings_data_quality_flag__VALID__ESTIMATED.0a80c8ca2b"} */

    
    select
      count(*) as failures,
      count(*) != 0 as should_warn,
      count(*) != 0 as should_error
    from (
      
    
  
    
    

with all_values as (

    select
        data_quality_flag as value_field,
        count(*) as n_records

    from "energy_warehouse"."main_staging"."stg_energy_readings"
    group by data_quality_flag

)

select *
from all_values
where value_field not in (
    'VALID','ESTIMATED'
)



  
  
      
    ) dbt_internal_test
[0m11:30:55.247194 [debug] [Thread-3 (]: SQL status: OK in 0.003 seconds
[0m11:30:55.241961 [debug] [Thread-4 (]: Failed to rollback 'test.energy_dw.not_null_dim_buildings_building_id.b2f1e514f3'
[0m11:30:55.248998 [debug] [Thread-4 (]: On test.energy_dw.not_null_dim_buildings_building_id.b2f1e514f3: Close
[0m11:30:55.243016 [debug] [Thread-2 (]: On test.energy_dw.accepted_values_stg_buildings_zone__MANHATTAN__BROOKLYN__QUEENS__BRONX__STATEN_ISLAND.9459366323: Close
[0m11:30:55.251426 [debug] [Thread-1 (]: On test.energy_dw.accepted_values_stg_buildings_building_type__RESIDENTIAL_HIGH_RISE__COMMERCIAL_OFFICE__RETAIL__INDUSTRIAL__MIXED_USE__GOVERNMENT.4898e69a47: ROLLBACK
[0m11:30:55.252279 [debug] [Thread-1 (]: Failed to rollback 'test.energy_dw.accepted_values_stg_buildings_building_type__RESIDENTIAL_HIGH_RISE__COMMERCIAL_OFFICE__RETAIL__INDUSTRIAL__MIXED_USE__GOVERNMENT.4898e69a47'
[0m11:30:55.252571 [debug] [Thread-1 (]: On test.energy_dw.accepted_values_stg_buildings_building_type__RESIDENTIAL_HIGH_RISE__COMMERCIAL_OFFICE__RETAIL__INDUSTRIAL__MIXED_USE__GOVERNMENT.4898e69a47: Close
[0m11:30:55.249607 [info ] [Thread-4 (]: 4 of 22 PASS not_null_dim_buildings_building_id ................................ [[32mPASS[0m in 0.10s]
[0m11:30:55.253595 [debug] [Thread-4 (]: Finished running node test.energy_dw.not_null_dim_buildings_building_id.b2f1e514f3
[0m11:30:55.253908 [debug] [Thread-4 (]: Began running node test.energy_dw.not_null_dim_buildings_building_sk.7101291f1e
[0m11:30:55.250057 [info ] [Thread-2 (]: 2 of 22 PASS accepted_values_stg_buildings_zone__MANHATTAN__BROOKLYN__QUEENS__BRONX__STATEN_ISLAND  [[32mPASS[0m in 0.11s]
[0m11:30:55.254673 [debug] [Thread-2 (]: Finished running node test.energy_dw.accepted_values_stg_buildings_zone__MANHATTAN__BROOKLYN__QUEENS__BRONX__STATEN_ISLAND.9459366323
[0m11:30:55.254985 [debug] [Thread-2 (]: Began running node test.energy_dw.not_null_dim_buildings_rls_authority_tag.2f73ff1229
[0m11:30:55.255328 [info ] [Thread-2 (]: 6 of 22 START test not_null_dim_buildings_rls_authority_tag .................... [RUN]
[0m11:30:55.255783 [debug] [Thread-2 (]: Re-using an available connection from the pool (formerly test.energy_dw.accepted_values_stg_buildings_zone__MANHATTAN__BROOKLYN__QUEENS__BRONX__STATEN_ISLAND.9459366323, now test.energy_dw.not_null_dim_buildings_rls_authority_tag.2f73ff1229)
[0m11:30:55.256099 [debug] [Thread-2 (]: Began compiling node test.energy_dw.not_null_dim_buildings_rls_authority_tag.2f73ff1229
[0m11:30:55.248669 [debug] [Thread-3 (]: On test.energy_dw.accepted_values_stg_energy_readings_data_quality_flag__VALID__ESTIMATED.0a80c8ca2b: ROLLBACK
[0m11:30:55.261336 [debug] [Thread-3 (]: Failed to rollback 'test.energy_dw.accepted_values_stg_energy_readings_data_quality_flag__VALID__ESTIMATED.0a80c8ca2b'
[0m11:30:55.253085 [info ] [Thread-1 (]: 1 of 22 PASS accepted_values_stg_buildings_building_type__RESIDENTIAL_HIGH_RISE__COMMERCIAL_OFFICE__RETAIL__INDUSTRIAL__MIXED_USE__GOVERNMENT  [[32mPASS[0m in 0.12s]
[0m11:30:55.262058 [debug] [Thread-1 (]: Finished running node test.energy_dw.accepted_values_stg_buildings_building_type__RESIDENTIAL_HIGH_RISE__COMMERCIAL_OFFICE__RETAIL__INDUSTRIAL__MIXED_USE__GOVERNMENT.4898e69a47
[0m11:30:55.262426 [debug] [Thread-1 (]: Began running node test.energy_dw.not_null_fact_energy_consumption_building_id.40976ae422
[0m11:30:55.261645 [debug] [Thread-3 (]: On test.energy_dw.accepted_values_stg_energy_readings_data_quality_flag__VALID__ESTIMATED.0a80c8ca2b: Close
[0m11:30:55.254269 [info ] [Thread-4 (]: 5 of 22 START test not_null_dim_buildings_building_sk .......................... [RUN]
[0m11:30:55.263562 [debug] [Thread-4 (]: Re-using an available connection from the pool (formerly test.energy_dw.not_null_dim_buildings_building_id.b2f1e514f3, now test.energy_dw.not_null_dim_buildings_building_sk.7101291f1e)
[0m11:30:55.263898 [debug] [Thread-4 (]: Began compiling node test.energy_dw.not_null_dim_buildings_building_sk.7101291f1e
[0m11:30:55.260236 [debug] [Thread-2 (]: Writing injected SQL for node "test.energy_dw.not_null_dim_buildings_rls_authority_tag.2f73ff1229"
[0m11:30:55.262685 [info ] [Thread-1 (]: 7 of 22 START test not_null_fact_energy_consumption_building_id ................ [RUN]
[0m11:30:55.268701 [debug] [Thread-1 (]: Re-using an available connection from the pool (formerly test.energy_dw.accepted_values_stg_buildings_building_type__RESIDENTIAL_HIGH_RISE__COMMERCIAL_OFFICE__RETAIL__INDUSTRIAL__MIXED_USE__GOVERNMENT.4898e69a47, now test.energy_dw.not_null_fact_energy_consumption_building_id.40976ae422)
[0m11:30:55.268987 [debug] [Thread-1 (]: Began compiling node test.energy_dw.not_null_fact_energy_consumption_building_id.40976ae422
[0m11:30:55.263202 [info ] [Thread-3 (]: 3 of 22 PASS accepted_values_stg_energy_readings_data_quality_flag__VALID__ESTIMATED  [[32mPASS[0m in 0.09s]
[0m11:30:55.273006 [debug] [Thread-3 (]: Finished running node test.energy_dw.accepted_values_stg_energy_readings_data_quality_flag__VALID__ESTIMATED.0a80c8ca2b
[0m11:30:55.273371 [debug] [Thread-3 (]: Began running node test.energy_dw.not_null_fact_energy_consumption_date_id.b158cd1981
[0m11:30:55.268295 [debug] [Thread-2 (]: Began executing node test.energy_dw.not_null_dim_buildings_rls_authority_tag.2f73ff1229
[0m11:30:55.267585 [debug] [Thread-4 (]: Writing injected SQL for node "test.energy_dw.not_null_dim_buildings_building_sk.7101291f1e"
[0m11:30:55.276095 [debug] [Thread-4 (]: Began executing node test.energy_dw.not_null_dim_buildings_building_sk.7101291f1e
[0m11:30:55.278009 [debug] [Thread-4 (]: Writing runtime sql for node "test.energy_dw.not_null_dim_buildings_building_sk.7101291f1e"
[0m11:30:55.275555 [debug] [Thread-2 (]: Writing runtime sql for node "test.energy_dw.not_null_dim_buildings_rls_authority_tag.2f73ff1229"
[0m11:30:55.279039 [debug] [Thread-2 (]: Using duckdb connection "test.energy_dw.not_null_dim_buildings_rls_authority_tag.2f73ff1229"
[0m11:30:55.279356 [debug] [Thread-2 (]: On test.energy_dw.not_null_dim_buildings_rls_authority_tag.2f73ff1229: BEGIN
[0m11:30:55.273632 [info ] [Thread-3 (]: 8 of 22 START test not_null_fact_energy_consumption_date_id .................... [RUN]
[0m11:30:55.279949 [debug] [Thread-3 (]: Re-using an available connection from the pool (formerly test.energy_dw.accepted_values_stg_energy_readings_data_quality_flag__VALID__ESTIMATED.0a80c8ca2b, now test.energy_dw.not_null_fact_energy_consumption_date_id.b158cd1981)
[0m11:30:55.280380 [debug] [Thread-3 (]: Began compiling node test.energy_dw.not_null_fact_energy_consumption_date_id.b158cd1981
[0m11:30:55.272495 [debug] [Thread-1 (]: Writing injected SQL for node "test.energy_dw.not_null_fact_energy_consumption_building_id.40976ae422"
[0m11:30:55.284142 [debug] [Thread-1 (]: Began executing node test.energy_dw.not_null_fact_energy_consumption_building_id.40976ae422
[0m11:30:55.279600 [debug] [Thread-2 (]: Opening a new connection, currently in state closed
[0m11:30:55.286730 [debug] [Thread-2 (]: SQL status: OK in 0.007 seconds
[0m11:30:55.287030 [debug] [Thread-2 (]: Using duckdb connection "test.energy_dw.not_null_dim_buildings_rls_authority_tag.2f73ff1229"
[0m11:30:55.287349 [debug] [Thread-2 (]: On test.energy_dw.not_null_dim_buildings_rls_authority_tag.2f73ff1229: /* {"app": "dbt", "dbt_version": "1.11.11", "profile_name": "energy_dw", "target_name": "dev", "node_id": "test.energy_dw.not_null_dim_buildings_rls_authority_tag.2f73ff1229"} */

    
    select
      count(*) as failures,
      count(*) != 0 as should_warn,
      count(*) != 0 as should_error
    from (
      
    
  
    
    



select rls_authority_tag
from "energy_warehouse"."main_marts"."dim_buildings"
where rls_authority_tag is null



  
  
      
    ) dbt_internal_test
[0m11:30:55.278514 [debug] [Thread-4 (]: Using duckdb connection "test.energy_dw.not_null_dim_buildings_building_sk.7101291f1e"
[0m11:30:55.287828 [debug] [Thread-4 (]: On test.energy_dw.not_null_dim_buildings_building_sk.7101291f1e: BEGIN
[0m11:30:55.288095 [debug] [Thread-4 (]: Opening a new connection, currently in state closed
[0m11:30:55.288639 [debug] [Thread-4 (]: SQL status: OK in 0.001 seconds
[0m11:30:55.288894 [debug] [Thread-4 (]: Using duckdb connection "test.energy_dw.not_null_dim_buildings_building_sk.7101291f1e"
[0m11:30:55.289177 [debug] [Thread-4 (]: On test.energy_dw.not_null_dim_buildings_building_sk.7101291f1e: /* {"app": "dbt", "dbt_version": "1.11.11", "profile_name": "energy_dw", "target_name": "dev", "node_id": "test.energy_dw.not_null_dim_buildings_building_sk.7101291f1e"} */

    
    select
      count(*) as failures,
      count(*) != 0 as should_warn,
      count(*) != 0 as should_error
    from (
      
    
  
    
    



select building_sk
from "energy_warehouse"."main_marts"."dim_buildings"
where building_sk is null



  
  
      
    ) dbt_internal_test
[0m11:30:55.290292 [debug] [Thread-4 (]: SQL status: OK in 0.001 seconds
[0m11:30:55.286003 [debug] [Thread-1 (]: Writing runtime sql for node "test.energy_dw.not_null_fact_energy_consumption_building_id.40976ae422"
[0m11:30:55.293950 [debug] [Thread-1 (]: Using duckdb connection "test.energy_dw.not_null_fact_energy_consumption_building_id.40976ae422"
[0m11:30:55.294364 [debug] [Thread-1 (]: On test.energy_dw.not_null_fact_energy_consumption_building_id.40976ae422: BEGIN
[0m11:30:55.294681 [debug] [Thread-1 (]: Opening a new connection, currently in state closed
[0m11:30:55.295357 [debug] [Thread-1 (]: SQL status: OK in 0.001 seconds
[0m11:30:55.283663 [debug] [Thread-3 (]: Writing injected SQL for node "test.energy_dw.not_null_fact_energy_consumption_date_id.b158cd1981"
[0m11:30:55.296302 [debug] [Thread-3 (]: Began executing node test.energy_dw.not_null_fact_energy_consumption_date_id.b158cd1981
[0m11:30:55.293362 [debug] [Thread-2 (]: SQL status: OK in 0.006 seconds
[0m11:30:55.300717 [debug] [Thread-2 (]: On test.energy_dw.not_null_dim_buildings_rls_authority_tag.2f73ff1229: ROLLBACK
[0m11:30:55.292255 [debug] [Thread-4 (]: On test.energy_dw.not_null_dim_buildings_building_sk.7101291f1e: ROLLBACK
[0m11:30:55.301632 [debug] [Thread-4 (]: Failed to rollback 'test.energy_dw.not_null_dim_buildings_building_sk.7101291f1e'
[0m11:30:55.295786 [debug] [Thread-1 (]: Using duckdb connection "test.energy_dw.not_null_fact_energy_consumption_building_id.40976ae422"
[0m11:30:55.302257 [debug] [Thread-1 (]: On test.energy_dw.not_null_fact_energy_consumption_building_id.40976ae422: /* {"app": "dbt", "dbt_version": "1.11.11", "profile_name": "energy_dw", "target_name": "dev", "node_id": "test.energy_dw.not_null_fact_energy_consumption_building_id.40976ae422"} */

    
    select
      count(*) as failures,
      count(*) != 0 as should_warn,
      count(*) != 0 as should_error
    from (
      
    
  
    
    



select building_id
from "energy_warehouse"."main_marts"."fact_energy_consumption"
where building_id is null



  
  
      
    ) dbt_internal_test
[0m11:30:55.301935 [debug] [Thread-4 (]: On test.energy_dw.not_null_dim_buildings_building_sk.7101291f1e: Close
[0m11:30:55.298871 [debug] [Thread-3 (]: Writing runtime sql for node "test.energy_dw.not_null_fact_energy_consumption_date_id.b158cd1981"
[0m11:30:55.304448 [debug] [Thread-3 (]: Using duckdb connection "test.energy_dw.not_null_fact_energy_consumption_date_id.b158cd1981"
[0m11:30:55.304735 [debug] [Thread-3 (]: On test.energy_dw.not_null_fact_energy_consumption_date_id.b158cd1981: BEGIN
[0m11:30:55.304970 [debug] [Thread-3 (]: Opening a new connection, currently in state closed
[0m11:30:55.305526 [debug] [Thread-3 (]: SQL status: OK in 0.001 seconds
[0m11:30:55.305804 [debug] [Thread-3 (]: Using duckdb connection "test.energy_dw.not_null_fact_energy_consumption_date_id.b158cd1981"
[0m11:30:55.306039 [debug] [Thread-3 (]: On test.energy_dw.not_null_fact_energy_consumption_date_id.b158cd1981: /* {"app": "dbt", "dbt_version": "1.11.11", "profile_name": "energy_dw", "target_name": "dev", "node_id": "test.energy_dw.not_null_fact_energy_consumption_date_id.b158cd1981"} */

    
    select
      count(*) as failures,
      count(*) != 0 as should_warn,
      count(*) != 0 as should_error
    from (
      
    
  
    
    



select date_id
from "energy_warehouse"."main_marts"."fact_energy_consumption"
where date_id is null



  
  
      
    ) dbt_internal_test
[0m11:30:55.306929 [debug] [Thread-3 (]: SQL status: OK in 0.001 seconds
[0m11:30:55.303942 [debug] [Thread-1 (]: SQL status: OK in 0.001 seconds
[0m11:30:55.309913 [debug] [Thread-1 (]: On test.energy_dw.not_null_fact_energy_consumption_building_id.40976ae422: ROLLBACK
[0m11:30:55.303488 [info ] [Thread-4 (]: 5 of 22 PASS not_null_dim_buildings_building_sk ................................ [[32mPASS[0m in 0.04s]
[0m11:30:55.311335 [debug] [Thread-4 (]: Finished running node test.energy_dw.not_null_dim_buildings_building_sk.7101291f1e
[0m11:30:55.310756 [debug] [Thread-2 (]: Failed to rollback 'test.energy_dw.not_null_dim_buildings_rls_authority_tag.2f73ff1229'
[0m11:30:55.312017 [debug] [Thread-2 (]: On test.energy_dw.not_null_dim_buildings_rls_authority_tag.2f73ff1229: Close
[0m11:30:55.312535 [info ] [Thread-2 (]: 6 of 22 PASS not_null_dim_buildings_rls_authority_tag .......................... [[32mPASS[0m in 0.06s]
[0m11:30:55.312993 [debug] [Thread-2 (]: Finished running node test.energy_dw.not_null_dim_buildings_rls_authority_tag.2f73ff1229
[0m11:30:55.313351 [debug] [Thread-2 (]: Began running node test.energy_dw.not_null_fact_energy_consumption_reading_id.e1dfb8f7e0
[0m11:30:55.314358 [debug] [Thread-1 (]: Failed to rollback 'test.energy_dw.not_null_fact_energy_consumption_building_id.40976ae422'
[0m11:30:55.314654 [debug] [Thread-1 (]: On test.energy_dw.not_null_fact_energy_consumption_building_id.40976ae422: Close
[0m11:30:55.311706 [debug] [Thread-4 (]: Began running node test.energy_dw.not_null_fact_energy_consumption_kwh_consumed.c01de3dc07
[0m11:30:55.313613 [info ] [Thread-2 (]: 10 of 22 START test not_null_fact_energy_consumption_reading_id ................ [RUN]
[0m11:30:55.315791 [debug] [Thread-2 (]: Re-using an available connection from the pool (formerly test.energy_dw.not_null_dim_buildings_rls_authority_tag.2f73ff1229, now test.energy_dw.not_null_fact_energy_consumption_reading_id.e1dfb8f7e0)
[0m11:30:55.316050 [debug] [Thread-2 (]: Began compiling node test.energy_dw.not_null_fact_energy_consumption_reading_id.e1dfb8f7e0
[0m11:30:55.308462 [debug] [Thread-3 (]: On test.energy_dw.not_null_fact_energy_consumption_date_id.b158cd1981: ROLLBACK
[0m11:30:55.320497 [debug] [Thread-3 (]: Failed to rollback 'test.energy_dw.not_null_fact_energy_consumption_date_id.b158cd1981'
[0m11:30:55.320786 [debug] [Thread-3 (]: On test.energy_dw.not_null_fact_energy_consumption_date_id.b158cd1981: Close
[0m11:30:55.315101 [info ] [Thread-1 (]: 7 of 22 PASS not_null_fact_energy_consumption_building_id ...................... [[32mPASS[0m in 0.05s]
[0m11:30:55.321751 [debug] [Thread-1 (]: Finished running node test.energy_dw.not_null_fact_energy_consumption_building_id.40976ae422
[0m11:30:55.322035 [debug] [Thread-1 (]: Began running node test.energy_dw.not_null_metrics_energy_kpis_building_id.003c83281a
[0m11:30:55.322326 [info ] [Thread-1 (]: 11 of 22 START test not_null_metrics_energy_kpis_building_id ................... [RUN]
[0m11:30:55.322693 [debug] [Thread-1 (]: Re-using an available connection from the pool (formerly test.energy_dw.not_null_fact_energy_consumption_building_id.40976ae422, now test.energy_dw.not_null_metrics_energy_kpis_building_id.003c83281a)
[0m11:30:55.322970 [debug] [Thread-1 (]: Began compiling node test.energy_dw.not_null_metrics_energy_kpis_building_id.003c83281a
[0m11:30:55.319536 [debug] [Thread-2 (]: Writing injected SQL for node "test.energy_dw.not_null_fact_energy_consumption_reading_id.e1dfb8f7e0"
[0m11:30:55.327198 [debug] [Thread-2 (]: Began executing node test.energy_dw.not_null_fact_energy_consumption_reading_id.e1dfb8f7e0
[0m11:30:55.321300 [info ] [Thread-3 (]: 8 of 22 PASS not_null_fact_energy_consumption_date_id .......................... [[32mPASS[0m in 0.04s]
[0m11:30:55.331278 [debug] [Thread-3 (]: Finished running node test.energy_dw.not_null_fact_energy_consumption_date_id.b158cd1981
[0m11:30:55.331587 [debug] [Thread-3 (]: Began running node test.energy_dw.not_null_metrics_energy_kpis_total_kwh.7a29b609cf
[0m11:30:55.315431 [info ] [Thread-4 (]: 9 of 22 START test not_null_fact_energy_consumption_kwh_consumed ............... [RUN]
[0m11:30:55.332232 [debug] [Thread-4 (]: Re-using an available connection from the pool (formerly test.energy_dw.not_null_dim_buildings_building_sk.7101291f1e, now test.energy_dw.not_null_fact_energy_consumption_kwh_consumed.c01de3dc07)
[0m11:30:55.326344 [debug] [Thread-1 (]: Writing injected SQL for node "test.energy_dw.not_null_metrics_energy_kpis_building_id.003c83281a"
[0m11:30:55.332889 [debug] [Thread-1 (]: Began executing node test.energy_dw.not_null_metrics_energy_kpis_building_id.003c83281a
[0m11:30:55.334714 [debug] [Thread-1 (]: Writing runtime sql for node "test.energy_dw.not_null_metrics_energy_kpis_building_id.003c83281a"
[0m11:30:55.335212 [debug] [Thread-1 (]: Using duckdb connection "test.energy_dw.not_null_metrics_energy_kpis_building_id.003c83281a"
[0m11:30:55.332498 [debug] [Thread-4 (]: Began compiling node test.energy_dw.not_null_fact_energy_consumption_kwh_consumed.c01de3dc07
[0m11:30:55.330727 [debug] [Thread-2 (]: Writing runtime sql for node "test.energy_dw.not_null_fact_energy_consumption_reading_id.e1dfb8f7e0"
[0m11:30:55.339565 [debug] [Thread-2 (]: Using duckdb connection "test.energy_dw.not_null_fact_energy_consumption_reading_id.e1dfb8f7e0"
[0m11:30:55.339889 [debug] [Thread-2 (]: On test.energy_dw.not_null_fact_energy_consumption_reading_id.e1dfb8f7e0: BEGIN
[0m11:30:55.340160 [debug] [Thread-2 (]: Opening a new connection, currently in state closed
[0m11:30:55.340708 [debug] [Thread-2 (]: SQL status: OK in 0.001 seconds
[0m11:30:55.340978 [debug] [Thread-2 (]: Using duckdb connection "test.energy_dw.not_null_fact_energy_consumption_reading_id.e1dfb8f7e0"
[0m11:30:55.341285 [debug] [Thread-2 (]: On test.energy_dw.not_null_fact_energy_consumption_reading_id.e1dfb8f7e0: /* {"app": "dbt", "dbt_version": "1.11.11", "profile_name": "energy_dw", "target_name": "dev", "node_id": "test.energy_dw.not_null_fact_energy_consumption_reading_id.e1dfb8f7e0"} */

    
    select
      count(*) as failures,
      count(*) != 0 as should_warn,
      count(*) != 0 as should_error
    from (
      
    
  
    
    



select reading_id
from "energy_warehouse"."main_marts"."fact_energy_consumption"
where reading_id is null



  
  
      
    ) dbt_internal_test
[0m11:30:55.342239 [debug] [Thread-2 (]: SQL status: OK in 0.001 seconds
[0m11:30:55.331905 [info ] [Thread-3 (]: 12 of 22 START test not_null_metrics_energy_kpis_total_kwh ..................... [RUN]
[0m11:30:55.344038 [debug] [Thread-3 (]: Re-using an available connection from the pool (formerly test.energy_dw.not_null_fact_energy_consumption_date_id.b158cd1981, now test.energy_dw.not_null_metrics_energy_kpis_total_kwh.7a29b609cf)
[0m11:30:55.344377 [debug] [Thread-3 (]: Began compiling node test.energy_dw.not_null_metrics_energy_kpis_total_kwh.7a29b609cf
[0m11:30:55.335500 [debug] [Thread-1 (]: On test.energy_dw.not_null_metrics_energy_kpis_building_id.003c83281a: BEGIN
[0m11:30:55.348057 [debug] [Thread-1 (]: Opening a new connection, currently in state closed
[0m11:30:55.348619 [debug] [Thread-1 (]: SQL status: OK in 0.001 seconds
[0m11:30:55.348900 [debug] [Thread-1 (]: Using duckdb connection "test.energy_dw.not_null_metrics_energy_kpis_building_id.003c83281a"
[0m11:30:55.349208 [debug] [Thread-1 (]: On test.energy_dw.not_null_metrics_energy_kpis_building_id.003c83281a: /* {"app": "dbt", "dbt_version": "1.11.11", "profile_name": "energy_dw", "target_name": "dev", "node_id": "test.energy_dw.not_null_metrics_energy_kpis_building_id.003c83281a"} */

    
    select
      count(*) as failures,
      count(*) != 0 as should_warn,
      count(*) != 0 as should_error
    from (
      
    
  
    
    



select building_id
from "energy_warehouse"."main_metrics"."metrics_energy_kpis"
where building_id is null



  
  
      
    ) dbt_internal_test
[0m11:30:55.350073 [debug] [Thread-1 (]: SQL status: OK in 0.001 seconds
[0m11:30:55.338981 [debug] [Thread-4 (]: Writing injected SQL for node "test.energy_dw.not_null_fact_energy_consumption_kwh_consumed.c01de3dc07"
[0m11:30:55.352010 [debug] [Thread-4 (]: Began executing node test.energy_dw.not_null_fact_energy_consumption_kwh_consumed.c01de3dc07
[0m11:30:55.353846 [debug] [Thread-4 (]: Writing runtime sql for node "test.energy_dw.not_null_fact_energy_consumption_kwh_consumed.c01de3dc07"
[0m11:30:55.354351 [debug] [Thread-4 (]: Using duckdb connection "test.energy_dw.not_null_fact_energy_consumption_kwh_consumed.c01de3dc07"
[0m11:30:55.354628 [debug] [Thread-4 (]: On test.energy_dw.not_null_fact_energy_consumption_kwh_consumed.c01de3dc07: BEGIN
[0m11:30:55.354864 [debug] [Thread-4 (]: Opening a new connection, currently in state closed
[0m11:30:55.355384 [debug] [Thread-4 (]: SQL status: OK in 0.000 seconds
[0m11:30:55.343646 [debug] [Thread-2 (]: On test.energy_dw.not_null_fact_energy_consumption_reading_id.e1dfb8f7e0: ROLLBACK
[0m11:30:55.356501 [debug] [Thread-2 (]: Failed to rollback 'test.energy_dw.not_null_fact_energy_consumption_reading_id.e1dfb8f7e0'
[0m11:30:55.347703 [debug] [Thread-3 (]: Writing injected SQL for node "test.energy_dw.not_null_metrics_energy_kpis_total_kwh.7a29b609cf"
[0m11:30:55.357202 [debug] [Thread-3 (]: Began executing node test.energy_dw.not_null_metrics_energy_kpis_total_kwh.7a29b609cf
[0m11:30:55.358975 [debug] [Thread-3 (]: Writing runtime sql for node "test.energy_dw.not_null_metrics_energy_kpis_total_kwh.7a29b609cf"
[0m11:30:55.356792 [debug] [Thread-2 (]: On test.energy_dw.not_null_fact_energy_consumption_reading_id.e1dfb8f7e0: Close
[0m11:30:55.360026 [info ] [Thread-2 (]: 10 of 22 PASS not_null_fact_energy_consumption_reading_id ...................... [[32mPASS[0m in 0.04s]
[0m11:30:55.360497 [debug] [Thread-2 (]: Finished running node test.energy_dw.not_null_fact_energy_consumption_reading_id.e1dfb8f7e0
[0m11:30:55.351531 [debug] [Thread-1 (]: On test.energy_dw.not_null_metrics_energy_kpis_building_id.003c83281a: ROLLBACK
[0m11:30:55.361574 [debug] [Thread-1 (]: Failed to rollback 'test.energy_dw.not_null_metrics_energy_kpis_building_id.003c83281a'
[0m11:30:55.359463 [debug] [Thread-3 (]: Using duckdb connection "test.energy_dw.not_null_metrics_energy_kpis_total_kwh.7a29b609cf"
[0m11:30:55.362156 [debug] [Thread-3 (]: On test.energy_dw.not_null_metrics_energy_kpis_total_kwh.7a29b609cf: BEGIN
[0m11:30:55.362409 [debug] [Thread-3 (]: Opening a new connection, currently in state closed
[0m11:30:55.362879 [debug] [Thread-3 (]: SQL status: OK in 0.000 seconds
[0m11:30:55.363167 [debug] [Thread-3 (]: Using duckdb connection "test.energy_dw.not_null_metrics_energy_kpis_total_kwh.7a29b609cf"
[0m11:30:55.363425 [debug] [Thread-3 (]: On test.energy_dw.not_null_metrics_energy_kpis_total_kwh.7a29b609cf: /* {"app": "dbt", "dbt_version": "1.11.11", "profile_name": "energy_dw", "target_name": "dev", "node_id": "test.energy_dw.not_null_metrics_energy_kpis_total_kwh.7a29b609cf"} */

    
    select
      count(*) as failures,
      count(*) != 0 as should_warn,
      count(*) != 0 as should_error
    from (
      
    
  
    
    



select total_kwh
from "energy_warehouse"."main_metrics"."metrics_energy_kpis"
where total_kwh is null



  
  
      
    ) dbt_internal_test
[0m11:30:55.360810 [debug] [Thread-2 (]: Began running node test.energy_dw.not_null_stg_buildings_building_id.f95bb9f0ff
[0m11:30:55.364701 [info ] [Thread-2 (]: 13 of 22 START test not_null_stg_buildings_building_id ......................... [RUN]
[0m11:30:55.365048 [debug] [Thread-2 (]: Re-using an available connection from the pool (formerly test.energy_dw.not_null_fact_energy_consumption_reading_id.e1dfb8f7e0, now test.energy_dw.not_null_stg_buildings_building_id.f95bb9f0ff)
[0m11:30:55.365363 [debug] [Thread-2 (]: Began compiling node test.energy_dw.not_null_stg_buildings_building_id.f95bb9f0ff
[0m11:30:55.361862 [debug] [Thread-1 (]: On test.energy_dw.not_null_metrics_energy_kpis_building_id.003c83281a: Close
[0m11:30:55.369415 [info ] [Thread-1 (]: 11 of 22 PASS not_null_metrics_energy_kpis_building_id ......................... [[32mPASS[0m in 0.05s]
[0m11:30:55.369842 [debug] [Thread-1 (]: Finished running node test.energy_dw.not_null_metrics_energy_kpis_building_id.003c83281a
[0m11:30:55.364333 [debug] [Thread-3 (]: SQL status: OK in 0.001 seconds
[0m11:30:55.355722 [debug] [Thread-4 (]: Using duckdb connection "test.energy_dw.not_null_fact_energy_consumption_kwh_consumed.c01de3dc07"
[0m11:30:55.371935 [debug] [Thread-4 (]: On test.energy_dw.not_null_fact_energy_consumption_kwh_consumed.c01de3dc07: /* {"app": "dbt", "dbt_version": "1.11.11", "profile_name": "energy_dw", "target_name": "dev", "node_id": "test.energy_dw.not_null_fact_energy_consumption_kwh_consumed.c01de3dc07"} */

    
    select
      count(*) as failures,
      count(*) != 0 as should_warn,
      count(*) != 0 as should_error
    from (
      
    
  
    
    



select kwh_consumed
from "energy_warehouse"."main_marts"."fact_energy_consumption"
where kwh_consumed is null



  
  
      
    ) dbt_internal_test
[0m11:30:55.372848 [debug] [Thread-4 (]: SQL status: OK in 0.001 seconds
[0m11:30:55.374199 [debug] [Thread-4 (]: On test.energy_dw.not_null_fact_energy_consumption_kwh_consumed.c01de3dc07: ROLLBACK
[0m11:30:55.374941 [debug] [Thread-4 (]: Failed to rollback 'test.energy_dw.not_null_fact_energy_consumption_kwh_consumed.c01de3dc07'
[0m11:30:55.375237 [debug] [Thread-4 (]: On test.energy_dw.not_null_fact_energy_consumption_kwh_consumed.c01de3dc07: Close
[0m11:30:55.371515 [debug] [Thread-3 (]: On test.energy_dw.not_null_metrics_energy_kpis_total_kwh.7a29b609cf: ROLLBACK
[0m11:30:55.376498 [debug] [Thread-3 (]: Failed to rollback 'test.energy_dw.not_null_metrics_energy_kpis_total_kwh.7a29b609cf'
[0m11:30:55.370185 [debug] [Thread-1 (]: Began running node test.energy_dw.not_null_stg_buildings_building_type.28e6390815
[0m11:30:55.368813 [debug] [Thread-2 (]: Writing injected SQL for node "test.energy_dw.not_null_stg_buildings_building_id.f95bb9f0ff"
[0m11:30:55.377413 [debug] [Thread-2 (]: Began executing node test.energy_dw.not_null_stg_buildings_building_id.f95bb9f0ff
[0m11:30:55.379248 [debug] [Thread-2 (]: Writing runtime sql for node "test.energy_dw.not_null_stg_buildings_building_id.f95bb9f0ff"
[0m11:30:55.376769 [debug] [Thread-3 (]: On test.energy_dw.not_null_metrics_energy_kpis_total_kwh.7a29b609cf: Close
[0m11:30:55.379763 [debug] [Thread-2 (]: Using duckdb connection "test.energy_dw.not_null_stg_buildings_building_id.f95bb9f0ff"
[0m11:30:55.380534 [debug] [Thread-2 (]: On test.energy_dw.not_null_stg_buildings_building_id.f95bb9f0ff: BEGIN
[0m11:30:55.380763 [debug] [Thread-2 (]: Opening a new connection, currently in state closed
[0m11:30:55.381404 [debug] [Thread-2 (]: SQL status: OK in 0.000 seconds
[0m11:30:55.381803 [debug] [Thread-2 (]: Using duckdb connection "test.energy_dw.not_null_stg_buildings_building_id.f95bb9f0ff"
[0m11:30:55.377048 [info ] [Thread-1 (]: 14 of 22 START test not_null_stg_buildings_building_type ....................... [RUN]
[0m11:30:55.380279 [info ] [Thread-3 (]: 12 of 22 PASS not_null_metrics_energy_kpis_total_kwh ........................... [[32mPASS[0m in 0.04s]
[0m11:30:55.382848 [debug] [Thread-3 (]: Finished running node test.energy_dw.not_null_metrics_energy_kpis_total_kwh.7a29b609cf
[0m11:30:55.383164 [debug] [Thread-3 (]: Began running node test.energy_dw.not_null_stg_buildings_total_sqft.8133ddc8b3
[0m11:30:55.375776 [info ] [Thread-4 (]: 9 of 22 PASS not_null_fact_energy_consumption_kwh_consumed ..................... [[32mPASS[0m in 0.04s]
[0m11:30:55.383882 [debug] [Thread-4 (]: Finished running node test.energy_dw.not_null_fact_energy_consumption_kwh_consumed.c01de3dc07
[0m11:30:55.384188 [debug] [Thread-4 (]: Began running node test.energy_dw.not_null_stg_buildings_zone.2adf472375
[0m11:30:55.384619 [debug] [Thread-1 (]: Re-using an available connection from the pool (formerly test.energy_dw.not_null_metrics_energy_kpis_building_id.003c83281a, now test.energy_dw.not_null_stg_buildings_building_type.28e6390815)
[0m11:30:55.384853 [debug] [Thread-1 (]: Began compiling node test.energy_dw.not_null_stg_buildings_building_type.28e6390815
[0m11:30:55.382323 [debug] [Thread-2 (]: On test.energy_dw.not_null_stg_buildings_building_id.f95bb9f0ff: /* {"app": "dbt", "dbt_version": "1.11.11", "profile_name": "energy_dw", "target_name": "dev", "node_id": "test.energy_dw.not_null_stg_buildings_building_id.f95bb9f0ff"} */

    
    select
      count(*) as failures,
      count(*) != 0 as should_warn,
      count(*) != 0 as should_error
    from (
      
    
  
    
    



select building_id
from "energy_warehouse"."main_staging"."stg_buildings"
where building_id is null



  
  
      
    ) dbt_internal_test
[0m11:30:55.390023 [debug] [Thread-2 (]: SQL status: OK in 0.001 seconds
[0m11:30:55.383454 [info ] [Thread-3 (]: 15 of 22 START test not_null_stg_buildings_total_sqft .......................... [RUN]
[0m11:30:55.391911 [debug] [Thread-3 (]: Re-using an available connection from the pool (formerly test.energy_dw.not_null_metrics_energy_kpis_total_kwh.7a29b609cf, now test.energy_dw.not_null_stg_buildings_total_sqft.8133ddc8b3)
[0m11:30:55.392228 [debug] [Thread-3 (]: Began compiling node test.energy_dw.not_null_stg_buildings_total_sqft.8133ddc8b3
[0m11:30:55.388203 [debug] [Thread-1 (]: Writing injected SQL for node "test.energy_dw.not_null_stg_buildings_building_type.28e6390815"
[0m11:30:55.396152 [debug] [Thread-1 (]: Began executing node test.energy_dw.not_null_stg_buildings_building_type.28e6390815
[0m11:30:55.391470 [debug] [Thread-2 (]: On test.energy_dw.not_null_stg_buildings_building_id.f95bb9f0ff: ROLLBACK
[0m11:30:55.384476 [info ] [Thread-4 (]: 16 of 22 START test not_null_stg_buildings_zone ................................ [RUN]
[0m11:30:55.400764 [debug] [Thread-4 (]: Re-using an available connection from the pool (formerly test.energy_dw.not_null_fact_energy_consumption_kwh_consumed.c01de3dc07, now test.energy_dw.not_null_stg_buildings_zone.2adf472375)
[0m11:30:55.401040 [debug] [Thread-4 (]: Began compiling node test.energy_dw.not_null_stg_buildings_zone.2adf472375
[0m11:30:55.400431 [debug] [Thread-2 (]: Failed to rollback 'test.energy_dw.not_null_stg_buildings_building_id.f95bb9f0ff'
[0m11:30:55.404724 [debug] [Thread-2 (]: On test.energy_dw.not_null_stg_buildings_building_id.f95bb9f0ff: Close
[0m11:30:55.395542 [debug] [Thread-3 (]: Writing injected SQL for node "test.energy_dw.not_null_stg_buildings_total_sqft.8133ddc8b3"
[0m11:30:55.405609 [debug] [Thread-3 (]: Began executing node test.energy_dw.not_null_stg_buildings_total_sqft.8133ddc8b3
[0m11:30:55.399544 [debug] [Thread-1 (]: Writing runtime sql for node "test.energy_dw.not_null_stg_buildings_building_type.28e6390815"
[0m11:30:55.408075 [debug] [Thread-1 (]: Using duckdb connection "test.energy_dw.not_null_stg_buildings_building_type.28e6390815"
[0m11:30:55.408402 [debug] [Thread-1 (]: On test.energy_dw.not_null_stg_buildings_building_type.28e6390815: BEGIN
[0m11:30:55.408643 [debug] [Thread-1 (]: Opening a new connection, currently in state closed
[0m11:30:55.409179 [debug] [Thread-1 (]: SQL status: OK in 0.000 seconds
[0m11:30:55.409488 [debug] [Thread-1 (]: Using duckdb connection "test.energy_dw.not_null_stg_buildings_building_type.28e6390815"
[0m11:30:55.409748 [debug] [Thread-1 (]: On test.energy_dw.not_null_stg_buildings_building_type.28e6390815: /* {"app": "dbt", "dbt_version": "1.11.11", "profile_name": "energy_dw", "target_name": "dev", "node_id": "test.energy_dw.not_null_stg_buildings_building_type.28e6390815"} */

    
    select
      count(*) as failures,
      count(*) != 0 as should_warn,
      count(*) != 0 as should_error
    from (
      
    
  
    
    



select building_type
from "energy_warehouse"."main_staging"."stg_buildings"
where building_type is null



  
  
      
    ) dbt_internal_test
[0m11:30:55.407536 [debug] [Thread-3 (]: Writing runtime sql for node "test.energy_dw.not_null_stg_buildings_total_sqft.8133ddc8b3"
[0m11:30:55.404367 [debug] [Thread-4 (]: Writing injected SQL for node "test.energy_dw.not_null_stg_buildings_zone.2adf472375"
[0m11:30:55.412764 [debug] [Thread-4 (]: Began executing node test.energy_dw.not_null_stg_buildings_zone.2adf472375
[0m11:30:55.414577 [debug] [Thread-4 (]: Writing runtime sql for node "test.energy_dw.not_null_stg_buildings_zone.2adf472375"
[0m11:30:55.415020 [debug] [Thread-4 (]: Using duckdb connection "test.energy_dw.not_null_stg_buildings_zone.2adf472375"
[0m11:30:55.415325 [debug] [Thread-4 (]: On test.energy_dw.not_null_stg_buildings_zone.2adf472375: BEGIN
[0m11:30:55.405227 [info ] [Thread-2 (]: 13 of 22 PASS not_null_stg_buildings_building_id ............................... [[32mPASS[0m in 0.04s]
[0m11:30:55.415993 [debug] [Thread-2 (]: Finished running node test.energy_dw.not_null_stg_buildings_building_id.f95bb9f0ff
[0m11:30:55.416378 [debug] [Thread-2 (]: Began running node test.energy_dw.not_null_stg_energy_readings_kwh_consumed.b0a4264c1b
[0m11:30:55.412183 [debug] [Thread-3 (]: Using duckdb connection "test.energy_dw.not_null_stg_buildings_total_sqft.8133ddc8b3"
[0m11:30:55.416885 [debug] [Thread-3 (]: On test.energy_dw.not_null_stg_buildings_total_sqft.8133ddc8b3: BEGIN
[0m11:30:55.417134 [debug] [Thread-3 (]: Opening a new connection, currently in state closed
[0m11:30:55.417649 [debug] [Thread-3 (]: SQL status: OK in 0.001 seconds
[0m11:30:55.418062 [debug] [Thread-3 (]: Using duckdb connection "test.energy_dw.not_null_stg_buildings_total_sqft.8133ddc8b3"
[0m11:30:55.418381 [debug] [Thread-3 (]: On test.energy_dw.not_null_stg_buildings_total_sqft.8133ddc8b3: /* {"app": "dbt", "dbt_version": "1.11.11", "profile_name": "energy_dw", "target_name": "dev", "node_id": "test.energy_dw.not_null_stg_buildings_total_sqft.8133ddc8b3"} */

    
    select
      count(*) as failures,
      count(*) != 0 as should_warn,
      count(*) != 0 as should_error
    from (
      
    
  
    
    



select total_sqft
from "energy_warehouse"."main_staging"."stg_buildings"
where total_sqft is null



  
  
      
    ) dbt_internal_test
[0m11:30:55.416638 [info ] [Thread-2 (]: 17 of 22 START test not_null_stg_energy_readings_kwh_consumed .................. [RUN]
[0m11:30:55.420018 [debug] [Thread-2 (]: Re-using an available connection from the pool (formerly test.energy_dw.not_null_stg_buildings_building_id.f95bb9f0ff, now test.energy_dw.not_null_stg_energy_readings_kwh_consumed.b0a4264c1b)
[0m11:30:55.420403 [debug] [Thread-2 (]: Began compiling node test.energy_dw.not_null_stg_energy_readings_kwh_consumed.b0a4264c1b
[0m11:30:55.415558 [debug] [Thread-4 (]: Opening a new connection, currently in state closed
[0m11:30:55.425071 [debug] [Thread-4 (]: SQL status: OK in 0.009 seconds
[0m11:30:55.425421 [debug] [Thread-4 (]: Using duckdb connection "test.energy_dw.not_null_stg_buildings_zone.2adf472375"
[0m11:30:55.425681 [debug] [Thread-4 (]: On test.energy_dw.not_null_stg_buildings_zone.2adf472375: /* {"app": "dbt", "dbt_version": "1.11.11", "profile_name": "energy_dw", "target_name": "dev", "node_id": "test.energy_dw.not_null_stg_buildings_zone.2adf472375"} */

    
    select
      count(*) as failures,
      count(*) != 0 as should_warn,
      count(*) != 0 as should_error
    from (
      
    
  
    
    



select zone
from "energy_warehouse"."main_staging"."stg_buildings"
where zone is null



  
  
      
    ) dbt_internal_test
[0m11:30:55.427370 [debug] [Thread-4 (]: SQL status: OK in 0.001 seconds
[0m11:30:55.411533 [debug] [Thread-1 (]: SQL status: OK in 0.001 seconds
[0m11:30:55.428830 [debug] [Thread-1 (]: On test.energy_dw.not_null_stg_buildings_building_type.28e6390815: ROLLBACK
[0m11:30:55.424480 [debug] [Thread-3 (]: SQL status: OK in 0.006 seconds
[0m11:30:55.423988 [debug] [Thread-2 (]: Writing injected SQL for node "test.energy_dw.not_null_stg_energy_readings_kwh_consumed.b0a4264c1b"
[0m11:30:55.431529 [debug] [Thread-2 (]: Began executing node test.energy_dw.not_null_stg_energy_readings_kwh_consumed.b0a4264c1b
[0m11:30:55.433409 [debug] [Thread-2 (]: Writing runtime sql for node "test.energy_dw.not_null_stg_energy_readings_kwh_consumed.b0a4264c1b"
[0m11:30:55.433853 [debug] [Thread-2 (]: Using duckdb connection "test.energy_dw.not_null_stg_energy_readings_kwh_consumed.b0a4264c1b"
[0m11:30:55.434148 [debug] [Thread-2 (]: On test.energy_dw.not_null_stg_energy_readings_kwh_consumed.b0a4264c1b: BEGIN
[0m11:30:55.434408 [debug] [Thread-2 (]: Opening a new connection, currently in state closed
[0m11:30:55.434899 [debug] [Thread-2 (]: SQL status: OK in 0.000 seconds
[0m11:30:55.435209 [debug] [Thread-2 (]: Using duckdb connection "test.energy_dw.not_null_stg_energy_readings_kwh_consumed.b0a4264c1b"
[0m11:30:55.431050 [debug] [Thread-3 (]: On test.energy_dw.not_null_stg_buildings_total_sqft.8133ddc8b3: ROLLBACK
[0m11:30:55.436241 [debug] [Thread-3 (]: Failed to rollback 'test.energy_dw.not_null_stg_buildings_total_sqft.8133ddc8b3'
[0m11:30:55.436496 [debug] [Thread-3 (]: On test.energy_dw.not_null_stg_buildings_total_sqft.8133ddc8b3: Close
[0m11:30:55.429669 [debug] [Thread-1 (]: Failed to rollback 'test.energy_dw.not_null_stg_buildings_building_type.28e6390815'
[0m11:30:55.437299 [debug] [Thread-1 (]: On test.energy_dw.not_null_stg_buildings_building_type.28e6390815: Close
[0m11:30:55.439003 [debug] [Thread-4 (]: On test.energy_dw.not_null_stg_buildings_zone.2adf472375: ROLLBACK
[0m11:30:55.439871 [debug] [Thread-4 (]: Failed to rollback 'test.energy_dw.not_null_stg_buildings_zone.2adf472375'
[0m11:30:55.440182 [debug] [Thread-4 (]: On test.energy_dw.not_null_stg_buildings_zone.2adf472375: Close
[0m11:30:55.436990 [info ] [Thread-3 (]: 15 of 22 PASS not_null_stg_buildings_total_sqft ................................ [[32mPASS[0m in 0.05s]
[0m11:30:55.441071 [debug] [Thread-3 (]: Finished running node test.energy_dw.not_null_stg_buildings_total_sqft.8133ddc8b3
[0m11:30:55.441431 [debug] [Thread-3 (]: Began running node test.energy_dw.not_null_stg_energy_readings_reading_id.75060968ca
[0m11:30:55.437713 [info ] [Thread-1 (]: 14 of 22 PASS not_null_stg_buildings_building_type ............................. [[32mPASS[0m in 0.06s]
[0m11:30:55.442239 [debug] [Thread-1 (]: Finished running node test.energy_dw.not_null_stg_buildings_building_type.28e6390815
[0m11:30:55.442526 [debug] [Thread-1 (]: Began running node test.energy_dw.unique_dim_buildings_building_id.f1891cdc96
[0m11:30:55.440651 [info ] [Thread-4 (]: 16 of 22 PASS not_null_stg_buildings_zone ...................................... [[32mPASS[0m in 0.04s]
[0m11:30:55.443248 [debug] [Thread-4 (]: Finished running node test.energy_dw.not_null_stg_buildings_zone.2adf472375
[0m11:30:55.435479 [debug] [Thread-2 (]: On test.energy_dw.not_null_stg_energy_readings_kwh_consumed.b0a4264c1b: /* {"app": "dbt", "dbt_version": "1.11.11", "profile_name": "energy_dw", "target_name": "dev", "node_id": "test.energy_dw.not_null_stg_energy_readings_kwh_consumed.b0a4264c1b"} */

    
    select
      count(*) as failures,
      count(*) != 0 as should_warn,
      count(*) != 0 as should_error
    from (
      
    
  
    
    



select kwh_consumed
from "energy_warehouse"."main_staging"."stg_energy_readings"
where kwh_consumed is null



  
  
      
    ) dbt_internal_test
[0m11:30:55.446841 [debug] [Thread-2 (]: SQL status: OK in 0.003 seconds
[0m11:30:55.443545 [debug] [Thread-4 (]: Began running node test.energy_dw.unique_dim_buildings_building_sk.cf7625cee8
[0m11:30:55.448681 [info ] [Thread-4 (]: 20 of 22 START test unique_dim_buildings_building_sk ........................... [RUN]
[0m11:30:55.449153 [debug] [Thread-4 (]: Re-using an available connection from the pool (formerly test.energy_dw.not_null_stg_buildings_zone.2adf472375, now test.energy_dw.unique_dim_buildings_building_sk.cf7625cee8)
[0m11:30:55.449489 [debug] [Thread-4 (]: Began compiling node test.energy_dw.unique_dim_buildings_building_sk.cf7625cee8
[0m11:30:55.441867 [info ] [Thread-3 (]: 18 of 22 START test not_null_stg_energy_readings_reading_id .................... [RUN]
[0m11:30:55.455856 [debug] [Thread-3 (]: Re-using an available connection from the pool (formerly test.energy_dw.not_null_stg_buildings_total_sqft.8133ddc8b3, now test.energy_dw.not_null_stg_energy_readings_reading_id.75060968ca)
[0m11:30:55.456212 [debug] [Thread-3 (]: Began compiling node test.energy_dw.not_null_stg_energy_readings_reading_id.75060968ca
[0m11:30:55.448255 [debug] [Thread-2 (]: On test.energy_dw.not_null_stg_energy_readings_kwh_consumed.b0a4264c1b: ROLLBACK
[0m11:30:55.460488 [debug] [Thread-2 (]: Failed to rollback 'test.energy_dw.not_null_stg_energy_readings_kwh_consumed.b0a4264c1b'
[0m11:30:55.460766 [debug] [Thread-2 (]: On test.energy_dw.not_null_stg_energy_readings_kwh_consumed.b0a4264c1b: Close
[0m11:30:55.442804 [info ] [Thread-1 (]: 19 of 22 START test unique_dim_buildings_building_id ........................... [RUN]
[0m11:30:55.461629 [debug] [Thread-1 (]: Re-using an available connection from the pool (formerly test.energy_dw.not_null_stg_buildings_building_type.28e6390815, now test.energy_dw.unique_dim_buildings_building_id.f1891cdc96)
[0m11:30:55.461885 [debug] [Thread-1 (]: Began compiling node test.energy_dw.unique_dim_buildings_building_id.f1891cdc96
[0m11:30:55.455409 [debug] [Thread-4 (]: Writing injected SQL for node "test.energy_dw.unique_dim_buildings_building_sk.cf7625cee8"
[0m11:30:55.465741 [debug] [Thread-4 (]: Began executing node test.energy_dw.unique_dim_buildings_building_sk.cf7625cee8
[0m11:30:55.465189 [debug] [Thread-1 (]: Writing injected SQL for node "test.energy_dw.unique_dim_buildings_building_id.f1891cdc96"
[0m11:30:55.468162 [debug] [Thread-1 (]: Began executing node test.energy_dw.unique_dim_buildings_building_id.f1891cdc96
[0m11:30:55.461251 [info ] [Thread-2 (]: 17 of 22 PASS not_null_stg_energy_readings_kwh_consumed ........................ [[32mPASS[0m in 0.04s]
[0m11:30:55.472147 [debug] [Thread-2 (]: Finished running node test.energy_dw.not_null_stg_energy_readings_kwh_consumed.b0a4264c1b
[0m11:30:55.472477 [debug] [Thread-2 (]: Began running node test.energy_dw.unique_stg_buildings_building_id.2eab60dfc1
[0m11:30:55.467689 [debug] [Thread-4 (]: Writing runtime sql for node "test.energy_dw.unique_dim_buildings_building_sk.cf7625cee8"
[0m11:30:55.473162 [debug] [Thread-4 (]: Using duckdb connection "test.energy_dw.unique_dim_buildings_building_sk.cf7625cee8"
[0m11:30:55.473447 [debug] [Thread-4 (]: On test.energy_dw.unique_dim_buildings_building_sk.cf7625cee8: BEGIN
[0m11:30:55.473739 [debug] [Thread-4 (]: Opening a new connection, currently in state closed
[0m11:30:55.474312 [debug] [Thread-4 (]: SQL status: OK in 0.001 seconds
[0m11:30:55.474611 [debug] [Thread-4 (]: Using duckdb connection "test.energy_dw.unique_dim_buildings_building_sk.cf7625cee8"
[0m11:30:55.474869 [debug] [Thread-4 (]: On test.energy_dw.unique_dim_buildings_building_sk.cf7625cee8: /* {"app": "dbt", "dbt_version": "1.11.11", "profile_name": "energy_dw", "target_name": "dev", "node_id": "test.energy_dw.unique_dim_buildings_building_sk.cf7625cee8"} */

    
    select
      count(*) as failures,
      count(*) != 0 as should_warn,
      count(*) != 0 as should_error
    from (
      
    
  
    
    

select
    building_sk as unique_field,
    count(*) as n_records

from "energy_warehouse"."main_marts"."dim_buildings"
where building_sk is not null
group by building_sk
having count(*) > 1



  
  
      
    ) dbt_internal_test
[0m11:30:55.459567 [debug] [Thread-3 (]: Writing injected SQL for node "test.energy_dw.not_null_stg_energy_readings_reading_id.75060968ca"
[0m11:30:55.475981 [debug] [Thread-3 (]: Began executing node test.energy_dw.not_null_stg_energy_readings_reading_id.75060968ca
[0m11:30:55.477820 [debug] [Thread-3 (]: Writing runtime sql for node "test.energy_dw.not_null_stg_energy_readings_reading_id.75060968ca"
[0m11:30:55.478313 [debug] [Thread-3 (]: Using duckdb connection "test.energy_dw.not_null_stg_energy_readings_reading_id.75060968ca"
[0m11:30:55.478586 [debug] [Thread-3 (]: On test.energy_dw.not_null_stg_energy_readings_reading_id.75060968ca: BEGIN
[0m11:30:55.478819 [debug] [Thread-3 (]: Opening a new connection, currently in state closed
[0m11:30:55.479353 [debug] [Thread-3 (]: SQL status: OK in 0.000 seconds
[0m11:30:55.471572 [debug] [Thread-1 (]: Writing runtime sql for node "test.energy_dw.unique_dim_buildings_building_id.f1891cdc96"
[0m11:30:55.481193 [debug] [Thread-1 (]: Using duckdb connection "test.energy_dw.unique_dim_buildings_building_id.f1891cdc96"
[0m11:30:55.481476 [debug] [Thread-1 (]: On test.energy_dw.unique_dim_buildings_building_id.f1891cdc96: BEGIN
[0m11:30:55.481716 [debug] [Thread-1 (]: Opening a new connection, currently in state closed
[0m11:30:55.482225 [debug] [Thread-1 (]: SQL status: OK in 0.000 seconds
[0m11:30:55.482502 [debug] [Thread-1 (]: Using duckdb connection "test.energy_dw.unique_dim_buildings_building_id.f1891cdc96"
[0m11:30:55.482745 [debug] [Thread-1 (]: On test.energy_dw.unique_dim_buildings_building_id.f1891cdc96: /* {"app": "dbt", "dbt_version": "1.11.11", "profile_name": "energy_dw", "target_name": "dev", "node_id": "test.energy_dw.unique_dim_buildings_building_id.f1891cdc96"} */

    
    select
      count(*) as failures,
      count(*) != 0 as should_warn,
      count(*) != 0 as should_error
    from (
      
    
  
    
    

select
    building_id as unique_field,
    count(*) as n_records

from "energy_warehouse"."main_marts"."dim_buildings"
where building_id is not null
group by building_id
having count(*) > 1



  
  
      
    ) dbt_internal_test
[0m11:30:55.480694 [debug] [Thread-4 (]: SQL status: OK in 0.006 seconds
[0m11:30:55.484857 [debug] [Thread-4 (]: On test.energy_dw.unique_dim_buildings_building_sk.cf7625cee8: ROLLBACK
[0m11:30:55.472738 [info ] [Thread-2 (]: 21 of 22 START test unique_stg_buildings_building_id ........................... [RUN]
[0m11:30:55.486048 [debug] [Thread-2 (]: Re-using an available connection from the pool (formerly test.energy_dw.not_null_stg_energy_readings_kwh_consumed.b0a4264c1b, now test.energy_dw.unique_stg_buildings_building_id.2eab60dfc1)
[0m11:30:55.486368 [debug] [Thread-2 (]: Began compiling node test.energy_dw.unique_stg_buildings_building_id.2eab60dfc1
[0m11:30:55.489559 [debug] [Thread-2 (]: Writing injected SQL for node "test.energy_dw.unique_stg_buildings_building_id.2eab60dfc1"
[0m11:30:55.489986 [debug] [Thread-2 (]: Began executing node test.energy_dw.unique_stg_buildings_building_id.2eab60dfc1
[0m11:30:55.485642 [debug] [Thread-4 (]: Failed to rollback 'test.energy_dw.unique_dim_buildings_building_sk.cf7625cee8'
[0m11:30:55.492340 [debug] [Thread-4 (]: On test.energy_dw.unique_dim_buildings_building_sk.cf7625cee8: Close
[0m11:30:55.479832 [debug] [Thread-3 (]: Using duckdb connection "test.energy_dw.not_null_stg_energy_readings_reading_id.75060968ca"
[0m11:30:55.493084 [debug] [Thread-3 (]: On test.energy_dw.not_null_stg_energy_readings_reading_id.75060968ca: /* {"app": "dbt", "dbt_version": "1.11.11", "profile_name": "energy_dw", "target_name": "dev", "node_id": "test.energy_dw.not_null_stg_energy_readings_reading_id.75060968ca"} */

    
    select
      count(*) as failures,
      count(*) != 0 as should_warn,
      count(*) != 0 as should_error
    from (
      
    
  
    
    



select reading_id
from "energy_warehouse"."main_staging"."stg_energy_readings"
where reading_id is null



  
  
      
    ) dbt_internal_test
[0m11:30:55.494548 [debug] [Thread-3 (]: SQL status: OK in 0.001 seconds
[0m11:30:55.495974 [debug] [Thread-3 (]: On test.energy_dw.not_null_stg_energy_readings_reading_id.75060968ca: ROLLBACK
[0m11:30:55.496477 [debug] [Thread-1 (]: SQL status: OK in 0.013 seconds
[0m11:30:55.492794 [info ] [Thread-4 (]: 20 of 22 PASS unique_dim_buildings_building_sk ................................. [[32mPASS[0m in 0.04s]
[0m11:30:55.498425 [debug] [Thread-4 (]: Finished running node test.energy_dw.unique_dim_buildings_building_sk.cf7625cee8
[0m11:30:55.498741 [debug] [Thread-4 (]: Began running node test.energy_dw.unique_stg_energy_readings_reading_id.e174dc8721
[0m11:30:55.499003 [info ] [Thread-4 (]: 22 of 22 START test unique_stg_energy_readings_reading_id ...................... [RUN]
[0m11:30:55.499738 [debug] [Thread-4 (]: Re-using an available connection from the pool (formerly test.energy_dw.unique_dim_buildings_building_sk.cf7625cee8, now test.energy_dw.unique_stg_energy_readings_reading_id.e174dc8721)
[0m11:30:55.500137 [debug] [Thread-4 (]: Began compiling node test.energy_dw.unique_stg_energy_readings_reading_id.e174dc8721
[0m11:30:55.497849 [debug] [Thread-1 (]: On test.energy_dw.unique_dim_buildings_building_id.f1891cdc96: ROLLBACK
[0m11:30:55.504950 [debug] [Thread-1 (]: Failed to rollback 'test.energy_dw.unique_dim_buildings_building_id.f1891cdc96'
[0m11:30:55.505250 [debug] [Thread-1 (]: On test.energy_dw.unique_dim_buildings_building_id.f1891cdc96: Close
[0m11:30:55.491959 [debug] [Thread-2 (]: Writing runtime sql for node "test.energy_dw.unique_stg_buildings_building_id.2eab60dfc1"
[0m11:30:55.506166 [debug] [Thread-2 (]: Using duckdb connection "test.energy_dw.unique_stg_buildings_building_id.2eab60dfc1"
[0m11:30:55.506431 [debug] [Thread-2 (]: On test.energy_dw.unique_stg_buildings_building_id.2eab60dfc1: BEGIN
[0m11:30:55.506715 [debug] [Thread-2 (]: Opening a new connection, currently in state closed
[0m11:30:55.507290 [debug] [Thread-2 (]: SQL status: OK in 0.001 seconds
[0m11:30:55.504229 [debug] [Thread-3 (]: Failed to rollback 'test.energy_dw.not_null_stg_energy_readings_reading_id.75060968ca'
[0m11:30:55.507948 [debug] [Thread-3 (]: On test.energy_dw.not_null_stg_energy_readings_reading_id.75060968ca: Close
[0m11:30:55.507587 [debug] [Thread-2 (]: Using duckdb connection "test.energy_dw.unique_stg_buildings_building_id.2eab60dfc1"
[0m11:30:55.508701 [debug] [Thread-2 (]: On test.energy_dw.unique_stg_buildings_building_id.2eab60dfc1: /* {"app": "dbt", "dbt_version": "1.11.11", "profile_name": "energy_dw", "target_name": "dev", "node_id": "test.energy_dw.unique_stg_buildings_building_id.2eab60dfc1"} */

    
    select
      count(*) as failures,
      count(*) != 0 as should_warn,
      count(*) != 0 as should_error
    from (
      
    
  
    
    

select
    building_id as unique_field,
    count(*) as n_records

from "energy_warehouse"."main_staging"."stg_buildings"
where building_id is not null
group by building_id
having count(*) > 1



  
  
      
    ) dbt_internal_test
[0m11:30:55.505719 [info ] [Thread-1 (]: 19 of 22 PASS unique_dim_buildings_building_id ................................. [[32mPASS[0m in 0.04s]
[0m11:30:55.510540 [debug] [Thread-1 (]: Finished running node test.energy_dw.unique_dim_buildings_building_id.f1891cdc96
[0m11:30:55.508405 [info ] [Thread-3 (]: 18 of 22 PASS not_null_stg_energy_readings_reading_id .......................... [[32mPASS[0m in 0.05s]
[0m11:30:55.511103 [debug] [Thread-3 (]: Finished running node test.energy_dw.not_null_stg_energy_readings_reading_id.75060968ca
[0m11:30:55.503405 [debug] [Thread-4 (]: Writing injected SQL for node "test.energy_dw.unique_stg_energy_readings_reading_id.e174dc8721"
[0m11:30:55.511574 [debug] [Thread-4 (]: Began executing node test.energy_dw.unique_stg_energy_readings_reading_id.e174dc8721
[0m11:30:55.513496 [debug] [Thread-4 (]: Writing runtime sql for node "test.energy_dw.unique_stg_energy_readings_reading_id.e174dc8721"
[0m11:30:55.513953 [debug] [Thread-4 (]: Using duckdb connection "test.energy_dw.unique_stg_energy_readings_reading_id.e174dc8721"
[0m11:30:55.514258 [debug] [Thread-4 (]: On test.energy_dw.unique_stg_energy_readings_reading_id.e174dc8721: BEGIN
[0m11:30:55.514503 [debug] [Thread-4 (]: Opening a new connection, currently in state closed
[0m11:30:55.514982 [debug] [Thread-4 (]: SQL status: OK in 0.000 seconds
[0m11:30:55.515282 [debug] [Thread-4 (]: Using duckdb connection "test.energy_dw.unique_stg_energy_readings_reading_id.e174dc8721"
[0m11:30:55.515539 [debug] [Thread-4 (]: On test.energy_dw.unique_stg_energy_readings_reading_id.e174dc8721: /* {"app": "dbt", "dbt_version": "1.11.11", "profile_name": "energy_dw", "target_name": "dev", "node_id": "test.energy_dw.unique_stg_energy_readings_reading_id.e174dc8721"} */

    
    select
      count(*) as failures,
      count(*) != 0 as should_warn,
      count(*) != 0 as should_error
    from (
      
    
  
    
    

select
    reading_id as unique_field,
    count(*) as n_records

from "energy_warehouse"."main_staging"."stg_energy_readings"
where reading_id is not null
group by reading_id
having count(*) > 1



  
  
      
    ) dbt_internal_test
[0m11:30:55.516319 [debug] [Thread-2 (]: SQL status: OK in 0.007 seconds
[0m11:30:55.517746 [debug] [Thread-2 (]: On test.energy_dw.unique_stg_buildings_building_id.2eab60dfc1: ROLLBACK
[0m11:30:55.518538 [debug] [Thread-2 (]: Failed to rollback 'test.energy_dw.unique_stg_buildings_building_id.2eab60dfc1'
[0m11:30:55.518809 [debug] [Thread-2 (]: On test.energy_dw.unique_stg_buildings_building_id.2eab60dfc1: Close
[0m11:30:55.519288 [info ] [Thread-2 (]: 21 of 22 PASS unique_stg_buildings_building_id ................................. [[32mPASS[0m in 0.03s]
[0m11:30:55.522826 [debug] [Thread-2 (]: Finished running node test.energy_dw.unique_stg_buildings_building_id.2eab60dfc1
[0m11:30:55.531774 [debug] [Thread-4 (]: SQL status: OK in 0.015 seconds
[0m11:30:55.533137 [debug] [Thread-4 (]: On test.energy_dw.unique_stg_energy_readings_reading_id.e174dc8721: ROLLBACK
[0m11:30:55.533897 [debug] [Thread-4 (]: Failed to rollback 'test.energy_dw.unique_stg_energy_readings_reading_id.e174dc8721'
[0m11:30:55.534207 [debug] [Thread-4 (]: On test.energy_dw.unique_stg_energy_readings_reading_id.e174dc8721: Close
[0m11:30:55.534743 [info ] [Thread-4 (]: 22 of 22 PASS unique_stg_energy_readings_reading_id ............................ [[32mPASS[0m in 0.04s]
[0m11:30:55.535237 [debug] [Thread-4 (]: Finished running node test.energy_dw.unique_stg_energy_readings_reading_id.e174dc8721
[0m11:30:55.536716 [debug] [MainThread]: Using duckdb connection "master"
[0m11:30:55.537012 [debug] [MainThread]: On master: BEGIN
[0m11:30:55.537267 [debug] [MainThread]: Opening a new connection, currently in state closed
[0m11:30:55.537759 [debug] [MainThread]: SQL status: OK in 0.000 seconds
[0m11:30:55.538058 [debug] [MainThread]: On master: COMMIT
[0m11:30:55.538329 [debug] [MainThread]: Using duckdb connection "master"
[0m11:30:55.538536 [debug] [MainThread]: On master: COMMIT
[0m11:30:55.538901 [debug] [MainThread]: SQL status: OK in 0.000 seconds
[0m11:30:55.539160 [debug] [MainThread]: On master: Close
[0m11:30:55.539460 [debug] [MainThread]: Connection 'master' was properly closed.
[0m11:30:55.539933 [debug] [MainThread]: Connection 'test.energy_dw.unique_stg_buildings_building_id.2eab60dfc1' was properly closed.
[0m11:30:55.540179 [debug] [MainThread]: Connection 'test.energy_dw.not_null_stg_energy_readings_reading_id.75060968ca' was properly closed.
[0m11:30:55.540366 [debug] [MainThread]: Connection 'test.energy_dw.unique_dim_buildings_building_id.f1891cdc96' was properly closed.
[0m11:30:55.540549 [debug] [MainThread]: Connection 'test.energy_dw.unique_stg_energy_readings_reading_id.e174dc8721' was properly closed.
[0m11:30:55.540831 [info ] [MainThread]: 
[0m11:30:55.541135 [info ] [MainThread]: Finished running 22 data tests in 0 hours 0 minutes and 0.57 seconds (0.57s).
[0m11:30:55.543715 [debug] [MainThread]: Command end result
[0m11:30:55.570361 [debug] [MainThread]: Wrote artifact WritableManifest to ./target/manifest.json
[0m11:30:55.572203 [debug] [MainThread]: Wrote artifact SemanticManifest to ./target/semantic_manifest.json
[0m11:30:55.578948 [debug] [MainThread]: Wrote artifact RunExecutionResult to ./target/run_results.json
[0m11:30:55.579277 [info ] [MainThread]: 
[0m11:30:55.579638 [info ] [MainThread]: [32mCompleted successfully[0m
[0m11:30:55.579892 [info ] [MainThread]: 
[0m11:30:55.580164 [info ] [MainThread]: Done. PASS=22 WARN=0 ERROR=0 SKIP=0 NO-OP=0 TOTAL=22
[0m11:30:55.580964 [debug] [MainThread]: Resource report: {"command_name": "test", "command_success": true, "command_wall_clock_time": 1.3145896, "process_in_blocks": "0", "process_kernel_time": 0.091538, "process_mem_max_rss": "171704", "process_out_blocks": "3088", "process_user_time": 2.674292}
[0m11:30:55.581423 [debug] [MainThread]: Command `dbt test` succeeded at 11:30:55.581335 after 1.32 seconds
[0m11:30:55.581727 [debug] [MainThread]: Sending event: {'category': 'dbt', 'action': 'invocation', 'label': 'end', 'context': [<snowplow_tracker.self_describing_json.SelfDescribingJson object at 0x7fd5c2d79be0>, <snowplow_tracker.self_describing_json.SelfDescribingJson object at 0x7fd5c2d7b620>, <snowplow_tracker.self_describing_json.SelfDescribingJson object at 0x7fd5c2fc2900>]}
[0m11:30:55.582015 [debug] [MainThread]: Flushing usage events
[0m11:30:55.643070 [debug] [MainThread]: An error was encountered while trying to flush usage events
[0m11:31:22.123968 [debug] [MainThread]: Sending event: {'category': 'dbt', 'action': 'invocation', 'label': 'start', 'context': [<snowplow_tracker.self_describing_json.SelfDescribingJson object at 0x7f799a373740>, <snowplow_tracker.self_describing_json.SelfDescribingJson object at 0x7f7999cf9070>, <snowplow_tracker.self_describing_json.SelfDescribingJson object at 0x7f7999b02c60>]}


============================== 11:31:22.127427 | b9a72224-4abd-43ab-8018-c3e2735bed4e ==============================
[0m11:31:22.127427 [info ] [MainThread]: Running with dbt=1.11.11
[0m11:31:22.127954 [debug] [MainThread]: running dbt with arguments {'profiles_dir': '.', 'fail_fast': 'False', 'invocation_command': 'dbt run --profiles-dir . --project-dir .', 'warn_error': 'None', 'quiet': 'False', 'log_path': 'logs', 'warn_error_options': 'WarnErrorOptionsV2(error=[], warn=[], silence=[])', 'empty': 'False', 'target_path': 'None', 'partial_parse': 'True', 'printer_width': '80', 'log_cache_events': 'False', 'introspect': 'True', 'cache_selected_only': 'False', 'version_check': 'True', 'indirect_selection': 'eager', 'write_json': 'True', 'no_print': 'None', 'debug': 'False', 'static_parser': 'True', 'send_anonymous_usage_stats': 'True', 'use_colors': 'True', 'use_experimental_parser': 'False', 'log_format': 'default'}
[0m11:31:22.372863 [debug] [MainThread]: Sending event: {'category': 'dbt', 'action': 'project_id', 'label': 'b9a72224-4abd-43ab-8018-c3e2735bed4e', 'context': [<snowplow_tracker.self_describing_json.SelfDescribingJson object at 0x7f799be59f10>]}
[0m11:31:22.446214 [debug] [MainThread]: Sending event: {'category': 'dbt', 'action': 'adapter_info', 'label': 'b9a72224-4abd-43ab-8018-c3e2735bed4e', 'context': [<snowplow_tracker.self_describing_json.SelfDescribingJson object at 0x7f799911ea50>]}
[0m11:31:22.448193 [info ] [MainThread]: Registered adapter: duckdb=1.10.1
[0m11:31:22.537699 [debug] [MainThread]: checksum: 30a8cc8fdcbf66701b0944d4ccce3fa46dd04b61e5df68b9f16d57b2e0e3f0be, vars: {}, profile: , target: , version: 1.11.11
[0m11:31:22.644764 [debug] [MainThread]: Partial parsing enabled: 0 files deleted, 0 files added, 0 files changed.
[0m11:31:22.645199 [debug] [MainThread]: Nothing changed, skipping partial parsing.
[0m11:31:22.645429 [debug] [MainThread]: Partial parsing enabled, no changes found, skipping parsing
[0m11:31:22.685294 [debug] [MainThread]: Sending event: {'category': 'dbt', 'action': 'load_project', 'label': 'b9a72224-4abd-43ab-8018-c3e2735bed4e', 'context': [<snowplow_tracker.self_describing_json.SelfDescribingJson object at 0x7f799496fe60>]}
[0m11:31:22.769164 [debug] [MainThread]: Wrote artifact WritableManifest to ./target/manifest.json
[0m11:31:22.771335 [debug] [MainThread]: Wrote artifact SemanticManifest to ./target/semantic_manifest.json
[0m11:31:22.782095 [debug] [MainThread]: Sending event: {'category': 'dbt', 'action': 'resource_counts', 'label': 'b9a72224-4abd-43ab-8018-c3e2735bed4e', 'context': [<snowplow_tracker.self_describing_json.SelfDescribingJson object at 0x7f7994739bb0>]}
[0m11:31:22.782629 [info ] [MainThread]: Found 5 models, 22 data tests, 485 macros
[0m11:31:22.783016 [debug] [MainThread]: Sending event: {'category': 'dbt', 'action': 'runnable_timing', 'label': 'b9a72224-4abd-43ab-8018-c3e2735bed4e', 'context': [<snowplow_tracker.self_describing_json.SelfDescribingJson object at 0x7f7994512a50>]}
[0m11:31:22.785386 [info ] [MainThread]: 
[0m11:31:22.785823 [info ] [MainThread]: Concurrency: 4 threads (target='dev')
[0m11:31:22.786138 [info ] [MainThread]: 
[0m11:31:22.786622 [debug] [MainThread]: Acquiring new duckdb connection 'master'
[0m11:31:22.792137 [debug] [ThreadPool]: Acquiring new duckdb connection 'list_energy_warehouse'
[0m11:31:22.792679 [debug] [ThreadPool]: Acquiring new duckdb connection 'list_energy_warehouse'
[0m11:31:22.814930 [debug] [ThreadPool]: Acquiring new duckdb connection 'list_energy_warehouse'
[0m11:31:22.836304 [debug] [ThreadPool]: Using duckdb connection "list_energy_warehouse"
[0m11:31:22.836653 [debug] [ThreadPool]: Using duckdb connection "list_energy_warehouse"
[0m11:31:22.836922 [debug] [ThreadPool]: Using duckdb connection "list_energy_warehouse"
[0m11:31:22.837813 [debug] [ThreadPool]: On list_energy_warehouse: /* {"app": "dbt", "dbt_version": "1.11.11", "profile_name": "energy_dw", "target_name": "dev", "connection_name": "list_energy_warehouse"} */

    
    select schema_name
    from system.information_schema.schemata
    
    where lower(catalog_name) = '"energy_warehouse"'
    
  
  
[0m11:31:22.838048 [debug] [ThreadPool]: Opening a new connection, currently in state init
[0m11:31:22.837549 [debug] [ThreadPool]: On list_energy_warehouse: /* {"app": "dbt", "dbt_version": "1.11.11", "profile_name": "energy_dw", "target_name": "dev", "connection_name": "list_energy_warehouse"} */

    
    select schema_name
    from system.information_schema.schemata
    
    where lower(catalog_name) = '"energy_warehouse"'
    
  
  
[0m11:31:22.839816 [debug] [ThreadPool]: Opening a new connection, currently in state init
[0m11:31:22.837245 [debug] [ThreadPool]: On list_energy_warehouse: /* {"app": "dbt", "dbt_version": "1.11.11", "profile_name": "energy_dw", "target_name": "dev", "connection_name": "list_energy_warehouse"} */

    
    select schema_name
    from system.information_schema.schemata
    
    where lower(catalog_name) = '"energy_warehouse"'
    
  
  
[0m11:31:22.840242 [debug] [ThreadPool]: Opening a new connection, currently in state init
[0m11:31:22.858928 [debug] [ThreadPool]: SQL status: OK in 0.019 seconds
[0m11:31:22.860669 [debug] [ThreadPool]: On list_energy_warehouse: Close
[0m11:31:22.861993 [debug] [ThreadPool]: SQL status: OK in 0.022 seconds
[0m11:31:22.865260 [debug] [ThreadPool]: On list_energy_warehouse: Close
[0m11:31:22.863063 [debug] [ThreadPool]: SQL status: OK in 0.025 seconds
[0m11:31:22.867082 [debug] [ThreadPool]: On list_energy_warehouse: Close
[0m11:31:22.867842 [debug] [ThreadPool]: Re-using an available connection from the pool (formerly list_energy_warehouse, now create_energy_warehouse_main_metrics)
[0m11:31:22.868580 [debug] [ThreadPool]: Creating schema "database: "energy_warehouse"
schema: "main_metrics"
"
[0m11:31:22.876904 [debug] [ThreadPool]: Re-using an available connection from the pool (formerly list_energy_warehouse, now create_energy_warehouse_main_marts)
[0m11:31:22.877471 [debug] [ThreadPool]: Creating schema "database: "energy_warehouse"
schema: "main_marts"
"
[0m11:31:22.883577 [debug] [ThreadPool]: Using duckdb connection "create_energy_warehouse_main_marts"
[0m11:31:22.883989 [debug] [ThreadPool]: Re-using an available connection from the pool (formerly list_energy_warehouse, now create_energy_warehouse_main_staging)
[0m11:31:22.885611 [debug] [ThreadPool]: Creating schema "database: "energy_warehouse"
schema: "main_staging"
"
[0m11:31:22.884535 [debug] [ThreadPool]: Using duckdb connection "create_energy_warehouse_main_metrics"
[0m11:31:22.887964 [debug] [ThreadPool]: On create_energy_warehouse_main_metrics: /* {"app": "dbt", "dbt_version": "1.11.11", "profile_name": "energy_dw", "target_name": "dev", "connection_name": "create_energy_warehouse_main_metrics"} */

    
        select type from duckdb_databases()
        where lower(database_name)='energy_warehouse'
        and type='sqlite'
    
  
[0m11:31:22.888348 [debug] [ThreadPool]: Opening a new connection, currently in state closed
[0m11:31:22.889426 [debug] [ThreadPool]: SQL status: OK in 0.001 seconds
[0m11:31:22.890796 [debug] [ThreadPool]: Using duckdb connection "create_energy_warehouse_main_metrics"
[0m11:31:22.891268 [debug] [ThreadPool]: On create_energy_warehouse_main_metrics: BEGIN
[0m11:31:22.885160 [debug] [ThreadPool]: On create_energy_warehouse_main_marts: /* {"app": "dbt", "dbt_version": "1.11.11", "profile_name": "energy_dw", "target_name": "dev", "connection_name": "create_energy_warehouse_main_marts"} */

    
        select type from duckdb_databases()
        where lower(database_name)='energy_warehouse'
        and type='sqlite'
    
  
[0m11:31:22.891732 [debug] [ThreadPool]: Opening a new connection, currently in state closed
[0m11:31:22.892703 [debug] [ThreadPool]: SQL status: OK in 0.001 seconds
[0m11:31:22.893993 [debug] [ThreadPool]: Using duckdb connection "create_energy_warehouse_main_marts"
[0m11:31:22.894407 [debug] [ThreadPool]: On create_energy_warehouse_main_marts: BEGIN
[0m11:31:22.887465 [debug] [ThreadPool]: Using duckdb connection "create_energy_warehouse_main_staging"
[0m11:31:22.895035 [debug] [ThreadPool]: On create_energy_warehouse_main_staging: /* {"app": "dbt", "dbt_version": "1.11.11", "profile_name": "energy_dw", "target_name": "dev", "connection_name": "create_energy_warehouse_main_staging"} */

    
        select type from duckdb_databases()
        where lower(database_name)='energy_warehouse'
        and type='sqlite'
    
  
[0m11:31:22.895438 [debug] [ThreadPool]: Opening a new connection, currently in state closed
[0m11:31:22.896392 [debug] [ThreadPool]: SQL status: OK in 0.001 seconds
[0m11:31:22.897774 [debug] [ThreadPool]: Using duckdb connection "create_energy_warehouse_main_staging"
[0m11:31:22.898234 [debug] [ThreadPool]: On create_energy_warehouse_main_staging: BEGIN
[0m11:31:22.898752 [debug] [ThreadPool]: SQL status: OK in 0.000 seconds
[0m11:31:22.898995 [debug] [ThreadPool]: Using duckdb connection "create_energy_warehouse_main_staging"
[0m11:31:22.899292 [debug] [ThreadPool]: On create_energy_warehouse_main_staging: /* {"app": "dbt", "dbt_version": "1.11.11", "profile_name": "energy_dw", "target_name": "dev", "connection_name": "create_energy_warehouse_main_staging"} */

    
    
        create schema if not exists "energy_warehouse"."main_staging"
    
[0m11:31:22.899983 [debug] [ThreadPool]: SQL status: OK in 0.008 seconds
[0m11:31:22.900350 [debug] [ThreadPool]: Using duckdb connection "create_energy_warehouse_main_metrics"
[0m11:31:22.900614 [debug] [ThreadPool]: On create_energy_warehouse_main_metrics: /* {"app": "dbt", "dbt_version": "1.11.11", "profile_name": "energy_dw", "target_name": "dev", "connection_name": "create_energy_warehouse_main_metrics"} */

    
    
        create schema if not exists "energy_warehouse"."main_metrics"
    
[0m11:31:22.901409 [debug] [ThreadPool]: SQL status: OK in 0.000 seconds
[0m11:31:22.902256 [debug] [ThreadPool]: On create_energy_warehouse_main_metrics: COMMIT
[0m11:31:22.902671 [debug] [ThreadPool]: Using duckdb connection "create_energy_warehouse_main_metrics"
[0m11:31:22.902996 [debug] [ThreadPool]: On create_energy_warehouse_main_metrics: COMMIT
[0m11:31:22.903497 [debug] [ThreadPool]: SQL status: OK in 0.000 seconds
[0m11:31:22.903823 [debug] [ThreadPool]: SQL status: OK in 0.009 seconds
[0m11:31:22.905284 [debug] [ThreadPool]: Using duckdb connection "create_energy_warehouse_main_marts"
[0m11:31:22.905550 [debug] [ThreadPool]: On create_energy_warehouse_main_marts: /* {"app": "dbt", "dbt_version": "1.11.11", "profile_name": "energy_dw", "target_name": "dev", "connection_name": "create_energy_warehouse_main_marts"} */

    
    
        create schema if not exists "energy_warehouse"."main_marts"
    
[0m11:31:22.906045 [debug] [ThreadPool]: SQL status: OK in 0.000 seconds
[0m11:31:22.904415 [debug] [ThreadPool]: SQL status: OK in 0.005 seconds
[0m11:31:22.908393 [debug] [ThreadPool]: On create_energy_warehouse_main_staging: COMMIT
[0m11:31:22.908697 [debug] [ThreadPool]: Using duckdb connection "create_energy_warehouse_main_staging"
[0m11:31:22.908922 [debug] [ThreadPool]: On create_energy_warehouse_main_staging: COMMIT
[0m11:31:22.909558 [debug] [ThreadPool]: SQL status: OK in 0.000 seconds
[0m11:31:22.909867 [debug] [ThreadPool]: On create_energy_warehouse_main_staging: Close
[0m11:31:22.907260 [debug] [ThreadPool]: On create_energy_warehouse_main_marts: COMMIT
[0m11:31:22.910400 [debug] [ThreadPool]: Using duckdb connection "create_energy_warehouse_main_marts"
[0m11:31:22.910706 [debug] [ThreadPool]: On create_energy_warehouse_main_marts: COMMIT
[0m11:31:22.911334 [debug] [ThreadPool]: SQL status: OK in 0.000 seconds
[0m11:31:22.904897 [debug] [ThreadPool]: On create_energy_warehouse_main_metrics: Close
[0m11:31:22.911674 [debug] [ThreadPool]: On create_energy_warehouse_main_marts: Close
[0m11:31:22.914177 [debug] [ThreadPool]: Re-using an available connection from the pool (formerly create_energy_warehouse_main_metrics, now list_energy_warehouse_main_staging)
[0m11:31:22.920907 [debug] [ThreadPool]: Re-using an available connection from the pool (formerly create_energy_warehouse_main_staging, now list_energy_warehouse_main_metrics)
[0m11:31:23.000455 [debug] [ThreadPool]: Using duckdb connection "list_energy_warehouse_main_staging"
[0m11:31:23.000883 [debug] [ThreadPool]: Re-using an available connection from the pool (formerly create_energy_warehouse_main_marts, now list_energy_warehouse_main_marts)
[0m11:31:23.004670 [debug] [ThreadPool]: Using duckdb connection "list_energy_warehouse_main_marts"
[0m11:31:23.004972 [debug] [ThreadPool]: On list_energy_warehouse_main_marts: BEGIN
[0m11:31:23.005250 [debug] [ThreadPool]: Opening a new connection, currently in state closed
[0m11:31:23.002776 [debug] [ThreadPool]: On list_energy_warehouse_main_staging: BEGIN
[0m11:31:23.002332 [debug] [ThreadPool]: Using duckdb connection "list_energy_warehouse_main_metrics"
[0m11:31:23.006345 [debug] [ThreadPool]: On list_energy_warehouse_main_metrics: BEGIN
[0m11:31:23.006554 [debug] [ThreadPool]: Opening a new connection, currently in state closed
[0m11:31:23.006006 [debug] [ThreadPool]: Opening a new connection, currently in state closed
[0m11:31:23.008334 [debug] [ThreadPool]: SQL status: OK in 0.002 seconds
[0m11:31:23.008619 [debug] [ThreadPool]: Using duckdb connection "list_energy_warehouse_main_staging"
[0m11:31:23.008880 [debug] [ThreadPool]: On list_energy_warehouse_main_staging: /* {"app": "dbt", "dbt_version": "1.11.11", "profile_name": "energy_dw", "target_name": "dev", "connection_name": "list_energy_warehouse_main_staging"} */
select
      'energy_warehouse' as database,
      table_name as name,
      table_schema as schema,
      CASE table_type
        WHEN 'BASE TABLE' THEN 'table'
        WHEN 'VIEW' THEN 'view'
        WHEN 'LOCAL TEMPORARY' THEN 'table'
        END as type
    from system.information_schema.tables
    where lower(table_schema) = 'main_staging'
    and lower(table_catalog) = 'energy_warehouse'
  
[0m11:31:23.012026 [debug] [ThreadPool]: SQL status: OK in 0.007 seconds
[0m11:31:23.012485 [debug] [ThreadPool]: Using duckdb connection "list_energy_warehouse_main_marts"
[0m11:31:23.012752 [debug] [ThreadPool]: On list_energy_warehouse_main_marts: /* {"app": "dbt", "dbt_version": "1.11.11", "profile_name": "energy_dw", "target_name": "dev", "connection_name": "list_energy_warehouse_main_marts"} */
select
      'energy_warehouse' as database,
      table_name as name,
      table_schema as schema,
      CASE table_type
        WHEN 'BASE TABLE' THEN 'table'
        WHEN 'VIEW' THEN 'view'
        WHEN 'LOCAL TEMPORARY' THEN 'table'
        END as type
    from system.information_schema.tables
    where lower(table_schema) = 'main_marts'
    and lower(table_catalog) = 'energy_warehouse'
  
[0m11:31:23.007423 [debug] [ThreadPool]: SQL status: OK in 0.001 seconds
[0m11:31:23.015892 [debug] [ThreadPool]: Using duckdb connection "list_energy_warehouse_main_metrics"
[0m11:31:23.016329 [debug] [ThreadPool]: On list_energy_warehouse_main_metrics: /* {"app": "dbt", "dbt_version": "1.11.11", "profile_name": "energy_dw", "target_name": "dev", "connection_name": "list_energy_warehouse_main_metrics"} */
select
      'energy_warehouse' as database,
      table_name as name,
      table_schema as schema,
      CASE table_type
        WHEN 'BASE TABLE' THEN 'table'
        WHEN 'VIEW' THEN 'view'
        WHEN 'LOCAL TEMPORARY' THEN 'table'
        END as type
    from system.information_schema.tables
    where lower(table_schema) = 'main_metrics'
    and lower(table_catalog) = 'energy_warehouse'
  
[0m11:31:23.018628 [debug] [ThreadPool]: SQL status: OK in 0.002 seconds
[0m11:31:23.020690 [debug] [ThreadPool]: On list_energy_warehouse_main_metrics: ROLLBACK
[0m11:31:23.022182 [debug] [ThreadPool]: SQL status: OK in 0.009 seconds
[0m11:31:23.025608 [debug] [ThreadPool]: On list_energy_warehouse_main_marts: ROLLBACK
[0m11:31:23.026495 [debug] [ThreadPool]: Failed to rollback 'list_energy_warehouse_main_marts'
[0m11:31:23.026888 [debug] [ThreadPool]: On list_energy_warehouse_main_marts: Close
[0m11:31:23.021816 [debug] [ThreadPool]: SQL status: OK in 0.012 seconds
[0m11:31:23.023758 [debug] [ThreadPool]: Failed to rollback 'list_energy_warehouse_main_metrics'
[0m11:31:23.029644 [debug] [ThreadPool]: On list_energy_warehouse_main_metrics: Close
[0m11:31:23.028872 [debug] [ThreadPool]: On list_energy_warehouse_main_staging: ROLLBACK
[0m11:31:23.031048 [debug] [ThreadPool]: Failed to rollback 'list_energy_warehouse_main_staging'
[0m11:31:23.031414 [debug] [ThreadPool]: On list_energy_warehouse_main_staging: Close
[0m11:31:23.032724 [debug] [MainThread]: Sending event: {'category': 'dbt', 'action': 'runnable_timing', 'label': 'b9a72224-4abd-43ab-8018-c3e2735bed4e', 'context': [<snowplow_tracker.self_describing_json.SelfDescribingJson object at 0x7f79996b2120>]}
[0m11:31:23.033217 [debug] [MainThread]: Using duckdb connection "master"
[0m11:31:23.033587 [debug] [MainThread]: On master: BEGIN
[0m11:31:23.033899 [debug] [MainThread]: Opening a new connection, currently in state init
[0m11:31:23.034719 [debug] [MainThread]: SQL status: OK in 0.001 seconds
[0m11:31:23.034987 [debug] [MainThread]: On master: COMMIT
[0m11:31:23.035332 [debug] [MainThread]: Using duckdb connection "master"
[0m11:31:23.035714 [debug] [MainThread]: On master: COMMIT
[0m11:31:23.036257 [debug] [MainThread]: SQL status: OK in 0.000 seconds
[0m11:31:23.036545 [debug] [MainThread]: On master: Close
[0m11:31:23.038774 [debug] [Thread-1 (]: Began running node model.energy_dw.stg_buildings
[0m11:31:23.039807 [debug] [Thread-2 (]: Began running node model.energy_dw.stg_energy_readings
[0m11:31:23.039413 [info ] [Thread-1 (]: 1 of 5 START sql view model main_staging.stg_buildings ......................... [RUN]
[0m11:31:23.040940 [debug] [Thread-1 (]: Re-using an available connection from the pool (formerly list_energy_warehouse_main_staging, now model.energy_dw.stg_buildings)
[0m11:31:23.041314 [debug] [Thread-1 (]: Began compiling node model.energy_dw.stg_buildings
[0m11:31:23.040454 [info ] [Thread-2 (]: 2 of 5 START sql view model main_staging.stg_energy_readings ................... [RUN]
[0m11:31:23.049082 [debug] [Thread-2 (]: Re-using an available connection from the pool (formerly list_energy_warehouse_main_marts, now model.energy_dw.stg_energy_readings)
[0m11:31:23.049517 [debug] [Thread-2 (]: Began compiling node model.energy_dw.stg_energy_readings
[0m11:31:23.051722 [debug] [Thread-2 (]: Writing injected SQL for node "model.energy_dw.stg_energy_readings"
[0m11:31:23.052498 [debug] [Thread-2 (]: Began executing node model.energy_dw.stg_energy_readings
[0m11:31:23.052729 [debug] [Thread-1 (]: Writing injected SQL for node "model.energy_dw.stg_buildings"
[0m11:31:23.058402 [debug] [Thread-1 (]: Began executing node model.energy_dw.stg_buildings
[0m11:31:23.102553 [debug] [Thread-2 (]: Writing runtime sql for node "model.energy_dw.stg_energy_readings"
[0m11:31:23.103138 [debug] [Thread-1 (]: Writing runtime sql for node "model.energy_dw.stg_buildings"
[0m11:31:23.103836 [debug] [Thread-1 (]: Using duckdb connection "model.energy_dw.stg_buildings"
[0m11:31:23.104173 [debug] [Thread-1 (]: On model.energy_dw.stg_buildings: BEGIN
[0m11:31:23.104432 [debug] [Thread-1 (]: Opening a new connection, currently in state closed
[0m11:31:23.105236 [debug] [Thread-1 (]: SQL status: OK in 0.001 seconds
[0m11:31:23.105858 [debug] [Thread-2 (]: Using duckdb connection "model.energy_dw.stg_energy_readings"
[0m11:31:23.106522 [debug] [Thread-2 (]: On model.energy_dw.stg_energy_readings: BEGIN
[0m11:31:23.106753 [debug] [Thread-2 (]: Opening a new connection, currently in state closed
[0m11:31:23.107379 [debug] [Thread-2 (]: SQL status: OK in 0.001 seconds
[0m11:31:23.106229 [debug] [Thread-1 (]: Using duckdb connection "model.energy_dw.stg_buildings"
[0m11:31:23.108065 [debug] [Thread-1 (]: On model.energy_dw.stg_buildings: /* {"app": "dbt", "dbt_version": "1.11.11", "profile_name": "energy_dw", "target_name": "dev", "node_id": "model.energy_dw.stg_buildings"} */

  
  create view "energy_warehouse"."main_staging"."stg_buildings__dbt_tmp" as (
    -- stg_buildings.sql
-- Staging layer: clean and standardize raw building registry data
-- Applies data quality checks and type casting

with source as (
    select * from raw_buildings
),

cleaned as (
    select
        building_id::integer                        as building_id,
        trim(building_name)                         as building_name,
        upper(trim(building_type))                  as building_type,
        upper(trim(zone))                           as zone,
        trim(address)                               as address,
        year_built::integer                         as year_built,
        total_sqft::integer                         as total_sqft,
        num_floors::integer                         as num_floors,
        upper(trim(regulatory_authority))           as regulatory_authority,
        ll97_compliant::boolean                     as ll97_compliant,
        green_certified::boolean                    as green_certified,
        created_at::timestamp                       as created_at,

        -- Derived fields
        current_date - year_built::integer          as building_age_years,
        case
            when total_sqft < 25000  then 'Small'
            when total_sqft < 100000 then 'Medium'
            when total_sqft < 250000 then 'Large'
            else 'Enterprise'
        end                                         as size_category,

        -- Data quality flag
        case
            when building_name is null then 'INVALID'
            when total_sqft <= 0      then 'INVALID'
            when year_built < 1800    then 'INVALID'
            else 'VALID'
        end                                         as dq_status

    from source
    where building_id is not null
)

select * from cleaned
  );

[0m11:31:23.107737 [debug] [Thread-2 (]: Using duckdb connection "model.energy_dw.stg_energy_readings"
[0m11:31:23.108771 [debug] [Thread-2 (]: On model.energy_dw.stg_energy_readings: /* {"app": "dbt", "dbt_version": "1.11.11", "profile_name": "energy_dw", "target_name": "dev", "node_id": "model.energy_dw.stg_energy_readings"} */

  
  create view "energy_warehouse"."main_staging"."stg_energy_readings__dbt_tmp" as (
    -- stg_energy_readings.sql
-- Staging layer: clean raw smart meter readings
-- Handles data quality flags, outlier detection, lineage tracking

with source as (
    select * from raw_energy_readings
),

cleaned as (
    select
        reading_id::integer             as reading_id,
        building_id::integer            as building_id,
        date_id::integer                as date_id,
        kwh_consumed::double            as kwh_consumed,
        kwh_solar::double               as kwh_solar,
        kwh_net::double                 as kwh_net,
        carbon_kg::double               as carbon_kg,
        cost_usd::double                as cost_usd,
        peak_demand_kw::double          as peak_demand_kw,
        upper(data_quality_flag)        as data_quality_flag,

        -- Carbon intensity (kgCO2 per kWh)
        case
            when kwh_consumed > 0
            then round(carbon_kg / kwh_consumed, 4)
            else null
        end                             as carbon_intensity,

        -- Cost per kWh
        case
            when kwh_consumed > 0
            then round(cost_usd / kwh_consumed, 4)
            else null
        end                             as cost_per_kwh,

        -- Outlier flag (> 3 std devs from typical range)
        case
            when kwh_consumed > 50000 then true
            when kwh_consumed < 0     then true
            else false
        end                             as is_outlier

    from source
    where reading_id is not null
      and kwh_consumed >= 0
      and data_quality_flag != 'MISSING'
)

select * from cleaned
  );

[0m11:31:23.110188 [debug] [Thread-2 (]: SQL status: OK in 0.001 seconds
[0m11:31:23.116138 [debug] [Thread-2 (]: Using duckdb connection "model.energy_dw.stg_energy_readings"
[0m11:31:23.117544 [debug] [Thread-1 (]: SQL status: OK in 0.009 seconds
[0m11:31:23.118097 [debug] [Thread-2 (]: On model.energy_dw.stg_energy_readings: /* {"app": "dbt", "dbt_version": "1.11.11", "profile_name": "energy_dw", "target_name": "dev", "node_id": "model.energy_dw.stg_energy_readings"} */
alter view "energy_warehouse"."main_staging"."stg_energy_readings" rename to "stg_energy_readings__dbt_backup"
[0m11:31:23.122649 [debug] [Thread-2 (]: SQL status: OK in 0.000 seconds
[0m11:31:23.121867 [debug] [Thread-1 (]: Using duckdb connection "model.energy_dw.stg_buildings"
[0m11:31:23.125615 [debug] [Thread-1 (]: On model.energy_dw.stg_buildings: /* {"app": "dbt", "dbt_version": "1.11.11", "profile_name": "energy_dw", "target_name": "dev", "node_id": "model.energy_dw.stg_buildings"} */
alter view "energy_warehouse"."main_staging"."stg_buildings" rename to "stg_buildings__dbt_backup"
[0m11:31:23.126335 [debug] [Thread-1 (]: SQL status: OK in 0.000 seconds
[0m11:31:23.125258 [debug] [Thread-2 (]: Using duckdb connection "model.energy_dw.stg_energy_readings"
[0m11:31:23.129159 [debug] [Thread-2 (]: On model.energy_dw.stg_energy_readings: /* {"app": "dbt", "dbt_version": "1.11.11", "profile_name": "energy_dw", "target_name": "dev", "node_id": "model.energy_dw.stg_energy_readings"} */
alter view "energy_warehouse"."main_staging"."stg_energy_readings__dbt_tmp" rename to "stg_energy_readings"
[0m11:31:23.128788 [debug] [Thread-1 (]: Using duckdb connection "model.energy_dw.stg_buildings"
[0m11:31:23.130248 [debug] [Thread-1 (]: On model.energy_dw.stg_buildings: /* {"app": "dbt", "dbt_version": "1.11.11", "profile_name": "energy_dw", "target_name": "dev", "node_id": "model.energy_dw.stg_buildings"} */
alter view "energy_warehouse"."main_staging"."stg_buildings__dbt_tmp" rename to "stg_buildings"
[0m11:31:23.130842 [debug] [Thread-1 (]: SQL status: OK in 0.000 seconds
[0m11:31:23.129785 [debug] [Thread-2 (]: SQL status: OK in 0.000 seconds
[0m11:31:23.149852 [debug] [Thread-1 (]: On model.energy_dw.stg_buildings: COMMIT
[0m11:31:23.154350 [debug] [Thread-1 (]: Using duckdb connection "model.energy_dw.stg_buildings"
[0m11:31:23.154630 [debug] [Thread-1 (]: On model.energy_dw.stg_buildings: COMMIT
[0m11:31:23.153911 [debug] [Thread-2 (]: On model.energy_dw.stg_energy_readings: COMMIT
[0m11:31:23.155688 [debug] [Thread-2 (]: Using duckdb connection "model.energy_dw.stg_energy_readings"
[0m11:31:23.155979 [debug] [Thread-2 (]: On model.energy_dw.stg_energy_readings: COMMIT
[0m11:31:23.161897 [debug] [Thread-1 (]: SQL status: OK in 0.007 seconds
[0m11:31:23.167223 [debug] [Thread-1 (]: Using duckdb connection "model.energy_dw.stg_buildings"
[0m11:31:23.167796 [debug] [Thread-1 (]: On model.energy_dw.stg_buildings: /* {"app": "dbt", "dbt_version": "1.11.11", "profile_name": "energy_dw", "target_name": "dev", "node_id": "model.energy_dw.stg_buildings"} */

      drop view if exists "energy_warehouse"."main_staging"."stg_buildings__dbt_backup" cascade
    
[0m11:31:23.168173 [debug] [Thread-2 (]: SQL status: OK in 0.012 seconds
[0m11:31:23.170189 [debug] [Thread-2 (]: Using duckdb connection "model.energy_dw.stg_energy_readings"
[0m11:31:23.170533 [debug] [Thread-2 (]: On model.energy_dw.stg_energy_readings: /* {"app": "dbt", "dbt_version": "1.11.11", "profile_name": "energy_dw", "target_name": "dev", "node_id": "model.energy_dw.stg_energy_readings"} */

      drop view if exists "energy_warehouse"."main_staging"."stg_energy_readings__dbt_backup" cascade
    
[0m11:31:23.172508 [debug] [Thread-2 (]: SQL status: OK in 0.002 seconds
[0m11:31:23.175511 [debug] [Thread-2 (]: On model.energy_dw.stg_energy_readings: Close
[0m11:31:23.177604 [debug] [Thread-1 (]: SQL status: OK in 0.009 seconds
[0m11:31:23.178892 [debug] [Thread-1 (]: On model.energy_dw.stg_buildings: Close
[0m11:31:23.179685 [debug] [Thread-2 (]: Sending event: {'category': 'dbt', 'action': 'run_model', 'label': 'b9a72224-4abd-43ab-8018-c3e2735bed4e', 'context': [<snowplow_tracker.self_describing_json.SelfDescribingJson object at 0x7f79945aaa80>]}
[0m11:31:23.180383 [info ] [Thread-2 (]: 2 of 5 OK created sql view model main_staging.stg_energy_readings .............. [[32mOK[0m in 0.13s]
[0m11:31:23.180956 [debug] [Thread-2 (]: Finished running node model.energy_dw.stg_energy_readings
[0m11:31:23.181523 [debug] [Thread-1 (]: Sending event: {'category': 'dbt', 'action': 'run_model', 'label': 'b9a72224-4abd-43ab-8018-c3e2735bed4e', 'context': [<snowplow_tracker.self_describing_json.SelfDescribingJson object at 0x7f799473ac90>]}
[0m11:31:23.182045 [info ] [Thread-1 (]: 1 of 5 OK created sql view model main_staging.stg_buildings .................... [[32mOK[0m in 0.14s]
[0m11:31:23.182564 [debug] [Thread-1 (]: Finished running node model.energy_dw.stg_buildings
[0m11:31:23.183079 [debug] [Thread-4 (]: Began running node model.energy_dw.dim_buildings
[0m11:31:23.183735 [info ] [Thread-4 (]: 3 of 5 START sql table model main_marts.dim_buildings .......................... [RUN]
[0m11:31:23.184225 [debug] [Thread-4 (]: Acquiring new duckdb connection 'model.energy_dw.dim_buildings'
[0m11:31:23.184514 [debug] [Thread-4 (]: Began compiling node model.energy_dw.dim_buildings
[0m11:31:23.187148 [debug] [Thread-4 (]: Writing injected SQL for node "model.energy_dw.dim_buildings"
[0m11:31:23.187783 [debug] [Thread-4 (]: Began executing node model.energy_dw.dim_buildings
[0m11:31:23.206460 [debug] [Thread-4 (]: Writing runtime sql for node "model.energy_dw.dim_buildings"
[0m11:31:23.207080 [debug] [Thread-4 (]: Using duckdb connection "model.energy_dw.dim_buildings"
[0m11:31:23.207431 [debug] [Thread-4 (]: On model.energy_dw.dim_buildings: BEGIN
[0m11:31:23.207721 [debug] [Thread-4 (]: Opening a new connection, currently in state init
[0m11:31:23.208433 [debug] [Thread-4 (]: SQL status: OK in 0.001 seconds
[0m11:31:23.208720 [debug] [Thread-4 (]: Using duckdb connection "model.energy_dw.dim_buildings"
[0m11:31:23.209005 [debug] [Thread-4 (]: On model.energy_dw.dim_buildings: /* {"app": "dbt", "dbt_version": "1.11.11", "profile_name": "energy_dw", "target_name": "dev", "node_id": "model.energy_dw.dim_buildings"} */

  
    
    

    create  table
      "energy_warehouse"."main_marts"."dim_buildings__dbt_tmp"
  
    as (
      -- dim_buildings.sql
-- Dimension table: buildings with full descriptive context
-- Star schema dimension — joins to fact_energy_consumption
-- Implements row-level security zone tagging for regulatory access control

with stg as (
    select * from "energy_warehouse"."main_staging"."stg_buildings"
    where dq_status = 'VALID'
),

enriched as (
    select
        building_id,
        building_name,
        building_type,
        zone,
        address,
        year_built,
        total_sqft,
        num_floors,
        regulatory_authority,
        ll97_compliant,
        green_certified,
        building_age_years,
        size_category,
        created_at,

        -- LL97 threshold by building type (kgCO2/sqft/year)
        -- Source: NYC Local Law 97 penalty schedule
        case building_type
            when 'RESIDENTIAL HIGH-RISE' then 2.7
            when 'COMMERCIAL OFFICE'     then 4.5
            when 'RETAIL'                then 3.9
            when 'INDUSTRIAL'            then 6.2
            when 'MIXED-USE'             then 3.5
            when 'GOVERNMENT'            then 3.0
            else 3.5
        end                             as ll97_threshold_kg_per_sqft,

        -- Row-level security tag: which regulatory authority can view this building
        -- Used in LookML access_grants and Metabase row policies
        regulatory_authority            as rls_authority_tag,

        -- Surrogate key for SCD Type 1
        row_number() over (order by building_id) as building_sk

    from stg
)

select * from enriched
    );
  
  
[0m11:31:23.213750 [debug] [Thread-4 (]: SQL status: OK in 0.004 seconds
[0m11:31:23.218928 [debug] [Thread-4 (]: Using duckdb connection "model.energy_dw.dim_buildings"
[0m11:31:23.219308 [debug] [Thread-4 (]: On model.energy_dw.dim_buildings: /* {"app": "dbt", "dbt_version": "1.11.11", "profile_name": "energy_dw", "target_name": "dev", "node_id": "model.energy_dw.dim_buildings"} */

    SELECT index_name
    FROM duckdb_indexes()
    WHERE schema_name = 'main_marts'
      AND table_name = 'dim_buildings'
  
[0m11:31:23.220239 [debug] [Thread-4 (]: SQL status: OK in 0.001 seconds
[0m11:31:23.221459 [debug] [Thread-4 (]: Using duckdb connection "model.energy_dw.dim_buildings"
[0m11:31:23.221773 [debug] [Thread-4 (]: On model.energy_dw.dim_buildings: /* {"app": "dbt", "dbt_version": "1.11.11", "profile_name": "energy_dw", "target_name": "dev", "node_id": "model.energy_dw.dim_buildings"} */

    SELECT COUNT(*) as remaining_indexes
    FROM duckdb_indexes()
    WHERE schema_name = 'main_marts'
      AND table_name = 'dim_buildings'
  
[0m11:31:23.222644 [debug] [Thread-4 (]: SQL status: OK in 0.001 seconds
[0m11:31:23.225493 [debug] [Thread-4 (]: Using duckdb connection "model.energy_dw.dim_buildings"
[0m11:31:23.225854 [debug] [Thread-4 (]: On model.energy_dw.dim_buildings: /* {"app": "dbt", "dbt_version": "1.11.11", "profile_name": "energy_dw", "target_name": "dev", "node_id": "model.energy_dw.dim_buildings"} */
alter table "energy_warehouse"."main_marts"."dim_buildings" rename to "dim_buildings__dbt_backup"
[0m11:31:23.226503 [debug] [Thread-4 (]: SQL status: OK in 0.000 seconds
[0m11:31:23.228936 [debug] [Thread-4 (]: Using duckdb connection "model.energy_dw.dim_buildings"
[0m11:31:23.229296 [debug] [Thread-4 (]: On model.energy_dw.dim_buildings: /* {"app": "dbt", "dbt_version": "1.11.11", "profile_name": "energy_dw", "target_name": "dev", "node_id": "model.energy_dw.dim_buildings"} */
alter table "energy_warehouse"."main_marts"."dim_buildings__dbt_tmp" rename to "dim_buildings"
[0m11:31:23.229936 [debug] [Thread-4 (]: SQL status: OK in 0.000 seconds
[0m11:31:23.234912 [debug] [Thread-4 (]: On model.energy_dw.dim_buildings: COMMIT
[0m11:31:23.235314 [debug] [Thread-4 (]: Using duckdb connection "model.energy_dw.dim_buildings"
[0m11:31:23.235674 [debug] [Thread-4 (]: On model.energy_dw.dim_buildings: COMMIT
[0m11:31:23.239235 [debug] [Thread-4 (]: SQL status: OK in 0.003 seconds
[0m11:31:23.243002 [debug] [Thread-4 (]: Using duckdb connection "model.energy_dw.dim_buildings"
[0m11:31:23.243451 [debug] [Thread-4 (]: On model.energy_dw.dim_buildings: /* {"app": "dbt", "dbt_version": "1.11.11", "profile_name": "energy_dw", "target_name": "dev", "node_id": "model.energy_dw.dim_buildings"} */

      drop table if exists "energy_warehouse"."main_marts"."dim_buildings__dbt_backup" cascade
    
[0m11:31:23.246829 [debug] [Thread-4 (]: SQL status: OK in 0.003 seconds
[0m11:31:23.248183 [debug] [Thread-4 (]: On model.energy_dw.dim_buildings: Close
[0m11:31:23.248754 [debug] [Thread-4 (]: Sending event: {'category': 'dbt', 'action': 'run_model', 'label': 'b9a72224-4abd-43ab-8018-c3e2735bed4e', 'context': [<snowplow_tracker.self_describing_json.SelfDescribingJson object at 0x7f79926e0440>]}
[0m11:31:23.249318 [info ] [Thread-4 (]: 3 of 5 OK created sql table model main_marts.dim_buildings ..................... [[32mOK[0m in 0.06s]
[0m11:31:23.249809 [debug] [Thread-4 (]: Finished running node model.energy_dw.dim_buildings
[0m11:31:23.250462 [debug] [Thread-2 (]: Began running node model.energy_dw.fact_energy_consumption
[0m11:31:23.250880 [info ] [Thread-2 (]: 4 of 5 START sql table model main_marts.fact_energy_consumption ................ [RUN]
[0m11:31:23.251346 [debug] [Thread-2 (]: Re-using an available connection from the pool (formerly model.energy_dw.stg_energy_readings, now model.energy_dw.fact_energy_consumption)
[0m11:31:23.251696 [debug] [Thread-2 (]: Began compiling node model.energy_dw.fact_energy_consumption
[0m11:31:23.254610 [debug] [Thread-2 (]: Writing injected SQL for node "model.energy_dw.fact_energy_consumption"
[0m11:31:23.255181 [debug] [Thread-2 (]: Began executing node model.energy_dw.fact_energy_consumption
[0m11:31:23.257888 [debug] [Thread-2 (]: Writing runtime sql for node "model.energy_dw.fact_energy_consumption"
[0m11:31:23.258487 [debug] [Thread-2 (]: Using duckdb connection "model.energy_dw.fact_energy_consumption"
[0m11:31:23.258788 [debug] [Thread-2 (]: On model.energy_dw.fact_energy_consumption: BEGIN
[0m11:31:23.259063 [debug] [Thread-2 (]: Opening a new connection, currently in state closed
[0m11:31:23.259702 [debug] [Thread-2 (]: SQL status: OK in 0.001 seconds
[0m11:31:23.259975 [debug] [Thread-2 (]: Using duckdb connection "model.energy_dw.fact_energy_consumption"
[0m11:31:23.260332 [debug] [Thread-2 (]: On model.energy_dw.fact_energy_consumption: /* {"app": "dbt", "dbt_version": "1.11.11", "profile_name": "energy_dw", "target_name": "dev", "node_id": "model.energy_dw.fact_energy_consumption"} */

  
    
    

    create  table
      "energy_warehouse"."main_marts"."fact_energy_consumption__dbt_tmp"
  
    as (
      -- fact_energy_consumption.sql
-- Core fact table: daily energy consumption per building
-- Star schema center — joins to dim_buildings, dim_date, dim_weather
-- Grain: one row per building per day

with readings as (
    select * from "energy_warehouse"."main_staging"."stg_energy_readings"
    where is_outlier = false
      and data_quality_flag = 'VALID'
),

buildings as (
    select building_id, building_type, zone, total_sqft,
           ll97_threshold_kg_per_sqft, regulatory_authority
    from "energy_warehouse"."main_marts"."dim_buildings"
),

weather as (
    select * from raw_weather
),

time_dim as (
    select * from raw_time_dim
),

joined as (
    select
        -- Keys
        r.reading_id,
        r.building_id,
        r.date_id,

        -- Measures
        r.kwh_consumed,
        r.kwh_solar,
        r.kwh_net,
        r.carbon_kg,
        r.cost_usd,
        r.peak_demand_kw,
        r.carbon_intensity,
        r.cost_per_kwh,

        -- LL97 compliance measure
        round(r.carbon_kg / nullif(b.total_sqft, 0), 6)    as carbon_kg_per_sqft,
        b.ll97_threshold_kg_per_sqft                        as ll97_threshold,
        case
            when (r.carbon_kg / nullif(b.total_sqft, 0)) > b.ll97_threshold_kg_per_sqft
            then true else false
        end                                                 as ll97_violation_flag,

        -- Penalty estimate (daily pro-rated)
        case
            when (r.carbon_kg / nullif(b.total_sqft, 0)) > b.ll97_threshold_kg_per_sqft
            then round(
                ((r.carbon_kg / nullif(b.total_sqft, 0)) - b.ll97_threshold_kg_per_sqft)
                * b.total_sqft * 0.000268 / 365, 2
            )
            else 0.0
        end                                                 as daily_penalty_usd,

        -- Context
        b.building_type,
        b.zone,
        b.total_sqft,
        b.regulatory_authority,
        t.year,
        t.quarter,
        t.month,
        t.season,
        t.is_weekend,
        w.avg_temp_c,
        w.uv_index,
        w.precipitation_mm

    from readings r
    left join buildings b  on r.building_id = b.building_id
    left join time_dim  t  on r.date_id = t.date_id
    left join weather   w  on r.date_id = w.date_id
)

select * from joined
    );
  
  
[0m11:31:23.354575 [debug] [Thread-2 (]: SQL status: OK in 0.094 seconds
[0m11:31:23.356064 [debug] [Thread-2 (]: Using duckdb connection "model.energy_dw.fact_energy_consumption"
[0m11:31:23.356465 [debug] [Thread-2 (]: On model.energy_dw.fact_energy_consumption: /* {"app": "dbt", "dbt_version": "1.11.11", "profile_name": "energy_dw", "target_name": "dev", "node_id": "model.energy_dw.fact_energy_consumption"} */

    SELECT index_name
    FROM duckdb_indexes()
    WHERE schema_name = 'main_marts'
      AND table_name = 'fact_energy_consumption'
  
[0m11:31:23.357635 [debug] [Thread-2 (]: SQL status: OK in 0.001 seconds
[0m11:31:23.358997 [debug] [Thread-2 (]: Using duckdb connection "model.energy_dw.fact_energy_consumption"
[0m11:31:23.359367 [debug] [Thread-2 (]: On model.energy_dw.fact_energy_consumption: /* {"app": "dbt", "dbt_version": "1.11.11", "profile_name": "energy_dw", "target_name": "dev", "node_id": "model.energy_dw.fact_energy_consumption"} */

    SELECT COUNT(*) as remaining_indexes
    FROM duckdb_indexes()
    WHERE schema_name = 'main_marts'
      AND table_name = 'fact_energy_consumption'
  
[0m11:31:23.360301 [debug] [Thread-2 (]: SQL status: OK in 0.001 seconds
[0m11:31:23.363470 [debug] [Thread-2 (]: Using duckdb connection "model.energy_dw.fact_energy_consumption"
[0m11:31:23.363873 [debug] [Thread-2 (]: On model.energy_dw.fact_energy_consumption: /* {"app": "dbt", "dbt_version": "1.11.11", "profile_name": "energy_dw", "target_name": "dev", "node_id": "model.energy_dw.fact_energy_consumption"} */
alter table "energy_warehouse"."main_marts"."fact_energy_consumption" rename to "fact_energy_consumption__dbt_backup"
[0m11:31:23.364637 [debug] [Thread-2 (]: SQL status: OK in 0.000 seconds
[0m11:31:23.367350 [debug] [Thread-2 (]: Using duckdb connection "model.energy_dw.fact_energy_consumption"
[0m11:31:23.367719 [debug] [Thread-2 (]: On model.energy_dw.fact_energy_consumption: /* {"app": "dbt", "dbt_version": "1.11.11", "profile_name": "energy_dw", "target_name": "dev", "node_id": "model.energy_dw.fact_energy_consumption"} */
alter table "energy_warehouse"."main_marts"."fact_energy_consumption__dbt_tmp" rename to "fact_energy_consumption"
[0m11:31:23.368411 [debug] [Thread-2 (]: SQL status: OK in 0.000 seconds
[0m11:31:23.370059 [debug] [Thread-2 (]: On model.energy_dw.fact_energy_consumption: COMMIT
[0m11:31:23.370443 [debug] [Thread-2 (]: Using duckdb connection "model.energy_dw.fact_energy_consumption"
[0m11:31:23.370694 [debug] [Thread-2 (]: On model.energy_dw.fact_energy_consumption: COMMIT
[0m11:31:23.495162 [debug] [Thread-2 (]: SQL status: OK in 0.124 seconds
[0m11:31:23.497866 [debug] [Thread-2 (]: Using duckdb connection "model.energy_dw.fact_energy_consumption"
[0m11:31:23.498269 [debug] [Thread-2 (]: On model.energy_dw.fact_energy_consumption: /* {"app": "dbt", "dbt_version": "1.11.11", "profile_name": "energy_dw", "target_name": "dev", "node_id": "model.energy_dw.fact_energy_consumption"} */

      drop table if exists "energy_warehouse"."main_marts"."fact_energy_consumption__dbt_backup" cascade
    
[0m11:31:23.501938 [debug] [Thread-2 (]: SQL status: OK in 0.003 seconds
[0m11:31:23.503549 [debug] [Thread-2 (]: On model.energy_dw.fact_energy_consumption: Close
[0m11:31:23.504196 [debug] [Thread-2 (]: Sending event: {'category': 'dbt', 'action': 'run_model', 'label': 'b9a72224-4abd-43ab-8018-c3e2735bed4e', 'context': [<snowplow_tracker.self_describing_json.SelfDescribingJson object at 0x7f79926e15e0>]}
[0m11:31:23.504788 [info ] [Thread-2 (]: 4 of 5 OK created sql table model main_marts.fact_energy_consumption ........... [[32mOK[0m in 0.25s]
[0m11:31:23.505490 [debug] [Thread-2 (]: Finished running node model.energy_dw.fact_energy_consumption
[0m11:31:23.506256 [debug] [Thread-3 (]: Began running node model.energy_dw.metrics_energy_kpis
[0m11:31:23.506698 [info ] [Thread-3 (]: 5 of 5 START sql table model main_metrics.metrics_energy_kpis .................. [RUN]
[0m11:31:23.507150 [debug] [Thread-3 (]: Re-using an available connection from the pool (formerly list_energy_warehouse_main_metrics, now model.energy_dw.metrics_energy_kpis)
[0m11:31:23.507466 [debug] [Thread-3 (]: Began compiling node model.energy_dw.metrics_energy_kpis
[0m11:31:23.510393 [debug] [Thread-3 (]: Writing injected SQL for node "model.energy_dw.metrics_energy_kpis"
[0m11:31:23.511016 [debug] [Thread-3 (]: Began executing node model.energy_dw.metrics_energy_kpis
[0m11:31:23.513865 [debug] [Thread-3 (]: Writing runtime sql for node "model.energy_dw.metrics_energy_kpis"
[0m11:31:23.514468 [debug] [Thread-3 (]: Using duckdb connection "model.energy_dw.metrics_energy_kpis"
[0m11:31:23.514790 [debug] [Thread-3 (]: On model.energy_dw.metrics_energy_kpis: BEGIN
[0m11:31:23.515058 [debug] [Thread-3 (]: Opening a new connection, currently in state closed
[0m11:31:23.515912 [debug] [Thread-3 (]: SQL status: OK in 0.001 seconds
[0m11:31:23.516243 [debug] [Thread-3 (]: Using duckdb connection "model.energy_dw.metrics_energy_kpis"
[0m11:31:23.516586 [debug] [Thread-3 (]: On model.energy_dw.metrics_energy_kpis: /* {"app": "dbt", "dbt_version": "1.11.11", "profile_name": "energy_dw", "target_name": "dev", "node_id": "model.energy_dw.metrics_energy_kpis"} */

  
    
    

    create  table
      "energy_warehouse"."main_metrics"."metrics_energy_kpis__dbt_tmp"
  
    as (
      -- metrics_energy_kpis.sql
-- Aggregated KPI metrics for executive dashboards
-- Powers Metabase dashboards and LookML measures
-- Grain: one row per building per month

with fact as (
    select * from "energy_warehouse"."main_marts"."fact_energy_consumption"
),

monthly_kpis as (
    select
        building_id,
        building_type,
        zone,
        regulatory_authority,
        year,
        month,
        season,

        -- Consumption KPIs
        sum(kwh_consumed)                               as total_kwh,
        sum(kwh_solar)                                  as total_solar_kwh,
        avg(kwh_consumed)                               as avg_daily_kwh,
        max(kwh_consumed)                               as peak_daily_kwh,
        min(kwh_consumed)                               as min_daily_kwh,

        -- Carbon KPIs
        sum(carbon_kg)                                  as total_carbon_kg,
        round(sum(carbon_kg) / 1000, 2)                 as total_carbon_tonnes,
        avg(carbon_intensity)                           as avg_carbon_intensity,

        -- Financial KPIs
        sum(cost_usd)                                   as total_cost_usd,
        avg(cost_per_kwh)                               as avg_cost_per_kwh,
        sum(daily_penalty_usd)                          as total_ll97_penalty_usd,

        -- Compliance KPIs
        count(case when ll97_violation_flag then 1 end) as days_in_violation,
        count(*)                                        as total_days,
        round(
            count(case when ll97_violation_flag then 1 end) * 100.0 / count(*), 2
        )                                               as violation_rate_pct,

        -- Efficiency KPIs
        round(sum(kwh_solar) / nullif(sum(kwh_consumed), 0) * 100, 2) as solar_pct,

        -- Rolling window (window functions for trend analysis)
        sum(sum(kwh_consumed)) over (
            partition by building_id
            order by year, month
            rows between 2 preceding and current row
        )                                               as rolling_3m_kwh,

        avg(avg(carbon_intensity)) over (
            partition by building_id
            order by year, month
            rows between 11 preceding and current row
        )                                               as rolling_12m_avg_carbon_intensity

    from fact
    group by 1,2,3,4,5,6,7
),

with_yoy as (
    select
        m.*,
        -- Year-over-year comparison using window function
        lag(total_kwh, 12) over (
            partition by building_id
            order by year, month
        )                                               as prev_year_kwh,

        round(
            (total_kwh - lag(total_kwh, 12) over (
                partition by building_id order by year, month
            )) / nullif(lag(total_kwh, 12) over (
                partition by building_id order by year, month
            ), 0) * 100, 2
        )                                               as yoy_kwh_change_pct

    from monthly_kpis m
)

select * from with_yoy
    );
  
  
[0m11:31:23.560560 [debug] [Thread-3 (]: SQL status: OK in 0.043 seconds
[0m11:31:23.561859 [debug] [Thread-3 (]: Using duckdb connection "model.energy_dw.metrics_energy_kpis"
[0m11:31:23.562229 [debug] [Thread-3 (]: On model.energy_dw.metrics_energy_kpis: /* {"app": "dbt", "dbt_version": "1.11.11", "profile_name": "energy_dw", "target_name": "dev", "node_id": "model.energy_dw.metrics_energy_kpis"} */

    SELECT index_name
    FROM duckdb_indexes()
    WHERE schema_name = 'main_metrics'
      AND table_name = 'metrics_energy_kpis'
  
[0m11:31:23.563260 [debug] [Thread-3 (]: SQL status: OK in 0.001 seconds
[0m11:31:23.564685 [debug] [Thread-3 (]: Using duckdb connection "model.energy_dw.metrics_energy_kpis"
[0m11:31:23.565039 [debug] [Thread-3 (]: On model.energy_dw.metrics_energy_kpis: /* {"app": "dbt", "dbt_version": "1.11.11", "profile_name": "energy_dw", "target_name": "dev", "node_id": "model.energy_dw.metrics_energy_kpis"} */

    SELECT COUNT(*) as remaining_indexes
    FROM duckdb_indexes()
    WHERE schema_name = 'main_metrics'
      AND table_name = 'metrics_energy_kpis'
  
[0m11:31:23.566024 [debug] [Thread-3 (]: SQL status: OK in 0.001 seconds
[0m11:31:23.569186 [debug] [Thread-3 (]: Using duckdb connection "model.energy_dw.metrics_energy_kpis"
[0m11:31:23.569561 [debug] [Thread-3 (]: On model.energy_dw.metrics_energy_kpis: /* {"app": "dbt", "dbt_version": "1.11.11", "profile_name": "energy_dw", "target_name": "dev", "node_id": "model.energy_dw.metrics_energy_kpis"} */
alter table "energy_warehouse"."main_metrics"."metrics_energy_kpis" rename to "metrics_energy_kpis__dbt_backup"
[0m11:31:23.570271 [debug] [Thread-3 (]: SQL status: OK in 0.000 seconds
[0m11:31:23.573031 [debug] [Thread-3 (]: Using duckdb connection "model.energy_dw.metrics_energy_kpis"
[0m11:31:23.573409 [debug] [Thread-3 (]: On model.energy_dw.metrics_energy_kpis: /* {"app": "dbt", "dbt_version": "1.11.11", "profile_name": "energy_dw", "target_name": "dev", "node_id": "model.energy_dw.metrics_energy_kpis"} */
alter table "energy_warehouse"."main_metrics"."metrics_energy_kpis__dbt_tmp" rename to "metrics_energy_kpis"
[0m11:31:23.574090 [debug] [Thread-3 (]: SQL status: OK in 0.000 seconds
[0m11:31:23.575803 [debug] [Thread-3 (]: On model.energy_dw.metrics_energy_kpis: COMMIT
[0m11:31:23.576168 [debug] [Thread-3 (]: Using duckdb connection "model.energy_dw.metrics_energy_kpis"
[0m11:31:23.576467 [debug] [Thread-3 (]: On model.energy_dw.metrics_energy_kpis: COMMIT
[0m11:31:23.593979 [debug] [Thread-3 (]: SQL status: OK in 0.017 seconds
[0m11:31:23.598244 [debug] [Thread-3 (]: Using duckdb connection "model.energy_dw.metrics_energy_kpis"
[0m11:31:23.598657 [debug] [Thread-3 (]: On model.energy_dw.metrics_energy_kpis: /* {"app": "dbt", "dbt_version": "1.11.11", "profile_name": "energy_dw", "target_name": "dev", "node_id": "model.energy_dw.metrics_energy_kpis"} */

      drop table if exists "energy_warehouse"."main_metrics"."metrics_energy_kpis__dbt_backup" cascade
    
[0m11:31:23.601236 [debug] [Thread-3 (]: SQL status: OK in 0.002 seconds
[0m11:31:23.602672 [debug] [Thread-3 (]: On model.energy_dw.metrics_energy_kpis: Close
[0m11:31:23.603250 [debug] [Thread-3 (]: Sending event: {'category': 'dbt', 'action': 'run_model', 'label': 'b9a72224-4abd-43ab-8018-c3e2735bed4e', 'context': [<snowplow_tracker.self_describing_json.SelfDescribingJson object at 0x7f7992bc2e40>]}
[0m11:31:23.603885 [info ] [Thread-3 (]: 5 of 5 OK created sql table model main_metrics.metrics_energy_kpis ............. [[32mOK[0m in 0.10s]
[0m11:31:23.604513 [debug] [Thread-3 (]: Finished running node model.energy_dw.metrics_energy_kpis
[0m11:31:23.606309 [debug] [MainThread]: Using duckdb connection "master"
[0m11:31:23.606603 [debug] [MainThread]: On master: BEGIN
[0m11:31:23.606850 [debug] [MainThread]: Opening a new connection, currently in state closed
[0m11:31:23.607407 [debug] [MainThread]: SQL status: OK in 0.001 seconds
[0m11:31:23.607715 [debug] [MainThread]: On master: COMMIT
[0m11:31:23.607930 [debug] [MainThread]: Using duckdb connection "master"
[0m11:31:23.608145 [debug] [MainThread]: On master: COMMIT
[0m11:31:23.608550 [debug] [MainThread]: SQL status: OK in 0.000 seconds
[0m11:31:23.608871 [debug] [MainThread]: On master: Close
[0m11:31:23.609237 [debug] [MainThread]: Connection 'master' was properly closed.
[0m11:31:23.609445 [debug] [MainThread]: Connection 'model.energy_dw.stg_buildings' was properly closed.
[0m11:31:23.609613 [debug] [MainThread]: Connection 'model.energy_dw.fact_energy_consumption' was properly closed.
[0m11:31:23.609814 [debug] [MainThread]: Connection 'model.energy_dw.metrics_energy_kpis' was properly closed.
[0m11:31:23.609997 [debug] [MainThread]: Connection 'model.energy_dw.dim_buildings' was properly closed.
[0m11:31:23.610340 [info ] [MainThread]: 
[0m11:31:23.610646 [info ] [MainThread]: Finished running 3 table models, 2 view models in 0 hours 0 minutes and 0.82 seconds (0.82s).
[0m11:31:23.611718 [debug] [MainThread]: Command end result
[0m11:31:23.636916 [debug] [MainThread]: Wrote artifact WritableManifest to ./target/manifest.json
[0m11:31:23.638821 [debug] [MainThread]: Wrote artifact SemanticManifest to ./target/semantic_manifest.json
[0m11:31:23.644931 [debug] [MainThread]: Wrote artifact RunExecutionResult to ./target/run_results.json
[0m11:31:23.645302 [info ] [MainThread]: 
[0m11:31:23.645698 [info ] [MainThread]: [32mCompleted successfully[0m
[0m11:31:23.646012 [info ] [MainThread]: 
[0m11:31:23.646644 [info ] [MainThread]: Done. PASS=5 WARN=0 ERROR=0 SKIP=0 NO-OP=0 TOTAL=5
[0m11:31:23.647716 [debug] [MainThread]: Resource report: {"command_name": "run", "command_success": true, "command_wall_clock_time": 1.5889324, "process_in_blocks": "0", "process_kernel_time": 0.17567, "process_mem_max_rss": "212516", "process_out_blocks": "10976", "process_user_time": 2.806627}
[0m11:31:23.648193 [debug] [MainThread]: Command `dbt run` succeeded at 11:31:23.648065 after 1.59 seconds
[0m11:31:23.648528 [debug] [MainThread]: Sending event: {'category': 'dbt', 'action': 'invocation', 'label': 'end', 'context': [<snowplow_tracker.self_describing_json.SelfDescribingJson object at 0x7f799a11a690>, <snowplow_tracker.self_describing_json.SelfDescribingJson object at 0x7f799a0b9610>, <snowplow_tracker.self_describing_json.SelfDescribingJson object at 0x7f799a0ba1b0>]}
[0m11:31:23.648828 [debug] [MainThread]: Flushing usage events
[0m11:31:23.688297 [debug] [MainThread]: An error was encountered while trying to flush usage events
[0m11:31:25.521992 [debug] [MainThread]: Sending event: {'category': 'dbt', 'action': 'invocation', 'label': 'start', 'context': [<snowplow_tracker.self_describing_json.SelfDescribingJson object at 0x7f7d11774fe0>, <snowplow_tracker.self_describing_json.SelfDescribingJson object at 0x7f7d12299460>, <snowplow_tracker.self_describing_json.SelfDescribingJson object at 0x7f7d140d9f70>]}


============================== 11:31:25.525237 | 0a12bb2d-ebfc-45d5-ba29-cfe8d0c21331 ==============================
[0m11:31:25.525237 [info ] [MainThread]: Running with dbt=1.11.11
[0m11:31:25.525750 [debug] [MainThread]: running dbt with arguments {'log_cache_events': 'False', 'empty': 'None', 'no_print': 'None', 'static_parser': 'True', 'use_colors': 'True', 'profiles_dir': '.', 'introspect': 'True', 'invocation_command': 'dbt test --profiles-dir . --project-dir .', 'version_check': 'True', 'indirect_selection': 'eager', 'cache_selected_only': 'False', 'log_path': 'logs', 'log_format': 'default', 'send_anonymous_usage_stats': 'True', 'fail_fast': 'False', 'printer_width': '80', 'warn_error': 'None', 'write_json': 'True', 'quiet': 'False', 'warn_error_options': 'WarnErrorOptionsV2(error=[], warn=[], silence=[])', 'use_experimental_parser': 'False', 'target_path': 'None', 'partial_parse': 'True', 'debug': 'False'}
[0m11:31:25.762378 [debug] [MainThread]: Sending event: {'category': 'dbt', 'action': 'project_id', 'label': '0a12bb2d-ebfc-45d5-ba29-cfe8d0c21331', 'context': [<snowplow_tracker.self_describing_json.SelfDescribingJson object at 0x7f7d10c57da0>]}
[0m11:31:25.836089 [debug] [MainThread]: Sending event: {'category': 'dbt', 'action': 'adapter_info', 'label': '0a12bb2d-ebfc-45d5-ba29-cfe8d0c21331', 'context': [<snowplow_tracker.self_describing_json.SelfDescribingJson object at 0x7f7d10ebd6d0>]}
[0m11:31:25.837910 [info ] [MainThread]: Registered adapter: duckdb=1.10.1
[0m11:31:25.918907 [debug] [MainThread]: checksum: 30a8cc8fdcbf66701b0944d4ccce3fa46dd04b61e5df68b9f16d57b2e0e3f0be, vars: {}, profile: , target: , version: 1.11.11
[0m11:31:26.021681 [debug] [MainThread]: Partial parsing enabled: 0 files deleted, 0 files added, 0 files changed.
[0m11:31:26.022235 [debug] [MainThread]: Nothing changed, skipping partial parsing.
[0m11:31:26.022589 [debug] [MainThread]: Partial parsing enabled, no changes found, skipping parsing
[0m11:31:26.063986 [debug] [MainThread]: Sending event: {'category': 'dbt', 'action': 'load_project', 'label': '0a12bb2d-ebfc-45d5-ba29-cfe8d0c21331', 'context': [<snowplow_tracker.self_describing_json.SelfDescribingJson object at 0x7f7d0c680590>]}
[0m11:31:26.139478 [debug] [MainThread]: Wrote artifact WritableManifest to ./target/manifest.json
[0m11:31:26.141260 [debug] [MainThread]: Wrote artifact SemanticManifest to ./target/semantic_manifest.json
[0m11:31:26.159248 [debug] [MainThread]: Sending event: {'category': 'dbt', 'action': 'resource_counts', 'label': '0a12bb2d-ebfc-45d5-ba29-cfe8d0c21331', 'context': [<snowplow_tracker.self_describing_json.SelfDescribingJson object at 0x7f7d0c35d670>]}
[0m11:31:26.159748 [info ] [MainThread]: Found 5 models, 22 data tests, 485 macros
[0m11:31:26.160186 [debug] [MainThread]: Sending event: {'category': 'dbt', 'action': 'runnable_timing', 'label': '0a12bb2d-ebfc-45d5-ba29-cfe8d0c21331', 'context': [<snowplow_tracker.self_describing_json.SelfDescribingJson object at 0x7f7d10c56870>]}
[0m11:31:26.162762 [info ] [MainThread]: 
[0m11:31:26.163155 [info ] [MainThread]: Concurrency: 4 threads (target='dev')
[0m11:31:26.163407 [info ] [MainThread]: 
[0m11:31:26.163891 [debug] [MainThread]: Acquiring new duckdb connection 'master'
[0m11:31:26.168956 [debug] [ThreadPool]: Acquiring new duckdb connection 'list_energy_warehouse_main_marts'
[0m11:31:26.169492 [debug] [ThreadPool]: Acquiring new duckdb connection 'list_energy_warehouse_main_metrics'
[0m11:31:26.182778 [debug] [ThreadPool]: Acquiring new duckdb connection 'list_energy_warehouse_main_staging'
[0m11:31:26.205972 [debug] [ThreadPool]: Using duckdb connection "list_energy_warehouse_main_metrics"
[0m11:31:26.206313 [debug] [ThreadPool]: Using duckdb connection "list_energy_warehouse_main_staging"
[0m11:31:26.206558 [debug] [ThreadPool]: Using duckdb connection "list_energy_warehouse_main_marts"
[0m11:31:26.207288 [debug] [ThreadPool]: On list_energy_warehouse_main_marts: BEGIN
[0m11:31:26.207487 [debug] [ThreadPool]: Opening a new connection, currently in state init
[0m11:31:26.206818 [debug] [ThreadPool]: On list_energy_warehouse_main_metrics: BEGIN
[0m11:31:26.211788 [debug] [ThreadPool]: Opening a new connection, currently in state init
[0m11:31:26.207047 [debug] [ThreadPool]: On list_energy_warehouse_main_staging: BEGIN
[0m11:31:26.212096 [debug] [ThreadPool]: Opening a new connection, currently in state init
[0m11:31:26.222593 [debug] [ThreadPool]: SQL status: OK in 0.010 seconds
[0m11:31:26.222906 [debug] [ThreadPool]: Using duckdb connection "list_energy_warehouse_main_staging"
[0m11:31:26.223183 [debug] [ThreadPool]: On list_energy_warehouse_main_staging: /* {"app": "dbt", "dbt_version": "1.11.11", "profile_name": "energy_dw", "target_name": "dev", "connection_name": "list_energy_warehouse_main_staging"} */
select
      'energy_warehouse' as database,
      table_name as name,
      table_schema as schema,
      CASE table_type
        WHEN 'BASE TABLE' THEN 'table'
        WHEN 'VIEW' THEN 'view'
        WHEN 'LOCAL TEMPORARY' THEN 'table'
        END as type
    from system.information_schema.tables
    where lower(table_schema) = 'main_staging'
    and lower(table_catalog) = 'energy_warehouse'
  
[0m11:31:26.223916 [debug] [ThreadPool]: SQL status: OK in 0.012 seconds
[0m11:31:26.224216 [debug] [ThreadPool]: Using duckdb connection "list_energy_warehouse_main_metrics"
[0m11:31:26.224437 [debug] [ThreadPool]: On list_energy_warehouse_main_metrics: /* {"app": "dbt", "dbt_version": "1.11.11", "profile_name": "energy_dw", "target_name": "dev", "connection_name": "list_energy_warehouse_main_metrics"} */
select
      'energy_warehouse' as database,
      table_name as name,
      table_schema as schema,
      CASE table_type
        WHEN 'BASE TABLE' THEN 'table'
        WHEN 'VIEW' THEN 'view'
        WHEN 'LOCAL TEMPORARY' THEN 'table'
        END as type
    from system.information_schema.tables
    where lower(table_schema) = 'main_metrics'
    and lower(table_catalog) = 'energy_warehouse'
  
[0m11:31:26.224915 [debug] [ThreadPool]: SQL status: OK in 0.017 seconds
[0m11:31:26.225193 [debug] [ThreadPool]: Using duckdb connection "list_energy_warehouse_main_marts"
[0m11:31:26.225411 [debug] [ThreadPool]: On list_energy_warehouse_main_marts: /* {"app": "dbt", "dbt_version": "1.11.11", "profile_name": "energy_dw", "target_name": "dev", "connection_name": "list_energy_warehouse_main_marts"} */
select
      'energy_warehouse' as database,
      table_name as name,
      table_schema as schema,
      CASE table_type
        WHEN 'BASE TABLE' THEN 'table'
        WHEN 'VIEW' THEN 'view'
        WHEN 'LOCAL TEMPORARY' THEN 'table'
        END as type
    from system.information_schema.tables
    where lower(table_schema) = 'main_marts'
    and lower(table_catalog) = 'energy_warehouse'
  
[0m11:31:26.230323 [debug] [ThreadPool]: SQL status: OK in 0.005 seconds
[0m11:31:26.232154 [debug] [ThreadPool]: On list_energy_warehouse_main_marts: ROLLBACK
[0m11:31:26.233317 [debug] [ThreadPool]: SQL status: OK in 0.009 seconds
[0m11:31:26.233871 [debug] [ThreadPool]: SQL status: OK in 0.010 seconds
[0m11:31:26.236718 [debug] [ThreadPool]: On list_energy_warehouse_main_staging: ROLLBACK
[0m11:31:26.237705 [debug] [ThreadPool]: Failed to rollback 'list_energy_warehouse_main_staging'
[0m11:31:26.237980 [debug] [ThreadPool]: On list_energy_warehouse_main_staging: Close
[0m11:31:26.235505 [debug] [ThreadPool]: On list_energy_warehouse_main_metrics: ROLLBACK
[0m11:31:26.238955 [debug] [ThreadPool]: Failed to rollback 'list_energy_warehouse_main_metrics'
[0m11:31:26.240385 [debug] [ThreadPool]: On list_energy_warehouse_main_metrics: Close
[0m11:31:26.240093 [debug] [ThreadPool]: Failed to rollback 'list_energy_warehouse_main_marts'
[0m11:31:26.240932 [debug] [ThreadPool]: On list_energy_warehouse_main_marts: Close
[0m11:31:26.241906 [debug] [MainThread]: Sending event: {'category': 'dbt', 'action': 'runnable_timing', 'label': '0a12bb2d-ebfc-45d5-ba29-cfe8d0c21331', 'context': [<snowplow_tracker.self_describing_json.SelfDescribingJson object at 0x7f7d10c572f0>]}
[0m11:31:26.242367 [debug] [MainThread]: Using duckdb connection "master"
[0m11:31:26.242598 [debug] [MainThread]: On master: BEGIN
[0m11:31:26.242797 [debug] [MainThread]: Opening a new connection, currently in state init
[0m11:31:26.243332 [debug] [MainThread]: SQL status: OK in 0.000 seconds
[0m11:31:26.243579 [debug] [MainThread]: On master: COMMIT
[0m11:31:26.243955 [debug] [MainThread]: Using duckdb connection "master"
[0m11:31:26.244180 [debug] [MainThread]: On master: COMMIT
[0m11:31:26.244575 [debug] [MainThread]: SQL status: OK in 0.000 seconds
[0m11:31:26.244812 [debug] [MainThread]: On master: Close
[0m11:31:26.246846 [debug] [Thread-1 (]: Began running node test.energy_dw.accepted_values_stg_buildings_building_type__RESIDENTIAL_HIGH_RISE__COMMERCIAL_OFFICE__RETAIL__INDUSTRIAL__MIXED_USE__GOVERNMENT.4898e69a47
[0m11:31:26.247654 [debug] [Thread-2 (]: Began running node test.energy_dw.accepted_values_stg_buildings_zone__MANHATTAN__BROOKLYN__QUEENS__BRONX__STATEN_ISLAND.9459366323
[0m11:31:26.247273 [info ] [Thread-1 (]: 1 of 22 START test accepted_values_stg_buildings_building_type__RESIDENTIAL_HIGH_RISE__COMMERCIAL_OFFICE__RETAIL__INDUSTRIAL__MIXED_USE__GOVERNMENT  [RUN]
[0m11:31:26.309947 [debug] [Thread-1 (]: Re-using an available connection from the pool (formerly list_energy_warehouse_main_staging, now test.energy_dw.accepted_values_stg_buildings_building_type__RESIDENTIAL_HIGH_RISE__COMMERCIAL_OFFICE__RETAIL__INDUSTRIAL__MIXED_USE__GOVERNMENT.4898e69a47)
[0m11:31:26.310379 [debug] [Thread-1 (]: Began compiling node test.energy_dw.accepted_values_stg_buildings_building_type__RESIDENTIAL_HIGH_RISE__COMMERCIAL_OFFICE__RETAIL__INDUSTRIAL__MIXED_USE__GOVERNMENT.4898e69a47
[0m11:31:26.316871 [debug] [Thread-3 (]: Began running node test.energy_dw.accepted_values_stg_energy_readings_data_quality_flag__VALID__ESTIMATED.0a80c8ca2b
[0m11:31:26.317272 [debug] [Thread-4 (]: Began running node test.energy_dw.not_null_dim_buildings_building_id.b2f1e514f3
[0m11:31:26.247965 [info ] [Thread-2 (]: 2 of 22 START test accepted_values_stg_buildings_zone__MANHATTAN__BROOKLYN__QUEENS__BRONX__STATEN_ISLAND  [RUN]
[0m11:31:26.318359 [debug] [Thread-2 (]: Re-using an available connection from the pool (formerly list_energy_warehouse_main_marts, now test.energy_dw.accepted_values_stg_buildings_zone__MANHATTAN__BROOKLYN__QUEENS__BRONX__STATEN_ISLAND.9459366323)
[0m11:31:26.318633 [debug] [Thread-2 (]: Began compiling node test.energy_dw.accepted_values_stg_buildings_zone__MANHATTAN__BROOKLYN__QUEENS__BRONX__STATEN_ISLAND.9459366323
[0m11:31:26.317717 [info ] [Thread-3 (]: 3 of 22 START test accepted_values_stg_energy_readings_data_quality_flag__VALID__ESTIMATED  [RUN]
[0m11:31:26.329043 [debug] [Thread-3 (]: Re-using an available connection from the pool (formerly list_energy_warehouse_main_metrics, now test.energy_dw.accepted_values_stg_energy_readings_data_quality_flag__VALID__ESTIMATED.0a80c8ca2b)
[0m11:31:26.329428 [debug] [Thread-3 (]: Began compiling node test.energy_dw.accepted_values_stg_energy_readings_data_quality_flag__VALID__ESTIMATED.0a80c8ca2b
[0m11:31:26.338321 [debug] [Thread-2 (]: Writing injected SQL for node "test.energy_dw.accepted_values_stg_buildings_zone__MANHATTAN__BROOKLYN__QUEENS__BRONX__STATEN_ISLAND.9459366323"
[0m11:31:26.344416 [debug] [Thread-2 (]: Began executing node test.energy_dw.accepted_values_stg_buildings_zone__MANHATTAN__BROOKLYN__QUEENS__BRONX__STATEN_ISLAND.9459366323
[0m11:31:26.317972 [info ] [Thread-4 (]: 4 of 22 START test not_null_dim_buildings_building_id .......................... [RUN]
[0m11:31:26.355425 [debug] [Thread-4 (]: Acquiring new duckdb connection 'test.energy_dw.not_null_dim_buildings_building_id.b2f1e514f3'
[0m11:31:26.355749 [debug] [Thread-4 (]: Began compiling node test.energy_dw.not_null_dim_buildings_building_id.b2f1e514f3
[0m11:31:26.343585 [debug] [Thread-1 (]: Writing injected SQL for node "test.energy_dw.accepted_values_stg_buildings_building_type__RESIDENTIAL_HIGH_RISE__COMMERCIAL_OFFICE__RETAIL__INDUSTRIAL__MIXED_USE__GOVERNMENT.4898e69a47"
[0m11:31:26.364323 [debug] [Thread-1 (]: Began executing node test.energy_dw.accepted_values_stg_buildings_building_type__RESIDENTIAL_HIGH_RISE__COMMERCIAL_OFFICE__RETAIL__INDUSTRIAL__MIXED_USE__GOVERNMENT.4898e69a47
[0m11:31:26.354886 [debug] [Thread-3 (]: Writing injected SQL for node "test.energy_dw.accepted_values_stg_energy_readings_data_quality_flag__VALID__ESTIMATED.0a80c8ca2b"
[0m11:31:26.381142 [debug] [Thread-3 (]: Began executing node test.energy_dw.accepted_values_stg_energy_readings_data_quality_flag__VALID__ESTIMATED.0a80c8ca2b
[0m11:31:26.383053 [debug] [Thread-3 (]: Writing runtime sql for node "test.energy_dw.accepted_values_stg_energy_readings_data_quality_flag__VALID__ESTIMATED.0a80c8ca2b"
[0m11:31:26.363661 [debug] [Thread-4 (]: Writing injected SQL for node "test.energy_dw.not_null_dim_buildings_building_id.b2f1e514f3"
[0m11:31:26.384210 [debug] [Thread-4 (]: Began executing node test.energy_dw.not_null_dim_buildings_building_id.b2f1e514f3
[0m11:31:26.383732 [debug] [Thread-3 (]: Using duckdb connection "test.energy_dw.accepted_values_stg_energy_readings_data_quality_flag__VALID__ESTIMATED.0a80c8ca2b"
[0m11:31:26.392780 [debug] [Thread-3 (]: On test.energy_dw.accepted_values_stg_energy_readings_data_quality_flag__VALID__ESTIMATED.0a80c8ca2b: BEGIN
[0m11:31:26.393037 [debug] [Thread-3 (]: Opening a new connection, currently in state closed
[0m11:31:26.393894 [debug] [Thread-3 (]: SQL status: OK in 0.001 seconds
[0m11:31:26.394220 [debug] [Thread-3 (]: Using duckdb connection "test.energy_dw.accepted_values_stg_energy_readings_data_quality_flag__VALID__ESTIMATED.0a80c8ca2b"
[0m11:31:26.394495 [debug] [Thread-3 (]: On test.energy_dw.accepted_values_stg_energy_readings_data_quality_flag__VALID__ESTIMATED.0a80c8ca2b: /* {"app": "dbt", "dbt_version": "1.11.11", "profile_name": "energy_dw", "target_name": "dev", "node_id": "test.energy_dw.accepted_values_stg_energy_readings_data_quality_flag__VALID__ESTIMATED.0a80c8ca2b"} */

    
    select
      count(*) as failures,
      count(*) != 0 as should_warn,
      count(*) != 0 as should_error
    from (
      
    
  
    
    

with all_values as (

    select
        data_quality_flag as value_field,
        count(*) as n_records

    from "energy_warehouse"."main_staging"."stg_energy_readings"
    group by data_quality_flag

)

select *
from all_values
where value_field not in (
    'VALID','ESTIMATED'
)



  
  
      
    ) dbt_internal_test
[0m11:31:26.392462 [debug] [Thread-2 (]: Writing runtime sql for node "test.energy_dw.accepted_values_stg_buildings_zone__MANHATTAN__BROOKLYN__QUEENS__BRONX__STATEN_ISLAND.9459366323"
[0m11:31:26.396051 [debug] [Thread-2 (]: Using duckdb connection "test.energy_dw.accepted_values_stg_buildings_zone__MANHATTAN__BROOKLYN__QUEENS__BRONX__STATEN_ISLAND.9459366323"
[0m11:31:26.396426 [debug] [Thread-2 (]: On test.energy_dw.accepted_values_stg_buildings_zone__MANHATTAN__BROOKLYN__QUEENS__BRONX__STATEN_ISLAND.9459366323: BEGIN
[0m11:31:26.396688 [debug] [Thread-2 (]: Opening a new connection, currently in state closed
[0m11:31:26.387252 [debug] [Thread-4 (]: Writing runtime sql for node "test.energy_dw.not_null_dim_buildings_building_id.b2f1e514f3"
[0m11:31:26.397959 [debug] [Thread-4 (]: Using duckdb connection "test.energy_dw.not_null_dim_buildings_building_id.b2f1e514f3"
[0m11:31:26.398260 [debug] [Thread-4 (]: On test.energy_dw.not_null_dim_buildings_building_id.b2f1e514f3: BEGIN
[0m11:31:26.398503 [debug] [Thread-4 (]: Opening a new connection, currently in state init
[0m11:31:26.399041 [debug] [Thread-4 (]: SQL status: OK in 0.001 seconds
[0m11:31:26.399401 [debug] [Thread-4 (]: Using duckdb connection "test.energy_dw.not_null_dim_buildings_building_id.b2f1e514f3"
[0m11:31:26.397440 [debug] [Thread-2 (]: SQL status: OK in 0.001 seconds
[0m11:31:26.400688 [debug] [Thread-2 (]: Using duckdb connection "test.energy_dw.accepted_values_stg_buildings_zone__MANHATTAN__BROOKLYN__QUEENS__BRONX__STATEN_ISLAND.9459366323"
[0m11:31:26.400974 [debug] [Thread-2 (]: On test.energy_dw.accepted_values_stg_buildings_zone__MANHATTAN__BROOKLYN__QUEENS__BRONX__STATEN_ISLAND.9459366323: /* {"app": "dbt", "dbt_version": "1.11.11", "profile_name": "energy_dw", "target_name": "dev", "node_id": "test.energy_dw.accepted_values_stg_buildings_zone__MANHATTAN__BROOKLYN__QUEENS__BRONX__STATEN_ISLAND.9459366323"} */

    
    select
      count(*) as failures,
      count(*) != 0 as should_warn,
      count(*) != 0 as should_error
    from (
      
    
  
    
    

with all_values as (

    select
        zone as value_field,
        count(*) as n_records

    from "energy_warehouse"."main_staging"."stg_buildings"
    group by zone

)

select *
from all_values
where value_field not in (
    'MANHATTAN','BROOKLYN','QUEENS','BRONX','STATEN ISLAND'
)



  
  
      
    ) dbt_internal_test
[0m11:31:26.392093 [debug] [Thread-1 (]: Writing runtime sql for node "test.energy_dw.accepted_values_stg_buildings_building_type__RESIDENTIAL_HIGH_RISE__COMMERCIAL_OFFICE__RETAIL__INDUSTRIAL__MIXED_USE__GOVERNMENT.4898e69a47"
[0m11:31:26.400345 [debug] [Thread-4 (]: On test.energy_dw.not_null_dim_buildings_building_id.b2f1e514f3: /* {"app": "dbt", "dbt_version": "1.11.11", "profile_name": "energy_dw", "target_name": "dev", "node_id": "test.energy_dw.not_null_dim_buildings_building_id.b2f1e514f3"} */

    
    select
      count(*) as failures,
      count(*) != 0 as should_warn,
      count(*) != 0 as should_error
    from (
      
    
  
    
    



select building_id
from "energy_warehouse"."main_marts"."dim_buildings"
where building_id is null



  
  
      
    ) dbt_internal_test
[0m11:31:26.407361 [debug] [Thread-4 (]: SQL status: OK in 0.001 seconds
[0m11:31:26.403998 [debug] [Thread-1 (]: Using duckdb connection "test.energy_dw.accepted_values_stg_buildings_building_type__RESIDENTIAL_HIGH_RISE__COMMERCIAL_OFFICE__RETAIL__INDUSTRIAL__MIXED_USE__GOVERNMENT.4898e69a47"
[0m11:31:26.410867 [debug] [Thread-1 (]: On test.energy_dw.accepted_values_stg_buildings_building_type__RESIDENTIAL_HIGH_RISE__COMMERCIAL_OFFICE__RETAIL__INDUSTRIAL__MIXED_USE__GOVERNMENT.4898e69a47: BEGIN
[0m11:31:26.411248 [debug] [Thread-1 (]: Opening a new connection, currently in state closed
[0m11:31:26.403328 [debug] [Thread-2 (]: SQL status: OK in 0.002 seconds
[0m11:31:26.414190 [debug] [Thread-2 (]: On test.energy_dw.accepted_values_stg_buildings_zone__MANHATTAN__BROOKLYN__QUEENS__BRONX__STATEN_ISLAND.9459366323: ROLLBACK
[0m11:31:26.414999 [debug] [Thread-2 (]: Failed to rollback 'test.energy_dw.accepted_values_stg_buildings_zone__MANHATTAN__BROOKLYN__QUEENS__BRONX__STATEN_ISLAND.9459366323'
[0m11:31:26.415328 [debug] [Thread-2 (]: On test.energy_dw.accepted_values_stg_buildings_zone__MANHATTAN__BROOKLYN__QUEENS__BRONX__STATEN_ISLAND.9459366323: Close
[0m11:31:26.406312 [debug] [Thread-3 (]: SQL status: OK in 0.012 seconds
[0m11:31:26.417793 [debug] [Thread-3 (]: On test.energy_dw.accepted_values_stg_energy_readings_data_quality_flag__VALID__ESTIMATED.0a80c8ca2b: ROLLBACK
[0m11:31:26.418606 [debug] [Thread-3 (]: Failed to rollback 'test.energy_dw.accepted_values_stg_energy_readings_data_quality_flag__VALID__ESTIMATED.0a80c8ca2b'
[0m11:31:26.418890 [debug] [Thread-3 (]: On test.energy_dw.accepted_values_stg_energy_readings_data_quality_flag__VALID__ESTIMATED.0a80c8ca2b: Close
[0m11:31:26.420752 [debug] [Thread-4 (]: On test.energy_dw.not_null_dim_buildings_building_id.b2f1e514f3: ROLLBACK
[0m11:31:26.421556 [debug] [Thread-4 (]: Failed to rollback 'test.energy_dw.not_null_dim_buildings_building_id.b2f1e514f3'
[0m11:31:26.416463 [debug] [Thread-1 (]: SQL status: OK in 0.005 seconds
[0m11:31:26.422204 [debug] [Thread-1 (]: Using duckdb connection "test.energy_dw.accepted_values_stg_buildings_building_type__RESIDENTIAL_HIGH_RISE__COMMERCIAL_OFFICE__RETAIL__INDUSTRIAL__MIXED_USE__GOVERNMENT.4898e69a47"
[0m11:31:26.422504 [debug] [Thread-1 (]: On test.energy_dw.accepted_values_stg_buildings_building_type__RESIDENTIAL_HIGH_RISE__COMMERCIAL_OFFICE__RETAIL__INDUSTRIAL__MIXED_USE__GOVERNMENT.4898e69a47: /* {"app": "dbt", "dbt_version": "1.11.11", "profile_name": "energy_dw", "target_name": "dev", "node_id": "test.energy_dw.accepted_values_stg_buildings_building_type__RESIDENTIAL_HIGH_RISE__COMMERCIAL_OFFICE__RETAIL__INDUSTRIAL__MIXED_USE__GOVERNMENT.4898e69a47"} */

    
    select
      count(*) as failures,
      count(*) != 0 as should_warn,
      count(*) != 0 as should_error
    from (
      
    
  
    
    

with all_values as (

    select
        building_type as value_field,
        count(*) as n_records

    from "energy_warehouse"."main_staging"."stg_buildings"
    group by building_type

)

select *
from all_values
where value_field not in (
    'RESIDENTIAL HIGH-RISE','COMMERCIAL OFFICE','RETAIL','INDUSTRIAL','MIXED-USE','GOVERNMENT'
)



  
  
      
    ) dbt_internal_test
[0m11:31:26.421830 [debug] [Thread-4 (]: On test.energy_dw.not_null_dim_buildings_building_id.b2f1e514f3: Close
[0m11:31:26.425215 [debug] [Thread-1 (]: SQL status: OK in 0.002 seconds
[0m11:31:26.426560 [debug] [Thread-1 (]: On test.energy_dw.accepted_values_stg_buildings_building_type__RESIDENTIAL_HIGH_RISE__COMMERCIAL_OFFICE__RETAIL__INDUSTRIAL__MIXED_USE__GOVERNMENT.4898e69a47: ROLLBACK
[0m11:31:26.427353 [debug] [Thread-1 (]: Failed to rollback 'test.energy_dw.accepted_values_stg_buildings_building_type__RESIDENTIAL_HIGH_RISE__COMMERCIAL_OFFICE__RETAIL__INDUSTRIAL__MIXED_USE__GOVERNMENT.4898e69a47'
[0m11:31:26.427738 [debug] [Thread-1 (]: On test.energy_dw.accepted_values_stg_buildings_building_type__RESIDENTIAL_HIGH_RISE__COMMERCIAL_OFFICE__RETAIL__INDUSTRIAL__MIXED_USE__GOVERNMENT.4898e69a47: Close
[0m11:31:26.416047 [info ] [Thread-2 (]: 2 of 22 PASS accepted_values_stg_buildings_zone__MANHATTAN__BROOKLYN__QUEENS__BRONX__STATEN_ISLAND  [[32mPASS[0m in 0.10s]
[0m11:31:26.428479 [debug] [Thread-2 (]: Finished running node test.energy_dw.accepted_values_stg_buildings_zone__MANHATTAN__BROOKLYN__QUEENS__BRONX__STATEN_ISLAND.9459366323
[0m11:31:26.428810 [debug] [Thread-2 (]: Began running node test.energy_dw.not_null_dim_buildings_building_sk.7101291f1e
[0m11:31:26.419417 [info ] [Thread-3 (]: 3 of 22 PASS accepted_values_stg_energy_readings_data_quality_flag__VALID__ESTIMATED  [[32mPASS[0m in 0.09s]
[0m11:31:26.429490 [debug] [Thread-3 (]: Finished running node test.energy_dw.accepted_values_stg_energy_readings_data_quality_flag__VALID__ESTIMATED.0a80c8ca2b
[0m11:31:26.429765 [debug] [Thread-3 (]: Began running node test.energy_dw.not_null_dim_buildings_rls_authority_tag.2f73ff1229
[0m11:31:26.424036 [info ] [Thread-4 (]: 4 of 22 PASS not_null_dim_buildings_building_id ................................ [[32mPASS[0m in 0.07s]
[0m11:31:26.430460 [debug] [Thread-4 (]: Finished running node test.energy_dw.not_null_dim_buildings_building_id.b2f1e514f3
[0m11:31:26.430753 [debug] [Thread-4 (]: Began running node test.energy_dw.not_null_fact_energy_consumption_building_id.40976ae422
[0m11:31:26.429074 [info ] [Thread-2 (]: 5 of 22 START test not_null_dim_buildings_building_sk .......................... [RUN]
[0m11:31:26.431855 [debug] [Thread-2 (]: Re-using an available connection from the pool (formerly test.energy_dw.accepted_values_stg_buildings_zone__MANHATTAN__BROOKLYN__QUEENS__BRONX__STATEN_ISLAND.9459366323, now test.energy_dw.not_null_dim_buildings_building_sk.7101291f1e)
[0m11:31:26.432188 [debug] [Thread-2 (]: Began compiling node test.energy_dw.not_null_dim_buildings_building_sk.7101291f1e
[0m11:31:26.435922 [debug] [Thread-2 (]: Writing injected SQL for node "test.energy_dw.not_null_dim_buildings_building_sk.7101291f1e"
[0m11:31:26.430003 [info ] [Thread-3 (]: 6 of 22 START test not_null_dim_buildings_rls_authority_tag .................... [RUN]
[0m11:31:26.436670 [debug] [Thread-3 (]: Re-using an available connection from the pool (formerly test.energy_dw.accepted_values_stg_energy_readings_data_quality_flag__VALID__ESTIMATED.0a80c8ca2b, now test.energy_dw.not_null_dim_buildings_rls_authority_tag.2f73ff1229)
[0m11:31:26.436972 [debug] [Thread-3 (]: Began compiling node test.energy_dw.not_null_dim_buildings_rls_authority_tag.2f73ff1229
[0m11:31:26.431020 [info ] [Thread-4 (]: 7 of 22 START test not_null_fact_energy_consumption_building_id ................ [RUN]
[0m11:31:26.440832 [debug] [Thread-4 (]: Re-using an available connection from the pool (formerly test.energy_dw.not_null_dim_buildings_building_id.b2f1e514f3, now test.energy_dw.not_null_fact_energy_consumption_building_id.40976ae422)
[0m11:31:26.441177 [debug] [Thread-4 (]: Began compiling node test.energy_dw.not_null_fact_energy_consumption_building_id.40976ae422
[0m11:31:26.431476 [info ] [Thread-1 (]: 1 of 22 PASS accepted_values_stg_buildings_building_type__RESIDENTIAL_HIGH_RISE__COMMERCIAL_OFFICE__RETAIL__INDUSTRIAL__MIXED_USE__GOVERNMENT  [[32mPASS[0m in 0.12s]
[0m11:31:26.445223 [debug] [Thread-1 (]: Finished running node test.energy_dw.accepted_values_stg_buildings_building_type__RESIDENTIAL_HIGH_RISE__COMMERCIAL_OFFICE__RETAIL__INDUSTRIAL__MIXED_USE__GOVERNMENT.4898e69a47
[0m11:31:26.445586 [debug] [Thread-1 (]: Began running node test.energy_dw.not_null_fact_energy_consumption_date_id.b158cd1981
[0m11:31:26.446266 [debug] [Thread-2 (]: Began executing node test.energy_dw.not_null_dim_buildings_building_sk.7101291f1e
[0m11:31:26.440444 [debug] [Thread-3 (]: Writing injected SQL for node "test.energy_dw.not_null_dim_buildings_rls_authority_tag.2f73ff1229"
[0m11:31:26.448373 [debug] [Thread-2 (]: Writing runtime sql for node "test.energy_dw.not_null_dim_buildings_building_sk.7101291f1e"
[0m11:31:26.449487 [debug] [Thread-2 (]: Using duckdb connection "test.energy_dw.not_null_dim_buildings_building_sk.7101291f1e"
[0m11:31:26.449773 [debug] [Thread-2 (]: On test.energy_dw.not_null_dim_buildings_building_sk.7101291f1e: BEGIN
[0m11:31:26.450004 [debug] [Thread-2 (]: Opening a new connection, currently in state closed
[0m11:31:26.450564 [debug] [Thread-2 (]: SQL status: OK in 0.001 seconds
[0m11:31:26.450860 [debug] [Thread-2 (]: Using duckdb connection "test.energy_dw.not_null_dim_buildings_building_sk.7101291f1e"
[0m11:31:26.451189 [debug] [Thread-2 (]: On test.energy_dw.not_null_dim_buildings_building_sk.7101291f1e: /* {"app": "dbt", "dbt_version": "1.11.11", "profile_name": "energy_dw", "target_name": "dev", "node_id": "test.energy_dw.not_null_dim_buildings_building_sk.7101291f1e"} */

    
    select
      count(*) as failures,
      count(*) != 0 as should_warn,
      count(*) != 0 as should_error
    from (
      
    
  
    
    



select building_sk
from "energy_warehouse"."main_marts"."dim_buildings"
where building_sk is null



  
  
      
    ) dbt_internal_test
[0m11:31:26.445855 [info ] [Thread-1 (]: 8 of 22 START test not_null_fact_energy_consumption_date_id .................... [RUN]
[0m11:31:26.451918 [debug] [Thread-1 (]: Re-using an available connection from the pool (formerly test.energy_dw.accepted_values_stg_buildings_building_type__RESIDENTIAL_HIGH_RISE__COMMERCIAL_OFFICE__RETAIL__INDUSTRIAL__MIXED_USE__GOVERNMENT.4898e69a47, now test.energy_dw.not_null_fact_energy_consumption_date_id.b158cd1981)
[0m11:31:26.452263 [debug] [Thread-1 (]: Began compiling node test.energy_dw.not_null_fact_energy_consumption_date_id.b158cd1981
[0m11:31:26.448923 [debug] [Thread-3 (]: Began executing node test.energy_dw.not_null_dim_buildings_rls_authority_tag.2f73ff1229
[0m11:31:26.457976 [debug] [Thread-3 (]: Writing runtime sql for node "test.energy_dw.not_null_dim_buildings_rls_authority_tag.2f73ff1229"
[0m11:31:26.444619 [debug] [Thread-4 (]: Writing injected SQL for node "test.energy_dw.not_null_fact_energy_consumption_building_id.40976ae422"
[0m11:31:26.459022 [debug] [Thread-4 (]: Began executing node test.energy_dw.not_null_fact_energy_consumption_building_id.40976ae422
[0m11:31:26.460944 [debug] [Thread-4 (]: Writing runtime sql for node "test.energy_dw.not_null_fact_energy_consumption_building_id.40976ae422"
[0m11:31:26.458572 [debug] [Thread-3 (]: Using duckdb connection "test.energy_dw.not_null_dim_buildings_rls_authority_tag.2f73ff1229"
[0m11:31:26.461812 [debug] [Thread-3 (]: On test.energy_dw.not_null_dim_buildings_rls_authority_tag.2f73ff1229: BEGIN
[0m11:31:26.461445 [debug] [Thread-2 (]: SQL status: OK in 0.010 seconds
[0m11:31:26.463402 [debug] [Thread-2 (]: On test.energy_dw.not_null_dim_buildings_building_sk.7101291f1e: ROLLBACK
[0m11:31:26.464250 [debug] [Thread-2 (]: Failed to rollback 'test.energy_dw.not_null_dim_buildings_building_sk.7101291f1e'
[0m11:31:26.455570 [debug] [Thread-1 (]: Writing injected SQL for node "test.energy_dw.not_null_fact_energy_consumption_date_id.b158cd1981"
[0m11:31:26.462061 [debug] [Thread-3 (]: Opening a new connection, currently in state closed
[0m11:31:26.466079 [debug] [Thread-3 (]: SQL status: OK in 0.004 seconds
[0m11:31:26.466416 [debug] [Thread-3 (]: Using duckdb connection "test.energy_dw.not_null_dim_buildings_rls_authority_tag.2f73ff1229"
[0m11:31:26.466676 [debug] [Thread-3 (]: On test.energy_dw.not_null_dim_buildings_rls_authority_tag.2f73ff1229: /* {"app": "dbt", "dbt_version": "1.11.11", "profile_name": "energy_dw", "target_name": "dev", "node_id": "test.energy_dw.not_null_dim_buildings_rls_authority_tag.2f73ff1229"} */

    
    select
      count(*) as failures,
      count(*) != 0 as should_warn,
      count(*) != 0 as should_error
    from (
      
    
  
    
    



select rls_authority_tag
from "energy_warehouse"."main_marts"."dim_buildings"
where rls_authority_tag is null



  
  
      
    ) dbt_internal_test
[0m11:31:26.465462 [debug] [Thread-4 (]: Using duckdb connection "test.energy_dw.not_null_fact_energy_consumption_building_id.40976ae422"
[0m11:31:26.467966 [debug] [Thread-4 (]: On test.energy_dw.not_null_fact_energy_consumption_building_id.40976ae422: BEGIN
[0m11:31:26.465018 [debug] [Thread-1 (]: Began executing node test.energy_dw.not_null_fact_energy_consumption_date_id.b158cd1981
[0m11:31:26.470047 [debug] [Thread-1 (]: Writing runtime sql for node "test.energy_dw.not_null_fact_energy_consumption_date_id.b158cd1981"
[0m11:31:26.464574 [debug] [Thread-2 (]: On test.energy_dw.not_null_dim_buildings_building_sk.7101291f1e: Close
[0m11:31:26.471312 [info ] [Thread-2 (]: 5 of 22 PASS not_null_dim_buildings_building_sk ................................ [[32mPASS[0m in 0.04s]
[0m11:31:26.471817 [debug] [Thread-2 (]: Finished running node test.energy_dw.not_null_dim_buildings_building_sk.7101291f1e
[0m11:31:26.468247 [debug] [Thread-4 (]: Opening a new connection, currently in state closed
[0m11:31:26.472773 [debug] [Thread-4 (]: SQL status: OK in 0.004 seconds
[0m11:31:26.473061 [debug] [Thread-4 (]: Using duckdb connection "test.energy_dw.not_null_fact_energy_consumption_building_id.40976ae422"
[0m11:31:26.473381 [debug] [Thread-4 (]: On test.energy_dw.not_null_fact_energy_consumption_building_id.40976ae422: /* {"app": "dbt", "dbt_version": "1.11.11", "profile_name": "energy_dw", "target_name": "dev", "node_id": "test.energy_dw.not_null_fact_energy_consumption_building_id.40976ae422"} */

    
    select
      count(*) as failures,
      count(*) != 0 as should_warn,
      count(*) != 0 as should_error
    from (
      
    
  
    
    



select building_id
from "energy_warehouse"."main_marts"."fact_energy_consumption"
where building_id is null



  
  
      
    ) dbt_internal_test
[0m11:31:26.474282 [debug] [Thread-4 (]: SQL status: OK in 0.001 seconds
[0m11:31:26.467578 [debug] [Thread-3 (]: SQL status: OK in 0.001 seconds
[0m11:31:26.477019 [debug] [Thread-3 (]: On test.energy_dw.not_null_dim_buildings_rls_authority_tag.2f73ff1229: ROLLBACK
[0m11:31:26.472196 [debug] [Thread-2 (]: Began running node test.energy_dw.not_null_fact_energy_consumption_kwh_consumed.c01de3dc07
[0m11:31:26.478164 [info ] [Thread-2 (]: 9 of 22 START test not_null_fact_energy_consumption_kwh_consumed ............... [RUN]
[0m11:31:26.478532 [debug] [Thread-2 (]: Re-using an available connection from the pool (formerly test.energy_dw.not_null_dim_buildings_building_sk.7101291f1e, now test.energy_dw.not_null_fact_energy_consumption_kwh_consumed.c01de3dc07)
[0m11:31:26.478799 [debug] [Thread-2 (]: Began compiling node test.energy_dw.not_null_fact_energy_consumption_kwh_consumed.c01de3dc07
[0m11:31:26.470709 [debug] [Thread-1 (]: Using duckdb connection "test.energy_dw.not_null_fact_energy_consumption_date_id.b158cd1981"
[0m11:31:26.482706 [debug] [Thread-1 (]: On test.energy_dw.not_null_fact_energy_consumption_date_id.b158cd1981: BEGIN
[0m11:31:26.482963 [debug] [Thread-1 (]: Opening a new connection, currently in state closed
[0m11:31:26.475740 [debug] [Thread-4 (]: On test.energy_dw.not_null_fact_energy_consumption_building_id.40976ae422: ROLLBACK
[0m11:31:26.484334 [debug] [Thread-4 (]: Failed to rollback 'test.energy_dw.not_null_fact_energy_consumption_building_id.40976ae422'
[0m11:31:26.484621 [debug] [Thread-4 (]: On test.energy_dw.not_null_fact_energy_consumption_building_id.40976ae422: Close
[0m11:31:26.477805 [debug] [Thread-3 (]: Failed to rollback 'test.energy_dw.not_null_dim_buildings_rls_authority_tag.2f73ff1229'
[0m11:31:26.485405 [debug] [Thread-3 (]: On test.energy_dw.not_null_dim_buildings_rls_authority_tag.2f73ff1229: Close
[0m11:31:26.483502 [debug] [Thread-1 (]: SQL status: OK in 0.001 seconds
[0m11:31:26.486185 [debug] [Thread-1 (]: Using duckdb connection "test.energy_dw.not_null_fact_energy_consumption_date_id.b158cd1981"
[0m11:31:26.486463 [debug] [Thread-1 (]: On test.energy_dw.not_null_fact_energy_consumption_date_id.b158cd1981: /* {"app": "dbt", "dbt_version": "1.11.11", "profile_name": "energy_dw", "target_name": "dev", "node_id": "test.energy_dw.not_null_fact_energy_consumption_date_id.b158cd1981"} */

    
    select
      count(*) as failures,
      count(*) != 0 as should_warn,
      count(*) != 0 as should_error
    from (
      
    
  
    
    



select date_id
from "energy_warehouse"."main_marts"."fact_energy_consumption"
where date_id is null



  
  
      
    ) dbt_internal_test
[0m11:31:26.487424 [debug] [Thread-1 (]: SQL status: OK in 0.001 seconds
[0m11:31:26.485078 [info ] [Thread-4 (]: 7 of 22 PASS not_null_fact_energy_consumption_building_id ...................... [[32mPASS[0m in 0.04s]
[0m11:31:26.488161 [debug] [Thread-4 (]: Finished running node test.energy_dw.not_null_fact_energy_consumption_building_id.40976ae422
[0m11:31:26.488487 [debug] [Thread-4 (]: Began running node test.energy_dw.not_null_fact_energy_consumption_reading_id.e1dfb8f7e0
[0m11:31:26.485896 [info ] [Thread-3 (]: 6 of 22 PASS not_null_dim_buildings_rls_authority_tag .......................... [[32mPASS[0m in 0.05s]
[0m11:31:26.489197 [debug] [Thread-3 (]: Finished running node test.energy_dw.not_null_dim_buildings_rls_authority_tag.2f73ff1229
[0m11:31:26.489512 [debug] [Thread-3 (]: Began running node test.energy_dw.not_null_metrics_energy_kpis_building_id.003c83281a
[0m11:31:26.491024 [debug] [Thread-1 (]: On test.energy_dw.not_null_fact_energy_consumption_date_id.b158cd1981: ROLLBACK
[0m11:31:26.482343 [debug] [Thread-2 (]: Writing injected SQL for node "test.energy_dw.not_null_fact_energy_consumption_kwh_consumed.c01de3dc07"
[0m11:31:26.492489 [debug] [Thread-2 (]: Began executing node test.energy_dw.not_null_fact_energy_consumption_kwh_consumed.c01de3dc07
[0m11:31:26.488753 [info ] [Thread-4 (]: 10 of 22 START test not_null_fact_energy_consumption_reading_id ................ [RUN]
[0m11:31:26.496436 [debug] [Thread-4 (]: Re-using an available connection from the pool (formerly test.energy_dw.not_null_fact_energy_consumption_building_id.40976ae422, now test.energy_dw.not_null_fact_energy_consumption_reading_id.e1dfb8f7e0)
[0m11:31:26.496732 [debug] [Thread-4 (]: Began compiling node test.energy_dw.not_null_fact_energy_consumption_reading_id.e1dfb8f7e0
[0m11:31:26.491915 [debug] [Thread-1 (]: Failed to rollback 'test.energy_dw.not_null_fact_energy_consumption_date_id.b158cd1981'
[0m11:31:26.500415 [debug] [Thread-1 (]: On test.energy_dw.not_null_fact_energy_consumption_date_id.b158cd1981: Close
[0m11:31:26.496012 [debug] [Thread-2 (]: Writing runtime sql for node "test.energy_dw.not_null_fact_energy_consumption_kwh_consumed.c01de3dc07"
[0m11:31:26.501528 [debug] [Thread-2 (]: Using duckdb connection "test.energy_dw.not_null_fact_energy_consumption_kwh_consumed.c01de3dc07"
[0m11:31:26.501810 [debug] [Thread-2 (]: On test.energy_dw.not_null_fact_energy_consumption_kwh_consumed.c01de3dc07: BEGIN
[0m11:31:26.502044 [debug] [Thread-2 (]: Opening a new connection, currently in state closed
[0m11:31:26.502584 [debug] [Thread-2 (]: SQL status: OK in 0.001 seconds
[0m11:31:26.502868 [debug] [Thread-2 (]: Using duckdb connection "test.energy_dw.not_null_fact_energy_consumption_kwh_consumed.c01de3dc07"
[0m11:31:26.503161 [debug] [Thread-2 (]: On test.energy_dw.not_null_fact_energy_consumption_kwh_consumed.c01de3dc07: /* {"app": "dbt", "dbt_version": "1.11.11", "profile_name": "energy_dw", "target_name": "dev", "node_id": "test.energy_dw.not_null_fact_energy_consumption_kwh_consumed.c01de3dc07"} */

    
    select
      count(*) as failures,
      count(*) != 0 as should_warn,
      count(*) != 0 as should_error
    from (
      
    
  
    
    



select kwh_consumed
from "energy_warehouse"."main_marts"."fact_energy_consumption"
where kwh_consumed is null



  
  
      
    ) dbt_internal_test
[0m11:31:26.500878 [info ] [Thread-1 (]: 8 of 22 PASS not_null_fact_energy_consumption_date_id .......................... [[32mPASS[0m in 0.05s]
[0m11:31:26.504010 [debug] [Thread-1 (]: Finished running node test.energy_dw.not_null_fact_energy_consumption_date_id.b158cd1981
[0m11:31:26.504391 [debug] [Thread-1 (]: Began running node test.energy_dw.not_null_metrics_energy_kpis_total_kwh.7a29b609cf
[0m11:31:26.504656 [info ] [Thread-1 (]: 12 of 22 START test not_null_metrics_energy_kpis_total_kwh ..................... [RUN]
[0m11:31:26.504966 [debug] [Thread-1 (]: Re-using an available connection from the pool (formerly test.energy_dw.not_null_fact_energy_consumption_date_id.b158cd1981, now test.energy_dw.not_null_metrics_energy_kpis_total_kwh.7a29b609cf)
[0m11:31:26.505243 [debug] [Thread-1 (]: Began compiling node test.energy_dw.not_null_metrics_energy_kpis_total_kwh.7a29b609cf
[0m11:31:26.489769 [info ] [Thread-3 (]: 11 of 22 START test not_null_metrics_energy_kpis_building_id ................... [RUN]
[0m11:31:26.509517 [debug] [Thread-3 (]: Re-using an available connection from the pool (formerly test.energy_dw.not_null_dim_buildings_rls_authority_tag.2f73ff1229, now test.energy_dw.not_null_metrics_energy_kpis_building_id.003c83281a)
[0m11:31:26.509816 [debug] [Thread-3 (]: Began compiling node test.energy_dw.not_null_metrics_energy_kpis_building_id.003c83281a
[0m11:31:26.500017 [debug] [Thread-4 (]: Writing injected SQL for node "test.energy_dw.not_null_fact_energy_consumption_reading_id.e1dfb8f7e0"
[0m11:31:26.513626 [debug] [Thread-2 (]: SQL status: OK in 0.010 seconds
[0m11:31:26.514183 [debug] [Thread-4 (]: Began executing node test.energy_dw.not_null_fact_energy_consumption_reading_id.e1dfb8f7e0
[0m11:31:26.517479 [debug] [Thread-4 (]: Writing runtime sql for node "test.energy_dw.not_null_fact_energy_consumption_reading_id.e1dfb8f7e0"
[0m11:31:26.515519 [debug] [Thread-2 (]: On test.energy_dw.not_null_fact_energy_consumption_kwh_consumed.c01de3dc07: ROLLBACK
[0m11:31:26.518803 [debug] [Thread-2 (]: Failed to rollback 'test.energy_dw.not_null_fact_energy_consumption_kwh_consumed.c01de3dc07'
[0m11:31:26.513162 [debug] [Thread-3 (]: Writing injected SQL for node "test.energy_dw.not_null_metrics_energy_kpis_building_id.003c83281a"
[0m11:31:26.519538 [debug] [Thread-3 (]: Began executing node test.energy_dw.not_null_metrics_energy_kpis_building_id.003c83281a
[0m11:31:26.509044 [debug] [Thread-1 (]: Writing injected SQL for node "test.energy_dw.not_null_metrics_energy_kpis_total_kwh.7a29b609cf"
[0m11:31:26.521953 [debug] [Thread-1 (]: Began executing node test.energy_dw.not_null_metrics_energy_kpis_total_kwh.7a29b609cf
[0m11:31:26.518038 [debug] [Thread-4 (]: Using duckdb connection "test.energy_dw.not_null_fact_energy_consumption_reading_id.e1dfb8f7e0"
[0m11:31:26.519074 [debug] [Thread-2 (]: On test.energy_dw.not_null_fact_energy_consumption_kwh_consumed.c01de3dc07: Close
[0m11:31:26.524775 [info ] [Thread-2 (]: 9 of 22 PASS not_null_fact_energy_consumption_kwh_consumed ..................... [[32mPASS[0m in 0.05s]
[0m11:31:26.525276 [debug] [Thread-2 (]: Finished running node test.energy_dw.not_null_fact_energy_consumption_kwh_consumed.c01de3dc07
[0m11:31:26.521438 [debug] [Thread-3 (]: Writing runtime sql for node "test.energy_dw.not_null_metrics_energy_kpis_building_id.003c83281a"
[0m11:31:26.526140 [debug] [Thread-3 (]: Using duckdb connection "test.energy_dw.not_null_metrics_energy_kpis_building_id.003c83281a"
[0m11:31:26.526468 [debug] [Thread-3 (]: On test.energy_dw.not_null_metrics_energy_kpis_building_id.003c83281a: BEGIN
[0m11:31:26.526701 [debug] [Thread-3 (]: Opening a new connection, currently in state closed
[0m11:31:26.527240 [debug] [Thread-3 (]: SQL status: OK in 0.000 seconds
[0m11:31:26.524181 [debug] [Thread-4 (]: On test.energy_dw.not_null_fact_energy_consumption_reading_id.e1dfb8f7e0: BEGIN
[0m11:31:26.527894 [debug] [Thread-4 (]: Opening a new connection, currently in state closed
[0m11:31:26.528413 [debug] [Thread-4 (]: SQL status: OK in 0.000 seconds
[0m11:31:26.528688 [debug] [Thread-4 (]: Using duckdb connection "test.energy_dw.not_null_fact_energy_consumption_reading_id.e1dfb8f7e0"
[0m11:31:26.528940 [debug] [Thread-4 (]: On test.energy_dw.not_null_fact_energy_consumption_reading_id.e1dfb8f7e0: /* {"app": "dbt", "dbt_version": "1.11.11", "profile_name": "energy_dw", "target_name": "dev", "node_id": "test.energy_dw.not_null_fact_energy_consumption_reading_id.e1dfb8f7e0"} */

    
    select
      count(*) as failures,
      count(*) != 0 as should_warn,
      count(*) != 0 as should_error
    from (
      
    
  
    
    



select reading_id
from "energy_warehouse"."main_marts"."fact_energy_consumption"
where reading_id is null



  
  
      
    ) dbt_internal_test
[0m11:31:26.529802 [debug] [Thread-4 (]: SQL status: OK in 0.001 seconds
[0m11:31:26.531181 [debug] [Thread-4 (]: On test.energy_dw.not_null_fact_energy_consumption_reading_id.e1dfb8f7e0: ROLLBACK
[0m11:31:26.525602 [debug] [Thread-2 (]: Began running node test.energy_dw.not_null_stg_buildings_building_id.f95bb9f0ff
[0m11:31:26.523806 [debug] [Thread-1 (]: Writing runtime sql for node "test.energy_dw.not_null_metrics_energy_kpis_total_kwh.7a29b609cf"
[0m11:31:26.532850 [debug] [Thread-1 (]: Using duckdb connection "test.energy_dw.not_null_metrics_energy_kpis_total_kwh.7a29b609cf"
[0m11:31:26.533161 [debug] [Thread-1 (]: On test.energy_dw.not_null_metrics_energy_kpis_total_kwh.7a29b609cf: BEGIN
[0m11:31:26.533420 [debug] [Thread-1 (]: Opening a new connection, currently in state closed
[0m11:31:26.527551 [debug] [Thread-3 (]: Using duckdb connection "test.energy_dw.not_null_metrics_energy_kpis_building_id.003c83281a"
[0m11:31:26.533921 [debug] [Thread-3 (]: On test.energy_dw.not_null_metrics_energy_kpis_building_id.003c83281a: /* {"app": "dbt", "dbt_version": "1.11.11", "profile_name": "energy_dw", "target_name": "dev", "node_id": "test.energy_dw.not_null_metrics_energy_kpis_building_id.003c83281a"} */

    
    select
      count(*) as failures,
      count(*) != 0 as should_warn,
      count(*) != 0 as should_error
    from (
      
    
  
    
    



select building_id
from "energy_warehouse"."main_metrics"."metrics_energy_kpis"
where building_id is null



  
  
      
    ) dbt_internal_test
[0m11:31:26.534804 [debug] [Thread-3 (]: SQL status: OK in 0.001 seconds
[0m11:31:26.536222 [debug] [Thread-3 (]: On test.energy_dw.not_null_metrics_energy_kpis_building_id.003c83281a: ROLLBACK
[0m11:31:26.536987 [debug] [Thread-3 (]: Failed to rollback 'test.energy_dw.not_null_metrics_energy_kpis_building_id.003c83281a'
[0m11:31:26.537305 [debug] [Thread-3 (]: On test.energy_dw.not_null_metrics_energy_kpis_building_id.003c83281a: Close
[0m11:31:26.538059 [debug] [Thread-1 (]: SQL status: OK in 0.005 seconds
[0m11:31:26.538371 [debug] [Thread-1 (]: Using duckdb connection "test.energy_dw.not_null_metrics_energy_kpis_total_kwh.7a29b609cf"
[0m11:31:26.538619 [debug] [Thread-1 (]: On test.energy_dw.not_null_metrics_energy_kpis_total_kwh.7a29b609cf: /* {"app": "dbt", "dbt_version": "1.11.11", "profile_name": "energy_dw", "target_name": "dev", "node_id": "test.energy_dw.not_null_metrics_energy_kpis_total_kwh.7a29b609cf"} */

    
    select
      count(*) as failures,
      count(*) != 0 as should_warn,
      count(*) != 0 as should_error
    from (
      
    
  
    
    



select total_kwh
from "energy_warehouse"."main_metrics"."metrics_energy_kpis"
where total_kwh is null



  
  
      
    ) dbt_internal_test
[0m11:31:26.532000 [debug] [Thread-4 (]: Failed to rollback 'test.energy_dw.not_null_fact_energy_consumption_reading_id.e1dfb8f7e0'
[0m11:31:26.539994 [debug] [Thread-4 (]: On test.energy_dw.not_null_fact_energy_consumption_reading_id.e1dfb8f7e0: Close
[0m11:31:26.532364 [info ] [Thread-2 (]: 13 of 22 START test not_null_stg_buildings_building_id ......................... [RUN]
[0m11:31:26.540826 [debug] [Thread-2 (]: Re-using an available connection from the pool (formerly test.energy_dw.not_null_fact_energy_consumption_kwh_consumed.c01de3dc07, now test.energy_dw.not_null_stg_buildings_building_id.f95bb9f0ff)
[0m11:31:26.541137 [debug] [Thread-2 (]: Began compiling node test.energy_dw.not_null_stg_buildings_building_id.f95bb9f0ff
[0m11:31:26.539490 [debug] [Thread-1 (]: SQL status: OK in 0.001 seconds
[0m11:31:26.544560 [debug] [Thread-2 (]: Writing injected SQL for node "test.energy_dw.not_null_stg_buildings_building_id.f95bb9f0ff"
[0m11:31:26.540510 [info ] [Thread-4 (]: 10 of 22 PASS not_null_fact_energy_consumption_reading_id ...................... [[32mPASS[0m in 0.04s]
[0m11:31:26.547336 [debug] [Thread-4 (]: Finished running node test.energy_dw.not_null_fact_energy_consumption_reading_id.e1dfb8f7e0
[0m11:31:26.537758 [info ] [Thread-3 (]: 11 of 22 PASS not_null_metrics_energy_kpis_building_id ......................... [[32mPASS[0m in 0.03s]
[0m11:31:26.548097 [debug] [Thread-3 (]: Finished running node test.energy_dw.not_null_metrics_energy_kpis_building_id.003c83281a
[0m11:31:26.548434 [debug] [Thread-3 (]: Began running node test.energy_dw.not_null_stg_buildings_total_sqft.8133ddc8b3
[0m11:31:26.546872 [debug] [Thread-2 (]: Began executing node test.energy_dw.not_null_stg_buildings_building_id.f95bb9f0ff
[0m11:31:26.550597 [debug] [Thread-2 (]: Writing runtime sql for node "test.energy_dw.not_null_stg_buildings_building_id.f95bb9f0ff"
[0m11:31:26.547688 [debug] [Thread-4 (]: Began running node test.energy_dw.not_null_stg_buildings_building_type.28e6390815
[0m11:31:26.551651 [info ] [Thread-4 (]: 14 of 22 START test not_null_stg_buildings_building_type ....................... [RUN]
[0m11:31:26.552076 [debug] [Thread-4 (]: Re-using an available connection from the pool (formerly test.energy_dw.not_null_fact_energy_consumption_reading_id.e1dfb8f7e0, now test.energy_dw.not_null_stg_buildings_building_type.28e6390815)
[0m11:31:26.552386 [debug] [Thread-4 (]: Began compiling node test.energy_dw.not_null_stg_buildings_building_type.28e6390815
[0m11:31:26.548704 [info ] [Thread-3 (]: 15 of 22 START test not_null_stg_buildings_total_sqft .......................... [RUN]
[0m11:31:26.556247 [debug] [Thread-3 (]: Re-using an available connection from the pool (formerly test.energy_dw.not_null_metrics_energy_kpis_building_id.003c83281a, now test.energy_dw.not_null_stg_buildings_total_sqft.8133ddc8b3)
[0m11:31:26.556557 [debug] [Thread-3 (]: Began compiling node test.energy_dw.not_null_stg_buildings_total_sqft.8133ddc8b3
[0m11:31:26.546176 [debug] [Thread-1 (]: On test.energy_dw.not_null_metrics_energy_kpis_total_kwh.7a29b609cf: ROLLBACK
[0m11:31:26.560703 [debug] [Thread-1 (]: Failed to rollback 'test.energy_dw.not_null_metrics_energy_kpis_total_kwh.7a29b609cf'
[0m11:31:26.551207 [debug] [Thread-2 (]: Using duckdb connection "test.energy_dw.not_null_stg_buildings_building_id.f95bb9f0ff"
[0m11:31:26.561319 [debug] [Thread-2 (]: On test.energy_dw.not_null_stg_buildings_building_id.f95bb9f0ff: BEGIN
[0m11:31:26.561582 [debug] [Thread-2 (]: Opening a new connection, currently in state closed
[0m11:31:26.562087 [debug] [Thread-2 (]: SQL status: OK in 0.000 seconds
[0m11:31:26.562432 [debug] [Thread-2 (]: Using duckdb connection "test.energy_dw.not_null_stg_buildings_building_id.f95bb9f0ff"
[0m11:31:26.562680 [debug] [Thread-2 (]: On test.energy_dw.not_null_stg_buildings_building_id.f95bb9f0ff: /* {"app": "dbt", "dbt_version": "1.11.11", "profile_name": "energy_dw", "target_name": "dev", "node_id": "test.energy_dw.not_null_stg_buildings_building_id.f95bb9f0ff"} */

    
    select
      count(*) as failures,
      count(*) != 0 as should_warn,
      count(*) != 0 as should_error
    from (
      
    
  
    
    



select building_id
from "energy_warehouse"."main_staging"."stg_buildings"
where building_id is null



  
  
      
    ) dbt_internal_test
[0m11:31:26.555818 [debug] [Thread-4 (]: Writing injected SQL for node "test.energy_dw.not_null_stg_buildings_building_type.28e6390815"
[0m11:31:26.564005 [debug] [Thread-4 (]: Began executing node test.energy_dw.not_null_stg_buildings_building_type.28e6390815
[0m11:31:26.561005 [debug] [Thread-1 (]: On test.energy_dw.not_null_metrics_energy_kpis_total_kwh.7a29b609cf: Close
[0m11:31:26.568887 [info ] [Thread-1 (]: 12 of 22 PASS not_null_metrics_energy_kpis_total_kwh ........................... [[32mPASS[0m in 0.06s]
[0m11:31:26.569384 [debug] [Thread-1 (]: Finished running node test.energy_dw.not_null_metrics_energy_kpis_total_kwh.7a29b609cf
[0m11:31:26.569724 [debug] [Thread-1 (]: Began running node test.energy_dw.not_null_stg_buildings_zone.2adf472375
[0m11:31:26.570419 [debug] [Thread-2 (]: SQL status: OK in 0.007 seconds
[0m11:31:26.571864 [debug] [Thread-2 (]: On test.energy_dw.not_null_stg_buildings_building_id.f95bb9f0ff: ROLLBACK
[0m11:31:26.569982 [info ] [Thread-1 (]: 16 of 22 START test not_null_stg_buildings_zone ................................ [RUN]
[0m11:31:26.572444 [debug] [Thread-1 (]: Re-using an available connection from the pool (formerly test.energy_dw.not_null_metrics_energy_kpis_total_kwh.7a29b609cf, now test.energy_dw.not_null_stg_buildings_zone.2adf472375)
[0m11:31:26.572733 [debug] [Thread-1 (]: Began compiling node test.energy_dw.not_null_stg_buildings_zone.2adf472375
[0m11:31:26.559880 [debug] [Thread-3 (]: Writing injected SQL for node "test.energy_dw.not_null_stg_buildings_total_sqft.8133ddc8b3"
[0m11:31:26.567510 [debug] [Thread-4 (]: Writing runtime sql for node "test.energy_dw.not_null_stg_buildings_building_type.28e6390815"
[0m11:31:26.577969 [debug] [Thread-4 (]: Using duckdb connection "test.energy_dw.not_null_stg_buildings_building_type.28e6390815"
[0m11:31:26.578280 [debug] [Thread-4 (]: On test.energy_dw.not_null_stg_buildings_building_type.28e6390815: BEGIN
[0m11:31:26.578531 [debug] [Thread-4 (]: Opening a new connection, currently in state closed
[0m11:31:26.579042 [debug] [Thread-4 (]: SQL status: OK in 0.000 seconds
[0m11:31:26.579365 [debug] [Thread-4 (]: Using duckdb connection "test.energy_dw.not_null_stg_buildings_building_type.28e6390815"
[0m11:31:26.576916 [debug] [Thread-2 (]: Failed to rollback 'test.energy_dw.not_null_stg_buildings_building_id.f95bb9f0ff'
[0m11:31:26.577446 [debug] [Thread-3 (]: Began executing node test.energy_dw.not_null_stg_buildings_total_sqft.8133ddc8b3
[0m11:31:26.581764 [debug] [Thread-3 (]: Writing runtime sql for node "test.energy_dw.not_null_stg_buildings_total_sqft.8133ddc8b3"
[0m11:31:26.576211 [debug] [Thread-1 (]: Writing injected SQL for node "test.energy_dw.not_null_stg_buildings_zone.2adf472375"
[0m11:31:26.579958 [debug] [Thread-2 (]: On test.energy_dw.not_null_stg_buildings_building_id.f95bb9f0ff: Close
[0m11:31:26.579689 [debug] [Thread-4 (]: On test.energy_dw.not_null_stg_buildings_building_type.28e6390815: /* {"app": "dbt", "dbt_version": "1.11.11", "profile_name": "energy_dw", "target_name": "dev", "node_id": "test.energy_dw.not_null_stg_buildings_building_type.28e6390815"} */

    
    select
      count(*) as failures,
      count(*) != 0 as should_warn,
      count(*) != 0 as should_error
    from (
      
    
  
    
    



select building_type
from "energy_warehouse"."main_staging"."stg_buildings"
where building_type is null



  
  
      
    ) dbt_internal_test
[0m11:31:26.585269 [debug] [Thread-4 (]: SQL status: OK in 0.002 seconds
[0m11:31:26.586638 [debug] [Thread-4 (]: On test.energy_dw.not_null_stg_buildings_building_type.28e6390815: ROLLBACK
[0m11:31:26.582815 [debug] [Thread-1 (]: Began executing node test.energy_dw.not_null_stg_buildings_zone.2adf472375
[0m11:31:26.589378 [debug] [Thread-1 (]: Writing runtime sql for node "test.energy_dw.not_null_stg_buildings_zone.2adf472375"
[0m11:31:26.582349 [debug] [Thread-3 (]: Using duckdb connection "test.energy_dw.not_null_stg_buildings_total_sqft.8133ddc8b3"
[0m11:31:26.589783 [debug] [Thread-3 (]: On test.energy_dw.not_null_stg_buildings_total_sqft.8133ddc8b3: BEGIN
[0m11:31:26.590079 [debug] [Thread-3 (]: Opening a new connection, currently in state closed
[0m11:31:26.590638 [debug] [Thread-3 (]: SQL status: OK in 0.001 seconds
[0m11:31:26.590929 [debug] [Thread-3 (]: Using duckdb connection "test.energy_dw.not_null_stg_buildings_total_sqft.8133ddc8b3"
[0m11:31:26.591248 [debug] [Thread-3 (]: On test.energy_dw.not_null_stg_buildings_total_sqft.8133ddc8b3: /* {"app": "dbt", "dbt_version": "1.11.11", "profile_name": "energy_dw", "target_name": "dev", "node_id": "test.energy_dw.not_null_stg_buildings_total_sqft.8133ddc8b3"} */

    
    select
      count(*) as failures,
      count(*) != 0 as should_warn,
      count(*) != 0 as should_error
    from (
      
    
  
    
    



select total_sqft
from "energy_warehouse"."main_staging"."stg_buildings"
where total_sqft is null



  
  
      
    ) dbt_internal_test
[0m11:31:26.583334 [info ] [Thread-2 (]: 13 of 22 PASS not_null_stg_buildings_building_id ............................... [[32mPASS[0m in 0.04s]
[0m11:31:26.591941 [debug] [Thread-2 (]: Finished running node test.energy_dw.not_null_stg_buildings_building_id.f95bb9f0ff
[0m11:31:26.592275 [debug] [Thread-2 (]: Began running node test.energy_dw.not_null_stg_energy_readings_kwh_consumed.b0a4264c1b
[0m11:31:26.592542 [info ] [Thread-2 (]: 17 of 22 START test not_null_stg_energy_readings_kwh_consumed .................. [RUN]
[0m11:31:26.592942 [debug] [Thread-2 (]: Re-using an available connection from the pool (formerly test.energy_dw.not_null_stg_buildings_building_id.f95bb9f0ff, now test.energy_dw.not_null_stg_energy_readings_kwh_consumed.b0a4264c1b)
[0m11:31:26.593253 [debug] [Thread-2 (]: Began compiling node test.energy_dw.not_null_stg_energy_readings_kwh_consumed.b0a4264c1b
[0m11:31:26.587435 [debug] [Thread-4 (]: Failed to rollback 'test.energy_dw.not_null_stg_buildings_building_type.28e6390815'
[0m11:31:26.598709 [debug] [Thread-4 (]: On test.energy_dw.not_null_stg_buildings_building_type.28e6390815: Close
[0m11:31:26.598389 [debug] [Thread-1 (]: Using duckdb connection "test.energy_dw.not_null_stg_buildings_zone.2adf472375"
[0m11:31:26.599503 [debug] [Thread-1 (]: On test.energy_dw.not_null_stg_buildings_zone.2adf472375: BEGIN
[0m11:31:26.599803 [debug] [Thread-1 (]: Opening a new connection, currently in state closed
[0m11:31:26.600335 [debug] [Thread-1 (]: SQL status: OK in 0.001 seconds
[0m11:31:26.600628 [debug] [Thread-1 (]: Using duckdb connection "test.energy_dw.not_null_stg_buildings_zone.2adf472375"
[0m11:31:26.600887 [debug] [Thread-1 (]: On test.energy_dw.not_null_stg_buildings_zone.2adf472375: /* {"app": "dbt", "dbt_version": "1.11.11", "profile_name": "energy_dw", "target_name": "dev", "node_id": "test.energy_dw.not_null_stg_buildings_zone.2adf472375"} */

    
    select
      count(*) as failures,
      count(*) != 0 as should_warn,
      count(*) != 0 as should_error
    from (
      
    
  
    
    



select zone
from "energy_warehouse"."main_staging"."stg_buildings"
where zone is null



  
  
      
    ) dbt_internal_test
[0m11:31:26.602564 [debug] [Thread-1 (]: SQL status: OK in 0.001 seconds
[0m11:31:26.597849 [debug] [Thread-2 (]: Writing injected SQL for node "test.energy_dw.not_null_stg_energy_readings_kwh_consumed.b0a4264c1b"
[0m11:31:26.605156 [debug] [Thread-2 (]: Began executing node test.energy_dw.not_null_stg_energy_readings_kwh_consumed.b0a4264c1b
[0m11:31:26.607034 [debug] [Thread-2 (]: Writing runtime sql for node "test.energy_dw.not_null_stg_energy_readings_kwh_consumed.b0a4264c1b"
[0m11:31:26.604638 [debug] [Thread-3 (]: SQL status: OK in 0.013 seconds
[0m11:31:26.608977 [debug] [Thread-3 (]: On test.energy_dw.not_null_stg_buildings_total_sqft.8133ddc8b3: ROLLBACK
[0m11:31:26.599211 [info ] [Thread-4 (]: 14 of 22 PASS not_null_stg_buildings_building_type ............................. [[32mPASS[0m in 0.05s]
[0m11:31:26.610301 [debug] [Thread-4 (]: Finished running node test.energy_dw.not_null_stg_buildings_building_type.28e6390815
[0m11:31:26.610626 [debug] [Thread-4 (]: Began running node test.energy_dw.not_null_stg_energy_readings_reading_id.75060968ca
[0m11:31:26.610889 [info ] [Thread-4 (]: 18 of 22 START test not_null_stg_energy_readings_reading_id .................... [RUN]
[0m11:31:26.611340 [debug] [Thread-4 (]: Re-using an available connection from the pool (formerly test.energy_dw.not_null_stg_buildings_building_type.28e6390815, now test.energy_dw.not_null_stg_energy_readings_reading_id.75060968ca)
[0m11:31:26.611657 [debug] [Thread-4 (]: Began compiling node test.energy_dw.not_null_stg_energy_readings_reading_id.75060968ca
[0m11:31:26.614940 [debug] [Thread-4 (]: Writing injected SQL for node "test.energy_dw.not_null_stg_energy_readings_reading_id.75060968ca"
[0m11:31:26.609759 [debug] [Thread-3 (]: Failed to rollback 'test.energy_dw.not_null_stg_buildings_total_sqft.8133ddc8b3'
[0m11:31:26.615856 [debug] [Thread-3 (]: On test.energy_dw.not_null_stg_buildings_total_sqft.8133ddc8b3: Close
[0m11:31:26.604094 [debug] [Thread-1 (]: On test.energy_dw.not_null_stg_buildings_zone.2adf472375: ROLLBACK
[0m11:31:26.617204 [debug] [Thread-1 (]: Failed to rollback 'test.energy_dw.not_null_stg_buildings_zone.2adf472375'
[0m11:31:26.617485 [debug] [Thread-1 (]: On test.energy_dw.not_null_stg_buildings_zone.2adf472375: Close
[0m11:31:26.607652 [debug] [Thread-2 (]: Using duckdb connection "test.energy_dw.not_null_stg_energy_readings_kwh_consumed.b0a4264c1b"
[0m11:31:26.618193 [debug] [Thread-2 (]: On test.energy_dw.not_null_stg_energy_readings_kwh_consumed.b0a4264c1b: BEGIN
[0m11:31:26.618446 [debug] [Thread-2 (]: Opening a new connection, currently in state closed
[0m11:31:26.618952 [debug] [Thread-2 (]: SQL status: OK in 0.000 seconds
[0m11:31:26.619289 [debug] [Thread-2 (]: Using duckdb connection "test.energy_dw.not_null_stg_energy_readings_kwh_consumed.b0a4264c1b"
[0m11:31:26.619565 [debug] [Thread-2 (]: On test.energy_dw.not_null_stg_energy_readings_kwh_consumed.b0a4264c1b: /* {"app": "dbt", "dbt_version": "1.11.11", "profile_name": "energy_dw", "target_name": "dev", "node_id": "test.energy_dw.not_null_stg_energy_readings_kwh_consumed.b0a4264c1b"} */

    
    select
      count(*) as failures,
      count(*) != 0 as should_warn,
      count(*) != 0 as should_error
    from (
      
    
  
    
    



select kwh_consumed
from "energy_warehouse"."main_staging"."stg_energy_readings"
where kwh_consumed is null



  
  
      
    ) dbt_internal_test
[0m11:31:26.616422 [info ] [Thread-3 (]: 15 of 22 PASS not_null_stg_buildings_total_sqft ................................ [[32mPASS[0m in 0.06s]
[0m11:31:26.622626 [debug] [Thread-3 (]: Finished running node test.energy_dw.not_null_stg_buildings_total_sqft.8133ddc8b3
[0m11:31:26.622959 [debug] [Thread-3 (]: Began running node test.energy_dw.unique_dim_buildings_building_id.f1891cdc96
[0m11:31:26.623283 [info ] [Thread-3 (]: 19 of 22 START test unique_dim_buildings_building_id ........................... [RUN]
[0m11:31:26.623738 [debug] [Thread-3 (]: Re-using an available connection from the pool (formerly test.energy_dw.not_null_stg_buildings_total_sqft.8133ddc8b3, now test.energy_dw.unique_dim_buildings_building_id.f1891cdc96)
[0m11:31:26.624005 [debug] [Thread-3 (]: Began compiling node test.energy_dw.unique_dim_buildings_building_id.f1891cdc96
[0m11:31:26.615519 [debug] [Thread-4 (]: Began executing node test.energy_dw.not_null_stg_energy_readings_reading_id.75060968ca
[0m11:31:26.632370 [debug] [Thread-4 (]: Writing runtime sql for node "test.energy_dw.not_null_stg_energy_readings_reading_id.75060968ca"
[0m11:31:26.617911 [info ] [Thread-1 (]: 16 of 22 PASS not_null_stg_buildings_zone ...................................... [[32mPASS[0m in 0.05s]
[0m11:31:26.632898 [debug] [Thread-2 (]: SQL status: OK in 0.013 seconds
[0m11:31:26.635307 [debug] [Thread-2 (]: On test.energy_dw.not_null_stg_energy_readings_kwh_consumed.b0a4264c1b: ROLLBACK
[0m11:31:26.636095 [debug] [Thread-2 (]: Failed to rollback 'test.energy_dw.not_null_stg_energy_readings_kwh_consumed.b0a4264c1b'
[0m11:31:26.636416 [debug] [Thread-2 (]: On test.energy_dw.not_null_stg_energy_readings_kwh_consumed.b0a4264c1b: Close
[0m11:31:26.630349 [debug] [Thread-3 (]: Writing injected SQL for node "test.energy_dw.unique_dim_buildings_building_id.f1891cdc96"
[0m11:31:26.637482 [debug] [Thread-3 (]: Began executing node test.energy_dw.unique_dim_buildings_building_id.f1891cdc96
[0m11:31:26.633508 [debug] [Thread-4 (]: Using duckdb connection "test.energy_dw.not_null_stg_energy_readings_reading_id.75060968ca"
[0m11:31:26.639730 [debug] [Thread-4 (]: On test.energy_dw.not_null_stg_energy_readings_reading_id.75060968ca: BEGIN
[0m11:31:26.639992 [debug] [Thread-4 (]: Opening a new connection, currently in state closed
[0m11:31:26.640549 [debug] [Thread-4 (]: SQL status: OK in 0.001 seconds
[0m11:31:26.640834 [debug] [Thread-4 (]: Using duckdb connection "test.energy_dw.not_null_stg_energy_readings_reading_id.75060968ca"
[0m11:31:26.641134 [debug] [Thread-4 (]: On test.energy_dw.not_null_stg_energy_readings_reading_id.75060968ca: /* {"app": "dbt", "dbt_version": "1.11.11", "profile_name": "energy_dw", "target_name": "dev", "node_id": "test.energy_dw.not_null_stg_energy_readings_reading_id.75060968ca"} */

    
    select
      count(*) as failures,
      count(*) != 0 as should_warn,
      count(*) != 0 as should_error
    from (
      
    
  
    
    



select reading_id
from "energy_warehouse"."main_staging"."stg_energy_readings"
where reading_id is null



  
  
      
    ) dbt_internal_test
[0m11:31:26.642546 [debug] [Thread-4 (]: SQL status: OK in 0.001 seconds
[0m11:31:26.633951 [debug] [Thread-1 (]: Finished running node test.energy_dw.not_null_stg_buildings_zone.2adf472375
[0m11:31:26.644477 [debug] [Thread-1 (]: Began running node test.energy_dw.unique_dim_buildings_building_sk.cf7625cee8
[0m11:31:26.644762 [info ] [Thread-1 (]: 20 of 22 START test unique_dim_buildings_building_sk ........................... [RUN]
[0m11:31:26.645184 [debug] [Thread-1 (]: Re-using an available connection from the pool (formerly test.energy_dw.not_null_stg_buildings_zone.2adf472375, now test.energy_dw.unique_dim_buildings_building_sk.cf7625cee8)
[0m11:31:26.636936 [info ] [Thread-2 (]: 17 of 22 PASS not_null_stg_energy_readings_kwh_consumed ........................ [[32mPASS[0m in 0.04s]
[0m11:31:26.645908 [debug] [Thread-2 (]: Finished running node test.energy_dw.not_null_stg_energy_readings_kwh_consumed.b0a4264c1b
[0m11:31:26.639292 [debug] [Thread-3 (]: Writing runtime sql for node "test.energy_dw.unique_dim_buildings_building_id.f1891cdc96"
[0m11:31:26.646753 [debug] [Thread-3 (]: Using duckdb connection "test.energy_dw.unique_dim_buildings_building_id.f1891cdc96"
[0m11:31:26.647024 [debug] [Thread-3 (]: On test.energy_dw.unique_dim_buildings_building_id.f1891cdc96: BEGIN
[0m11:31:26.647291 [debug] [Thread-3 (]: Opening a new connection, currently in state closed
[0m11:31:26.645463 [debug] [Thread-1 (]: Began compiling node test.energy_dw.unique_dim_buildings_building_sk.cf7625cee8
[0m11:31:26.646241 [debug] [Thread-2 (]: Began running node test.energy_dw.unique_stg_buildings_building_id.2eab60dfc1
[0m11:31:26.653383 [info ] [Thread-2 (]: 21 of 22 START test unique_stg_buildings_building_id ........................... [RUN]
[0m11:31:26.653761 [debug] [Thread-2 (]: Re-using an available connection from the pool (formerly test.energy_dw.not_null_stg_energy_readings_kwh_consumed.b0a4264c1b, now test.energy_dw.unique_stg_buildings_building_id.2eab60dfc1)
[0m11:31:26.654025 [debug] [Thread-2 (]: Began compiling node test.energy_dw.unique_stg_buildings_building_id.2eab60dfc1
[0m11:31:26.652945 [debug] [Thread-3 (]: SQL status: OK in 0.006 seconds
[0m11:31:26.657703 [debug] [Thread-3 (]: Using duckdb connection "test.energy_dw.unique_dim_buildings_building_id.f1891cdc96"
[0m11:31:26.658024 [debug] [Thread-3 (]: On test.energy_dw.unique_dim_buildings_building_id.f1891cdc96: /* {"app": "dbt", "dbt_version": "1.11.11", "profile_name": "energy_dw", "target_name": "dev", "node_id": "test.energy_dw.unique_dim_buildings_building_id.f1891cdc96"} */

    
    select
      count(*) as failures,
      count(*) != 0 as should_warn,
      count(*) != 0 as should_error
    from (
      
    
  
    
    

select
    building_id as unique_field,
    count(*) as n_records

from "energy_warehouse"."main_marts"."dim_buildings"
where building_id is not null
group by building_id
having count(*) > 1



  
  
      
    ) dbt_internal_test
[0m11:31:26.643987 [debug] [Thread-4 (]: On test.energy_dw.not_null_stg_energy_readings_reading_id.75060968ca: ROLLBACK
[0m11:31:26.660413 [debug] [Thread-4 (]: Failed to rollback 'test.energy_dw.not_null_stg_energy_readings_reading_id.75060968ca'
[0m11:31:26.660692 [debug] [Thread-4 (]: On test.energy_dw.not_null_stg_energy_readings_reading_id.75060968ca: Close
[0m11:31:26.661187 [info ] [Thread-4 (]: 18 of 22 PASS not_null_stg_energy_readings_reading_id .......................... [[32mPASS[0m in 0.05s]
[0m11:31:26.661653 [debug] [Thread-4 (]: Finished running node test.energy_dw.not_null_stg_energy_readings_reading_id.75060968ca
[0m11:31:26.661944 [debug] [Thread-4 (]: Began running node test.energy_dw.unique_stg_energy_readings_reading_id.e174dc8721
[0m11:31:26.659516 [debug] [Thread-3 (]: SQL status: OK in 0.001 seconds
[0m11:31:26.657336 [debug] [Thread-2 (]: Writing injected SQL for node "test.energy_dw.unique_stg_buildings_building_id.2eab60dfc1"
[0m11:31:26.652531 [debug] [Thread-1 (]: Writing injected SQL for node "test.energy_dw.unique_dim_buildings_building_sk.cf7625cee8"
[0m11:31:26.664145 [debug] [Thread-2 (]: Began executing node test.energy_dw.unique_stg_buildings_building_id.2eab60dfc1
[0m11:31:26.662227 [info ] [Thread-4 (]: 22 of 22 START test unique_stg_energy_readings_reading_id ...................... [RUN]
[0m11:31:26.666989 [debug] [Thread-4 (]: Re-using an available connection from the pool (formerly test.energy_dw.not_null_stg_energy_readings_reading_id.75060968ca, now test.energy_dw.unique_stg_energy_readings_reading_id.e174dc8721)
[0m11:31:26.667310 [debug] [Thread-4 (]: Began compiling node test.energy_dw.unique_stg_energy_readings_reading_id.e174dc8721
[0m11:31:26.663539 [debug] [Thread-3 (]: On test.energy_dw.unique_dim_buildings_building_id.f1891cdc96: ROLLBACK
[0m11:31:26.664623 [debug] [Thread-1 (]: Began executing node test.energy_dw.unique_dim_buildings_building_sk.cf7625cee8
[0m11:31:26.666611 [debug] [Thread-2 (]: Writing runtime sql for node "test.energy_dw.unique_stg_buildings_building_id.2eab60dfc1"
[0m11:31:26.674206 [debug] [Thread-2 (]: Using duckdb connection "test.energy_dw.unique_stg_buildings_building_id.2eab60dfc1"
[0m11:31:26.674547 [debug] [Thread-2 (]: On test.energy_dw.unique_stg_buildings_building_id.2eab60dfc1: BEGIN
[0m11:31:26.674803 [debug] [Thread-2 (]: Opening a new connection, currently in state closed
[0m11:31:26.675364 [debug] [Thread-2 (]: SQL status: OK in 0.001 seconds
[0m11:31:26.670580 [debug] [Thread-4 (]: Writing injected SQL for node "test.energy_dw.unique_stg_energy_readings_reading_id.e174dc8721"
[0m11:31:26.671436 [debug] [Thread-3 (]: Failed to rollback 'test.energy_dw.unique_dim_buildings_building_id.f1891cdc96'
[0m11:31:26.676467 [debug] [Thread-3 (]: On test.energy_dw.unique_dim_buildings_building_id.f1891cdc96: Close
[0m11:31:26.676180 [debug] [Thread-4 (]: Began executing node test.energy_dw.unique_stg_energy_readings_reading_id.e174dc8721
[0m11:31:26.675714 [debug] [Thread-2 (]: Using duckdb connection "test.energy_dw.unique_stg_buildings_building_id.2eab60dfc1"
[0m11:31:26.679245 [debug] [Thread-2 (]: On test.energy_dw.unique_stg_buildings_building_id.2eab60dfc1: /* {"app": "dbt", "dbt_version": "1.11.11", "profile_name": "energy_dw", "target_name": "dev", "node_id": "test.energy_dw.unique_stg_buildings_building_id.2eab60dfc1"} */

    
    select
      count(*) as failures,
      count(*) != 0 as should_warn,
      count(*) != 0 as should_error
    from (
      
    
  
    
    

select
    building_id as unique_field,
    count(*) as n_records

from "energy_warehouse"."main_staging"."stg_buildings"
where building_id is not null
group by building_id
having count(*) > 1



  
  
      
    ) dbt_internal_test
[0m11:31:26.676916 [info ] [Thread-3 (]: 19 of 22 PASS unique_dim_buildings_building_id ................................. [[32mPASS[0m in 0.05s]
[0m11:31:26.679754 [debug] [Thread-3 (]: Finished running node test.energy_dw.unique_dim_buildings_building_id.f1891cdc96
[0m11:31:26.681696 [debug] [Thread-2 (]: SQL status: OK in 0.002 seconds
[0m11:31:26.683054 [debug] [Thread-2 (]: On test.energy_dw.unique_stg_buildings_building_id.2eab60dfc1: ROLLBACK
[0m11:31:26.673468 [debug] [Thread-1 (]: Writing runtime sql for node "test.energy_dw.unique_dim_buildings_building_sk.cf7625cee8"
[0m11:31:26.678794 [debug] [Thread-4 (]: Writing runtime sql for node "test.energy_dw.unique_stg_energy_readings_reading_id.e174dc8721"
[0m11:31:26.684956 [debug] [Thread-4 (]: Using duckdb connection "test.energy_dw.unique_stg_energy_readings_reading_id.e174dc8721"
[0m11:31:26.685258 [debug] [Thread-4 (]: On test.energy_dw.unique_stg_energy_readings_reading_id.e174dc8721: BEGIN
[0m11:31:26.685523 [debug] [Thread-4 (]: Opening a new connection, currently in state closed
[0m11:31:26.686020 [debug] [Thread-4 (]: SQL status: OK in 0.000 seconds
[0m11:31:26.686331 [debug] [Thread-4 (]: Using duckdb connection "test.energy_dw.unique_stg_energy_readings_reading_id.e174dc8721"
[0m11:31:26.686595 [debug] [Thread-4 (]: On test.energy_dw.unique_stg_energy_readings_reading_id.e174dc8721: /* {"app": "dbt", "dbt_version": "1.11.11", "profile_name": "energy_dw", "target_name": "dev", "node_id": "test.energy_dw.unique_stg_energy_readings_reading_id.e174dc8721"} */

    
    select
      count(*) as failures,
      count(*) != 0 as should_warn,
      count(*) != 0 as should_error
    from (
      
    
  
    
    

select
    reading_id as unique_field,
    count(*) as n_records

from "energy_warehouse"."main_staging"."stg_energy_readings"
where reading_id is not null
group by reading_id
having count(*) > 1



  
  
      
    ) dbt_internal_test
[0m11:31:26.684499 [debug] [Thread-1 (]: Using duckdb connection "test.energy_dw.unique_dim_buildings_building_sk.cf7625cee8"
[0m11:31:26.687852 [debug] [Thread-1 (]: On test.energy_dw.unique_dim_buildings_building_sk.cf7625cee8: BEGIN
[0m11:31:26.688205 [debug] [Thread-1 (]: Opening a new connection, currently in state closed
[0m11:31:26.688732 [debug] [Thread-1 (]: SQL status: OK in 0.001 seconds
[0m11:31:26.689032 [debug] [Thread-1 (]: Using duckdb connection "test.energy_dw.unique_dim_buildings_building_sk.cf7625cee8"
[0m11:31:26.689351 [debug] [Thread-1 (]: On test.energy_dw.unique_dim_buildings_building_sk.cf7625cee8: /* {"app": "dbt", "dbt_version": "1.11.11", "profile_name": "energy_dw", "target_name": "dev", "node_id": "test.energy_dw.unique_dim_buildings_building_sk.cf7625cee8"} */

    
    select
      count(*) as failures,
      count(*) != 0 as should_warn,
      count(*) != 0 as should_error
    from (
      
    
  
    
    

select
    building_sk as unique_field,
    count(*) as n_records

from "energy_warehouse"."main_marts"."dim_buildings"
where building_sk is not null
group by building_sk
having count(*) > 1



  
  
      
    ) dbt_internal_test
[0m11:31:26.683897 [debug] [Thread-2 (]: Failed to rollback 'test.energy_dw.unique_stg_buildings_building_id.2eab60dfc1'
[0m11:31:26.691890 [debug] [Thread-2 (]: On test.energy_dw.unique_stg_buildings_building_id.2eab60dfc1: Close
[0m11:31:26.693469 [debug] [Thread-1 (]: SQL status: OK in 0.004 seconds
[0m11:31:26.694862 [debug] [Thread-1 (]: On test.energy_dw.unique_dim_buildings_building_sk.cf7625cee8: ROLLBACK
[0m11:31:26.699790 [debug] [Thread-1 (]: Failed to rollback 'test.energy_dw.unique_dim_buildings_building_sk.cf7625cee8'
[0m11:31:26.700292 [debug] [Thread-1 (]: On test.energy_dw.unique_dim_buildings_building_sk.cf7625cee8: Close
[0m11:31:26.692746 [info ] [Thread-2 (]: 21 of 22 PASS unique_stg_buildings_building_id ................................. [[32mPASS[0m in 0.04s]
[0m11:31:26.701667 [debug] [Thread-2 (]: Finished running node test.energy_dw.unique_stg_buildings_building_id.2eab60dfc1
[0m11:31:26.700997 [info ] [Thread-1 (]: 20 of 22 PASS unique_dim_buildings_building_sk ................................. [[32mPASS[0m in 0.06s]
[0m11:31:26.702616 [debug] [Thread-1 (]: Finished running node test.energy_dw.unique_dim_buildings_building_sk.cf7625cee8
[0m11:31:26.705867 [debug] [Thread-4 (]: SQL status: OK in 0.019 seconds
[0m11:31:26.707730 [debug] [Thread-4 (]: On test.energy_dw.unique_stg_energy_readings_reading_id.e174dc8721: ROLLBACK
[0m11:31:26.709849 [debug] [Thread-4 (]: Failed to rollback 'test.energy_dw.unique_stg_energy_readings_reading_id.e174dc8721'
[0m11:31:26.710814 [debug] [Thread-4 (]: On test.energy_dw.unique_stg_energy_readings_reading_id.e174dc8721: Close
[0m11:31:26.711413 [info ] [Thread-4 (]: 22 of 22 PASS unique_stg_energy_readings_reading_id ............................ [[32mPASS[0m in 0.04s]
[0m11:31:26.711944 [debug] [Thread-4 (]: Finished running node test.energy_dw.unique_stg_energy_readings_reading_id.e174dc8721
[0m11:31:26.713548 [debug] [MainThread]: Using duckdb connection "master"
[0m11:31:26.713852 [debug] [MainThread]: On master: BEGIN
[0m11:31:26.714084 [debug] [MainThread]: Opening a new connection, currently in state closed
[0m11:31:26.714661 [debug] [MainThread]: SQL status: OK in 0.001 seconds
[0m11:31:26.715171 [debug] [MainThread]: On master: COMMIT
[0m11:31:26.715432 [debug] [MainThread]: Using duckdb connection "master"
[0m11:31:26.715684 [debug] [MainThread]: On master: COMMIT
[0m11:31:26.716094 [debug] [MainThread]: SQL status: OK in 0.000 seconds
[0m11:31:26.716383 [debug] [MainThread]: On master: Close
[0m11:31:26.716685 [debug] [MainThread]: Connection 'master' was properly closed.
[0m11:31:26.716897 [debug] [MainThread]: Connection 'test.energy_dw.unique_stg_buildings_building_id.2eab60dfc1' was properly closed.
[0m11:31:26.717076 [debug] [MainThread]: Connection 'test.energy_dw.unique_dim_buildings_building_id.f1891cdc96' was properly closed.
[0m11:31:26.717292 [debug] [MainThread]: Connection 'test.energy_dw.unique_dim_buildings_building_sk.cf7625cee8' was properly closed.
[0m11:31:26.717469 [debug] [MainThread]: Connection 'test.energy_dw.unique_stg_energy_readings_reading_id.e174dc8721' was properly closed.
[0m11:31:26.717706 [info ] [MainThread]: 
[0m11:31:26.717963 [info ] [MainThread]: Finished running 22 data tests in 0 hours 0 minutes and 0.55 seconds (0.55s).
[0m11:31:26.720605 [debug] [MainThread]: Command end result
[0m11:31:26.748033 [debug] [MainThread]: Wrote artifact WritableManifest to ./target/manifest.json
[0m11:31:26.749776 [debug] [MainThread]: Wrote artifact SemanticManifest to ./target/semantic_manifest.json
[0m11:31:26.756861 [debug] [MainThread]: Wrote artifact RunExecutionResult to ./target/run_results.json
[0m11:31:26.757194 [info ] [MainThread]: 
[0m11:31:26.757563 [info ] [MainThread]: [32mCompleted successfully[0m
[0m11:31:26.757821 [info ] [MainThread]: 
[0m11:31:26.758070 [info ] [MainThread]: Done. PASS=22 WARN=0 ERROR=0 SKIP=0 NO-OP=0 TOTAL=22
[0m11:31:26.758915 [debug] [MainThread]: Resource report: {"command_name": "test", "command_success": true, "command_wall_clock_time": 1.2986472, "process_in_blocks": "0", "process_kernel_time": 0.123486, "process_mem_max_rss": "171960", "process_out_blocks": "3056", "process_user_time": 2.574061}
[0m11:31:26.759357 [debug] [MainThread]: Command `dbt test` succeeded at 11:31:26.759257 after 1.30 seconds
[0m11:31:26.759695 [debug] [MainThread]: Sending event: {'category': 'dbt', 'action': 'invocation', 'label': 'end', 'context': [<snowplow_tracker.self_describing_json.SelfDescribingJson object at 0x7f7d11de6450>, <snowplow_tracker.self_describing_json.SelfDescribingJson object at 0x7f7d140d9f70>, <snowplow_tracker.self_describing_json.SelfDescribingJson object at 0x7f7d118774a0>]}
[0m11:31:26.759988 [debug] [MainThread]: Flushing usage events
[0m11:31:26.798938 [debug] [MainThread]: An error was encountered while trying to flush usage events
