building_id,building_type,zone,year,month,total_kwh,total_carbon_tonnes,total_cost_usd,total_ll97_penalty_usd,violation_rate_pct,solar_pct,yoy_kwh_change_pct
1,GOVERNMENT,MANHATTAN,2022,1,295.54,0.07,51.45,0.0,0.0,0.0,
1,GOVERNMENT,MANHATTAN,2022,2,353.58,0.08,61.029999999999994,0.0,0.0,0.0,
1,GOVERNMENT,MANHATTAN,2022,3,446.21,0.1,74.35000000000001,0.0,0.0,0.0,
1,GOVERNMENT,MANHATTAN,2022,4,315.7099999999999,0.07,57.540000000000006,0.0,0.0,0.0,
1,GOVERNMENT,MANHATTAN,2022,5,270.47,0.06,46.57,0.0,0.0,0.0,
1,GOVERNMENT,MANHATTAN,2022,6,268.49,0.06,46.580000000000005,0.0,0.0,0.0,
1,GOVERNMENT,MANHATTAN,2022,7,364.0,0.08,59.410000000000004,0.0,0.0,0.0,
1,GOVERNMENT,MANHATTAN,2022,8,449.90999999999997,0.1,74.09,0.0,0.0,0.0,
1,GOVERNMENT,MANHATTAN,2022,9,367.11,0.09,61.28,0.0,0.0,0.0,
1,GOVERNMENT,MANHATTAN,2022,10,394.74,0.09,62.709999999999994,0.0,0.0,0.0,
1,GOVERNMENT,MANHATTAN,2022,11,471.11999999999995,0.11,75.58,0.0,0.0,0.0,
1,GOVERNMENT,MANHATTAN,2022,12,363.61,0.08,66.99999999999999,0.0,0.0,0.0,
1,GOVERNMENT,MANHATTAN,2023,1,337.5,0.08,57.160000000000004,0.0,0.0,0.0,14.2
1,GOVERNMENT,MANHATTAN,2023,2,312.41999999999996,0.07,58.82000000000001,0.0,0.0,0.0,-11.64
1,GOVERNMENT,MANHATTAN,2023,3,483.28000000000003,0.11,85.07000000000001,0.0,0.0,0.0,8.31
1,GOVERNMENT,MANHATTAN,2023,4,276.6,0.06,47.769999999999996,0.0,0.0,0.0,-12.39
1,GOVERNMENT,MANHATTAN,2023,5,242.30999999999997,0.06,38.970000000000006,0.0,0.0,0.0,-10.41
1,GOVERNMENT,MANHATTAN,2023,6,667.9799999999998,0.16,113.25,0.0,0.0,0.0,148.79
1,GOVERNMENT,MANHATTAN,2023,7,424.58,0.1,67.85,0.0,0.0,0.0,16.64
1,GOVERNMENT,MANHATTAN,2023,8,552.0,0.13,92.73,0.0,0.0,0.0,22.69
1,GOVERNMENT,MANHATTAN,2023,9,308.93,0.07,51.10000000000001,0.0,0.0,0.0,-15.85
1,GOVERNMENT,MANHATTAN,2023,10,238.88999999999996,0.06,38.209999999999994,0.0,0.0,0.0,-39.48
1,GOVERNMENT,MANHATTAN,2023,11,279.96,0.07,43.64999999999999,0.0,0.0,0.0,-40.58
1,GOVERNMENT,MANHATTAN,2023,12,317.57000000000005,0.07,57.44,0.0,0.0,0.0,-12.66
1,GOVERNMENT,MANHATTAN,2024,1,223.78999999999996,0.05,36.09,0.0,0.0,0.0,-33.69
1,GOVERNMENT,MANHATTAN,2024,2,352.60999999999996,0.08,64.22,0.0,0.0,0.0,12.86
1,GOVERNMENT,MANHATTAN,2024,3,265.55,0.06,43.17000000000001,0.0,0.0,0.0,-45.05
1,GOVERNMENT,MANHATTAN,2024,4,274.28,0.06,45.14999999999999,0.0,0.0,0.0,-0.84
1,GOVERNMENT,MANHATTAN,2024,5,241.64999999999998,0.06,43.17,0.0,0.0,0.0,-0.27
1,GOVERNMENT,MANHATTAN,2024,6,314.11,0.07,54.45,0.0,0.0,0.0,-52.98
1,GOVERNMENT,MANHATTAN,2024,7,307.74,0.07,49.75000000000001,0.0,0.0,0.0,-27.52
1,GOVERNMENT,MANHATTAN,2024,8,429.89,0.1,69.41000000000001,0.0,0.0,0.0,-22.12
1,GOVERNMENT,MANHATTAN,2024,9,204.15000000000003,0.05,35.190000000000005,0.0,0.0,0.0,-33.92
1,GOVERNMENT,MANHATTAN,2024,10,207.07,0.05,36.11,0.0,0.0,0.0,-13.32
1,GOVERNMENT,MANHATTAN,2024,11,413.02000000000004,0.1,73.33000000000001,0.0,0.0,0.0,47.53
1,GOVERNMENT,MANHATTAN,2024,12,319.64,0.07,52.599999999999994,0.0,0.0,0.0,0.65
2,GOVERNMENT,STATEN ISLAND,2022,1,622.99,0.15,104.24,0.0,0.0,11.1,
2,GOVERNMENT,STATEN ISLAND,2022,2,521.99,0.12,84.76,0.0,0.0,9.22,
2,GOVERNMENT,STATEN ISLAND,2022,3,777.11,0.18,132.52000000000004,0.0,0.0,12.78,
2,GOVERNMENT,STATEN ISLAND,2022,4,558.72,0.13,96.96,0.0,0.0,5.99,
2,GOVERNMENT,STATEN ISLAND,2022,5,393.54,0.09,65.94000000000001,0.0,0.0,10.23,
2,GOVERNMENT,STATEN ISLAND,2022,6,459.22,0.11,82.72999999999999,0.0,0.0,8.96,
2,GOVERNMENT,STATEN ISLAND,2022,7,594.06,0.14,97.47,0.0,0.0,10.1,
2,GOVERNMENT,STATEN ISLAND,2022,8,736.5,0.17,126.48000000000002,0.0,0.0,10.5,
2,GOVERNMENT,STATEN ISLAND,2022,9,575.2199999999999,0.13,106.3,0.0,0.0,10.29,
2,GOVERNMENT,STATEN ISLAND,2022,10,583.46,0.14,106.75999999999999,0.0,0.0,10.29,
2,GOVERNMENT,STATEN ISLAND,2022,11,865.8899999999999,0.2,137.77,0.0,0.0,8.82,
2,GOVERNMENT,STATEN ISLAND,2022,12,697.46,0.16,115.35,0.0,0.0,10.64,
2,GOVERNMENT,STATEN ISLAND,2023,1,566.9499999999999,0.13,91.83,0.0,0.0,9.03,-9.0
2,GOVERNMENT,STATEN ISLAND,2023,2,480.8,0.11,80.15,0.0,0.0,12.44,-7.89
2,GOVERNMENT,STATEN ISLAND,2023,3,839.7699999999999,0.2,139.26,0.0,0.0,10.18,8.06
2,GOVERNMENT,STATEN ISLAND,2023,4,485.2,0.11,83.80000000000001,0.0,0.0,8.45,-13.16
2,GOVERNMENT,STATEN ISLAND,2023,5,466.53999999999996,0.11,76.35000000000001,0.0,0.0,7.51,18.55
2,GOVERNMENT,STATEN ISLAND,2023,6,1170.0000000000002,0.27,199.94,0.0,0.0,12.71,154.78
2,GOVERNMENT,STATEN ISLAND,2023,7,750.3600000000002,0.17,119.07,0.0,0.0,11.01,26.31
2,GOVERNMENT,STATEN ISLAND,2023,8,920.1499999999999,0.21,168.29999999999998,0.0,0.0,9.98,24.94
2,GOVERNMENT,STATEN ISLAND,2023,9,508.29,0.12,90.32999999999998,0.0,0.0,6.92,-11.64
2,GOVERNMENT,STATEN ISLAND,2023,10,359.24,0.08,60.690000000000005,0.0,0.0,7.6,-38.43
2,GOVERNMENT,STATEN ISLAND,2023,11,516.55,0.12,88.86,0.0,0.0,10.7,-40.34
2,GOVERNMENT,STATEN ISLAND,2023,12,678.8799999999999,0.16,106.25,0.0,0.0,9.83,-2.66
2,GOVERNMENT,STATEN ISLAND,2024,1,613.37,0.14,110.98,0.0,0.0,9.57,8.19
2,GOVERNMENT,STATEN ISLAND,2024,2,617.1000000000001,0.14,105.65,0.0,0.0,12.31,28.35
2,GOVERNMENT,STATEN ISLAND,2024,3,467.2900000000001,0.11,91.87,0.0,0.0,8.51,-44.36
2,GOVERNMENT,STATEN ISLAND,2024,4,513.16,0.12,87.95,0.0,0.0,11.67,5.76
2,GOVERNMENT,STATEN ISLAND,2024,5,419.24,0.1,66.63000000000001,0.0,0.0,10.7,-10.14
2,GOVERNMENT,STATEN ISLAND,2024,6,639.11,0.15,103.55,0.0,0.0,8.17,-45.38
2,GOVERNMENT,STATEN ISLAND,2024,7,635.14,0.15,105.78,0.0,0.0,7.77,-15.36
2,GOVERNMENT,STATEN ISLAND,2024,8,707.46,0.16,114.15,0.0,0.0,7.52,-23.11
2,GOVERNMENT,STATEN ISLAND,2024,9,336.86,0.08,58.28,0.0,0.0,11.37,-33.73
2,GOVERNMENT,STATEN ISLAND,2024,10,549.7399999999999,0.13,98.75,0.0,0.0,8.51,53.03
2,GOVERNMENT,STATEN ISLAND,2024,11,559.6899999999999,0.13,95.89,0.0,0.0,10.43,8.35
2,GOVERNMENT,STATEN ISLAND,2024,12,495.3,0.12,88.61999999999999,0.0,0.0,7.62,-27.04
3,COMMERCIAL OFFICE,STATEN ISLAND,2022,1,1272.5700000000006,0.3,230.01,0.0,0.0,0.0,
3,COMMERCIAL OFFICE,STATEN ISLAND,2022,2,1011.5600000000001,0.24,178.09,0.0,0.0,0.0,
3,COMMERCIAL OFFICE,STATEN ISLAND,2022,3,1547.9400000000003,0.36,258.04999999999995,0.0,0.0,0.0,
3,COMMERCIAL OFFICE,STATEN ISLAND,2022,4,1015.7499999999999,0.24,178.83,0.0,0.0,0.0,
3,COMMERCIAL OFFICE,STATEN ISLAND,2022,5,914.67,0.21,159.35,0.0,0.0,0.0,
3,COMMERCIAL OFFICE,STATEN ISLAND,2022,6,821.41,0.19,147.42000000000002,0.0,0.0,0.0,
3,COMMERCIAL OFFICE,STATEN ISLAND,2022,7,1267.1099999999997,0.3,200.43999999999997,0.0,0.0,0.0,
3,COMMERCIAL OFFICE,STATEN ISLAND,2022,8,1543.17,0.36,252.17,0.0,0.0,0.0,
3,COMMERCIAL OFFICE,STATEN ISLAND,2022,9,1109.83,0.26,191.12999999999997,0.0,0.0,0.0,
3,COMMERCIAL OFFICE,STATEN ISLAND,2022,10,1454.7999999999997,0.34,255.32999999999998,0.0,0.0,0.0,
3,COMMERCIAL OFFICE,STATEN ISLAND,2022,11,1649.7700000000002,0.38,294.63000000000005,0.0,0.0,0.0,
3,COMMERCIAL OFFICE,STATEN ISLAND,2022,12,1644.24,0.38,263.76,0.0,0.0,0.0,
3,COMMERCIAL OFFICE,STATEN ISLAND,2023,1,1176.38,0.27,192.15,0.0,0.0,0.0,-7.56
3,COMMERCIAL OFFICE,STATEN ISLAND,2023,2,974.7699999999999,0.23,163.67,0.0,0.0,0.0,-3.64
3,COMMERCIAL OFFICE,STATEN ISLAND,2023,3,1521.54,0.35,267.38999999999993,0.0,0.0,0.0,-1.71
3,COMMERCIAL OFFICE,STATEN ISLAND,2023,4,1045.05,0.24,194.70999999999995,0.0,0.0,0.0,2.88
3,COMMERCIAL OFFICE,STATEN ISLAND,2023,5,831.9200000000001,0.19,144.92,0.0,0.0,0.0,-9.05
3,COMMERCIAL OFFICE,STATEN ISLAND,2023,6,2408.93,0.56,377.84999999999997,0.0,0.0,0.0,193.27
3,COMMERCIAL OFFICE,STATEN ISLAND,2023,7,1446.3700000000003,0.34,248.09,0.0,0.0,0.0,14.15
3,COMMERCIAL OFFICE,STATEN ISLAND,2023,8,1444.3399999999997,0.34,257.17,0.0,0.0,0.0,-6.4
3,COMMERCIAL OFFICE,STATEN ISLAND,2023,9,912.05,0.21,150.11,0.0,0.0,0.0,-17.82
3,COMMERCIAL OFFICE,STATEN ISLAND,2023,10,769.03,0.18,133.19,0.0,0.0,0.0,-47.14
3,COMMERCIAL OFFICE,STATEN ISLAND,2023,11,886.92,0.21,150.66,0.0,0.0,0.0,-46.24
3,COMMERCIAL OFFICE,STATEN ISLAND,2023,12,1434.32,0.33,250.17000000000004,0.0,0.0,0.0,-12.77
3,COMMERCIAL OFFICE,STATEN ISLAND,2024,1,863.07,0.2,133.69,0.0,0.0,0.0,-26.63
3,COMMERCIAL OFFICE,STATEN ISLAND,2024,2,1286.9199999999998,0.3,223.0,0.0,0.0,0.0,32.02
3,COMMERCIAL OFFICE,STATEN ISLAND,2024,3,923.5600000000002,0.22,163.32,0.0,0.0,0.0,-39.3
3,COMMERCIAL OFFICE,STATEN ISLAND,2024,4,827.12,0.19,135.29,0.0,0.0,0.0,-20.85
3,COMMERCIAL OFFICE,STATEN ISLAND,2024,5,968.9299999999998,0.23,162.5,0.0,0.0,0.0,16.47
3,COMMERCIAL OFFICE,STATEN ISLAND,2024,6,1159.7600000000002,0.27,190.68,0.0,0.0,0.0,-51.86
3,COMMERCIAL OFFICE,STATEN ISLAND,2024,7,1282.4999999999998,0.3,227.87000000000003,0.0,0.0,0.0,-11.33
3,COMMERCIAL OFFICE,STATEN ISLAND,2024,8,1510.1,0.35,262.40999999999997,0.0,0.0,0.0,4.55
3,COMMERCIAL OFFICE,STATEN ISLAND,2024,9,814.8500000000001,0.19,139.41,0.0,0.0,0.0,-10.66
3,COMMERCIAL OFFICE,STATEN ISLAND,2024,10,1151.9799999999998,0.27,214.77999999999997,0.0,0.0,0.0,49.8
3,COMMERCIAL OFFICE,STATEN ISLAND,2024,11,1475.9799999999998,0.34,242.16000000000003,0.0,0.0,0.0,66.42
3,COMMERCIAL OFFICE,STATEN ISLAND,2024,12,1053.21,0.25,172.56,0.0,0.0,0.0,-26.57
4,MIXED-USE,QUEENS,2022,1,1148.23,0.27,208.39000000000001,0.0,0.0,10.59,
4,MIXED-USE,QUEENS,2022,2,768.8499999999999,0.18,133.89000000000001,0.0,0.0,11.42,
4,MIXED-USE,QUEENS,2022,3,1450.3199999999995,0.34,244.99999999999994,0.0,0.0,8.79,
4,MIXED-USE,QUEENS,2022,4,947.9999999999999,0.22,159.08999999999997,0.0,0.0,7.48,
4,MIXED-USE,QUEENS,2022,5,682.65,0.16,124.29,0.0,0.0,13.88,
4,MIXED-USE,QUEENS,2022,6,881.22,0.21,158.81,0.0,0.0,9.84,
4,MIXED-USE,QUEENS,2022,7,1121.15,0.26,180.62000000000003,0.0,0.0,8.84,
4,MIXED-USE,QUEENS,2022,8,1392.0600000000002,0.32,212.60000000000002,0.0,0.0,11.24,
4,MIXED-USE,QUEENS,2022,9,1028.74,0.24,187.17999999999998,0.0,0.0,8.48,
4,MIXED-USE,QUEENS,2022,10,1262.95,0.29,216.24,0.0,0.0,9.37,
4,MIXED-USE,QUEENS,2022,11,1202.5100000000002,0.28,211.84000000000003,0.0,0.0,9.43,
4,MIXED-USE,QUEENS,2022,12,1367.9199999999998,0.32,233.69,0.0,0.0,9.05,
4,MIXED-USE,QUEENS,2023,1,1082.4199999999998,0.25,168.20999999999998,0.0,0.0,9.71,-5.73
4,MIXED-USE,QUEENS,2023,2,719.6300000000001,0.17,119.19,0.0,0.0,12.06,-6.4
4,MIXED-USE,QUEENS,2023,3,1358.0,0.32,221.04,0.0,0.0,8.81,-6.37
4,MIXED-USE,QUEENS,2023,4,770.1400000000001,0.18,133.95999999999998,0.0,0.0,11.7,-18.76
4,MIXED-USE,QUEENS,2023,5,837.0799999999998,0.2,154.25,0.0,0.0,11.95,22.62
4,MIXED-USE,QUEENS,2023,6,1998.9899999999996,0.47,337.73999999999995,0.0,0.0,10.08,126.84
4,MIXED-USE,QUEENS,2023,7,1116.56,0.26,199.20000000000002,0.0,0.0,10.69,-0.41
4,MIXED-USE,QUEENS,2023,8,1474.05,0.34,265.32,0.0,0.0,12.2,5.89
4,MIXED-USE,QUEENS,2023,9,1049.75,0.24,187.70999999999998,0.0,0.0,9.73,2.04
4,MIXED-USE,QUEENS,2023,10,589.6800000000001,0.14,100.21999999999998,0.0,0.0,10.61,-53.31
4,MIXED-USE,QUEENS,2023,11,922.06,0.21,172.44,0.0,0.0,13.05,-23.32
4,MIXED-USE,QUEENS,2023,12,996.44,0.23,175.07000000000002,0.0,0.0,11.86,-27.16
4,MIXED-USE,QUEENS,2024,1,1102.23,0.26,186.06,0.0,0.0,11.09,1.83
4,MIXED-USE,QUEENS,2024,2,1144.9,0.27,197.49,0.0,0.0,8.62,59.1
4,MIXED-USE,QUEENS,2024,3,897.68,0.21,163.68,0.0,0.0,8.45,-33.9
4,MIXED-USE,QUEENS,2024,4,762.33,0.18,131.51,0.0,0.0,9.69,-1.01
4,MIXED-USE,QUEENS,2024,5,827.31,0.19,148.59000000000003,0.0,0.0,10.35,-1.17
4,MIXED-USE,QUEENS,2024,6,808.86,0.19,143.19,0.0,0.0,9.83,-59.54
4,MIXED-USE,QUEENS,2024,7,1080.58,0.25,182.54000000000002,0.0,0.0,11.84,-3.22
4,MIXED-USE,QUEENS,2024,8,1421.8999999999999,0.33,248.08999999999997,0.0,0.0,9.77,-3.54
4,MIXED-USE,QUEENS,2024,9,715.91,0.17,130.68,0.0,0.0,8.22,-31.8
4,MIXED-USE,QUEENS,2024,10,835.5299999999999,0.19,144.40999999999997,0.0,0.0,11.59,41.69
4,MIXED-USE,QUEENS,2024,11,1321.4100000000003,0.31,237.06000000000003,0.0,0.0,9.67,43.31
4,MIXED-USE,QUEENS,2024,12,987.05,0.23,171.05,0.0,0.0,8.13,-0.94
5,COMMERCIAL OFFICE,QUEENS,2022,1,907.3700000000001,0.21,157.97,0.0,0.0,0.0,
5,COMMERCIAL OFFICE,QUEENS,2022,2,799.1199999999999,0.19,128.87,0.0,0.0,0.0,
5,COMMERCIAL OFFICE,QUEENS,2022,3,1099.81,0.26,192.2,0.0,0.0,0.0,
5,COMMERCIAL OFFICE,QUEENS,2022,4,835.14,0.19,137.34,0.0,0.0,0.0,
5,COMMERCIAL OFFICE,QUEENS,2022,5,620.3,0.14,113.73,0.0,0.0,0.0,
5,COMMERCIAL OFFICE,QUEENS,2022,6,825.5600000000001,0.19,138.81000000000003,0.0,0.0,0.0,
5,COMMERCIAL OFFICE,QUEENS,2022,7,965.3900000000001,0.22,161.18,0.0,0.0,0.0,
5,COMMERCIAL OFFICE,QUEENS,2022,8,883.8600000000001,0.21,143.98,0.0,0.0,0.0,
5,COMMERCIAL OFFICE,QUEENS,2022,9,784.2800000000001,0.18,125.88,0.0,0.0,0.0,
5,COMMERCIAL OFFICE,QUEENS,2022,10,920.9,0.21,162.50000000000003,0.0,0.0,0.0,
5,COMMERCIAL OFFICE,QUEENS,2022,11,979.61,0.23,163.55000000000004,0.0,0.0,0.0,
5,COMMERCIAL OFFICE,QUEENS,2022,12,903.62,0.21,157.67000000000002,0.0,0.0,0.0,
5,COMMERCIAL OFFICE,QUEENS,2023,1,892.2,0.21,155.07000000000002,0.0,0.0,0.0,-1.67
5,COMMERCIAL OFFICE,QUEENS,2023,2,740.21,0.17,122.8,0.0,0.0,0.0,-7.37
5,COMMERCIAL OFFICE,QUEENS,2023,3,1033.93,0.24,171.72000000000003,0.0,0.0,0.0,-5.99
5,COMMERCIAL OFFICE,QUEENS,2023,4,705.77,0.16,129.19,0.0,0.0,0.0,-15.49
5,COMMERCIAL OFFICE,QUEENS,2023,5,648.05,0.15,114.28999999999999,0.0,0.0,0.0,4.47
5,COMMERCIAL OFFICE,QUEENS,2023,6,1401.3899999999999,0.33,236.20999999999998,0.0,0.0,0.0,69.75
5,COMMERCIAL OFFICE,QUEENS,2023,7,1004.27,0.23,163.69,0.0,0.0,0.0,4.03
5,COMMERCIAL OFFICE,QUEENS,2023,8,1210.71,0.28,196.28000000000003,0.0,0.0,0.0,36.98
5,COMMERCIAL OFFICE,QUEENS,2023,9,744.3299999999999,0.17,128.23999999999998,0.0,0.0,0.0,-5.09
5,COMMERCIAL OFFICE,QUEENS,2023,10,571.4300000000001,0.13,97.49000000000001,0.0,0.0,0.0,-37.95
5,COMMERCIAL OFFICE,QUEENS,2023,11,708.34,0.17,115.99000000000001,0.0,0.0,0.0,-27.69
5,COMMERCIAL OFFICE,QUEENS,2023,12,901.8299999999999,0.21,153.47,0.0,0.0,0.0,-0.2
5,COMMERCIAL OFFICE,QUEENS,2024,1,797.58,0.19,118.98,0.0,0.0,0.0,-10.61
5,COMMERCIAL OFFICE,QUEENS,2024,2,779.81,0.18,132.18999999999997,0.0,0.0,0.0,5.35
5,COMMERCIAL OFFICE,QUEENS,2024,3,520.9100000000001,0.12,85.82000000000001,0.0,0.0,0.0,-49.62
5,COMMERCIAL OFFICE,QUEENS,2024,4,721.42,0.17,134.54999999999998,0.0,0.0,0.0,2.22
5,COMMERCIAL OFFICE,QUEENS,2024,5,799.9799999999999,0.19,142.30999999999997,0.0,0.0,0.0,23.44
5,COMMERCIAL OFFICE,QUEENS,2024,6,752.0799999999999,0.18,132.79,0.0,0.0,0.0,-46.33
5,COMMERCIAL OFFICE,QUEENS,2024,7,793.59,0.18,139.35,0.0,0.0,0.0,-20.98
5,COMMERCIAL OFFICE,QUEENS,2024,8,981.79,0.23,165.49,0.0,0.0,0.0,-18.91
5,COMMERCIAL OFFICE,QUEENS,2024,9,570.5899999999999,0.13,106.1,0.0,0.0,0.0,-23.34
5,COMMERCIAL OFFICE,QUEENS,2024,10,763.4100000000001,0.18,129.70000000000002,0.0,0.0,0.0,33.6
5,COMMERCIAL OFFICE,QUEENS,2024,11,1114.35,0.26,168.88000000000002,0.0,0.0,0.0,57.32
5,COMMERCIAL OFFICE,QUEENS,2024,12,809.2700000000001,0.19,127.77,0.0,0.0,0.0,-10.26
6,RETAIL,MANHATTAN,2022,1,258.58,0.06,44.599999999999994,0.0,0.0,0.0,
6,RETAIL,MANHATTAN,2022,2,199.67999999999998,0.05,35.5,0.0,0.0,0.0,
6,RETAIL,MANHATTAN,2022,3,329.84999999999997,0.08,57.78999999999999,0.0,0.0,0.0,
6,RETAIL,MANHATTAN,2022,4,237.59000000000003,0.06,42.63,0.0,0.0,0.0,
6,RETAIL,MANHATTAN,2022,5,167.04999999999998,0.04,25.82,0.0,0.0,0.0,
6,RETAIL,MANHATTAN,2022,6,210.93000000000004,0.05,35.07,0.0,0.0,0.0,
6,RETAIL,MANHATTAN,2022,7,253.04,0.06,45.160000000000004,0.0,0.0,0.0,
6,RETAIL,MANHATTAN,2022,8,279.38000000000005,0.07,48.160000000000004,0.0,0.0,0.0,
6,RETAIL,MANHATTAN,2022,9,196.94000000000003,0.05,36.58,0.0,0.0,0.0,
6,RETAIL,MANHATTAN,2022,10,263.52000000000004,0.06,44.18,0.0,0.0,0.0,
6,RETAIL,MANHATTAN,2022,11,323.73999999999995,0.08,55.85,0.0,0.0,0.0,
6,RETAIL,MANHATTAN,2022,12,333.84,0.08,57.550000000000004,0.0,0.0,0.0,
6,RETAIL,MANHATTAN,2023,1,254.40999999999997,0.06,44.32,0.0,0.0,0.0,-1.61
6,RETAIL,MANHATTAN,2023,2,198.39000000000001,0.05,31.979999999999997,0.0,0.0,0.0,-0.65
6,RETAIL,MANHATTAN,2023,3,307.06000000000006,0.07,50.76,0.0,0.0,0.0,-6.91
6,RETAIL,MANHATTAN,2023,4,189.97999999999996,0.04,35.0,0.0,0.0,0.0,-20.04
6,RETAIL,MANHATTAN,2023,5,205.24,0.05,29.949999999999996,0.0,0.0,0.0,22.86
6,RETAIL,MANHATTAN,2023,6,504.9099999999999,0.12,89.43,0.0,0.0,0.0,139.37
6,RETAIL,MANHATTAN,2023,7,270.03,0.06,45.83,0.0,0.0,0.0,6.71
6,RETAIL,MANHATTAN,2023,8,354.99000000000007,0.08,58.759999999999984,0.0,0.0,0.0,27.06
6,RETAIL,MANHATTAN,2023,9,211.44,0.05,36.66,0.0,0.0,0.0,7.36
6,RETAIL,MANHATTAN,2023,10,164.97000000000003,0.04,25.969999999999995,0.0,0.0,0.0,-37.4
6,RETAIL,MANHATTAN,2023,11,217.94,0.05,37.91,0.0,0.0,0.0,-32.68
6,RETAIL,MANHATTAN,2023,12,248.72000000000008,0.06,45.0,0.0,0.0,0.0,-25.5
6,RETAIL,MANHATTAN,2024,1,225.60999999999999,0.05,39.34,0.0,0.0,0.0,-11.32
6,RETAIL,MANHATTAN,2024,2,274.59999999999997,0.06,45.69,0.0,0.0,0.0,38.41
6,RETAIL,MANHATTAN,2024,3,202.94000000000005,0.05,34.93000000000001,0.0,0.0,0.0,-33.91
6,RETAIL,MANHATTAN,2024,4,200.51999999999998,0.05,32.78,0.0,0.0,0.0,5.55
6,RETAIL,MANHATTAN,2024,5,216.72000000000003,0.05,37.75,0.0,0.0,0.0,5.59
6,RETAIL,MANHATTAN,2024,6,204.17000000000002,0.05,37.81,0.0,0.0,0.0,-59.56
6,RETAIL,MANHATTAN,2024,7,263.87,0.06,48.46,0.0,0.0,0.0,-2.28
6,RETAIL,MANHATTAN,2024,8,270.1,0.06,50.18,0.0,0.0,0.0,-23.91
6,RETAIL,MANHATTAN,2024,9,155.07,0.04,23.929999999999996,0.0,0.0,0.0,-26.66
6,RETAIL,MANHATTAN,2024,10,186.51,0.04,31.169999999999998,0.0,0.0,0.0,13.06
6,RETAIL,MANHATTAN,2024,11,302.5799999999999,0.07,49.77,0.0,0.0,0.0,38.84
6,RETAIL,MANHATTAN,2024,12,247.49,0.06,42.169999999999995,0.0,0.0,0.0,-0.49
7,RETAIL,STATEN ISLAND,2022,1,357.25,0.08,63.47,0.0,0.0,0.0,
7,RETAIL,STATEN ISLAND,2022,2,333.71000000000004,0.08,56.24,0.0,0.0,0.0,
7,RETAIL,STATEN ISLAND,2022,3,478.09,0.11,83.57,0.0,0.0,0.0,
7,RETAIL,STATEN ISLAND,2022,4,327.71,0.08,55.17,0.0,0.0,0.0,
7,RETAIL,STATEN ISLAND,2022,5,226.41,0.05,39.74999999999999,0.0,0.0,0.0,
7,RETAIL,STATEN ISLAND,2022,6,287.81,0.07,48.69,0.0,0.0,0.0,
7,RETAIL,STATEN ISLAND,2022,7,369.14,0.09,58.900000000000006,0.0,0.0,0.0,
7,RETAIL,STATEN ISLAND,2022,8,463.86,0.11,86.25,0.0,0.0,0.0,
7,RETAIL,STATEN ISLAND,2022,9,358.61,0.08,59.75,0.0,0.0,0.0,
7,RETAIL,STATEN ISLAND,2022,10,414.04,0.1,68.66000000000001,0.0,0.0,0.0,
7,RETAIL,STATEN ISLAND,2022,11,495.08000000000004,0.12,84.07999999999998,0.0,0.0,0.0,
7,RETAIL,STATEN ISLAND,2022,12,462.2,0.11,81.03000000000002,0.0,0.0,0.0,
7,RETAIL,STATEN ISLAND,2023,1,263.89,0.06,42.45,0.0,0.0,0.0,-26.13
7,RETAIL,STATEN ISLAND,2023,2,253.58000000000004,0.06,47.58,0.0,0.0,0.0,-24.01
7,RETAIL,STATEN ISLAND,2023,3,469.89000000000004,0.11,82.28999999999998,0.0,0.0,0.0,-1.72
7,RETAIL,STATEN ISLAND,2023,4,276.20000000000005,0.06,45.97,0.0,0.0,0.0,-15.72
7,RETAIL,STATEN ISLAND,2023,5,311.7,0.07,50.019999999999996,0.0,0.0,0.0,37.67
7,RETAIL,STATEN ISLAND,2023,6,620.5499999999998,0.14,109.40999999999998,0.0,0.0,0.0,115.61
7,RETAIL,STATEN ISLAND,2023,7,431.58000000000004,0.1,76.69000000000001,0.0,0.0,0.0,16.91
7,RETAIL,STATEN ISLAND,2023,8,568.31,0.13,89.94,0.0,0.0,0.0,22.52
7,RETAIL,STATEN ISLAND,2023,9,304.64000000000004,0.07,46.79,0.0,0.0,0.0,-15.05
7,RETAIL,STATEN ISLAND,2023,10,254.95000000000002,0.06,41.58999999999999,0.0,0.0,0.0,-38.42
7,RETAIL,STATEN ISLAND,2023,11,288.96,0.07,49.34,0.0,0.0,0.0,-41.63
7,RETAIL,STATEN ISLAND,2023,12,409.09999999999997,0.1,72.45,0.0,0.0,0.0,-11.49
7,RETAIL,STATEN ISLAND,2024,1,330.93,0.08,57.129999999999995,0.0,0.0,0.0,25.4
7,RETAIL,STATEN ISLAND,2024,2,333.44000000000005,0.08,56.99999999999999,0.0,0.0,0.0,31.49
7,RETAIL,STATEN ISLAND,2024,3,288.53999999999996,0.07,45.63000000000001,0.0,0.0,0.0,-38.59
7,RETAIL,STATEN ISLAND,2024,4,293.69000000000005,0.07,51.67,0.0,0.0,0.0,6.33
7,RETAIL,STATEN ISLAND,2024,5,291.19,0.07,52.370000000000005,0.0,0.0,0.0,-6.58
7,RETAIL,STATEN ISLAND,2024,6,357.19,0.08,63.76,0.0,0.0,0.0,-42.44
7,RETAIL,STATEN ISLAND,2024,7,376.26000000000005,0.09,67.62,0.0,0.0,0.0,-12.82
7,RETAIL,STATEN ISLAND,2024,8,360.15,0.08,59.51,0.0,0.0,0.0,-36.63
7,RETAIL,STATEN ISLAND,2024,9,261.14,0.06,43.269999999999996,0.0,0.0,0.0,-14.28
7,RETAIL,STATEN ISLAND,2024,10,342.69,0.08,54.87,0.0,0.0,0.0,34.41
7,RETAIL,STATEN ISLAND,2024,11,349.25,0.08,55.449999999999996,0.0,0.0,0.0,20.86
7,RETAIL,STATEN ISLAND,2024,12,345.21999999999997,0.08,66.92,0.0,0.0,0.0,-15.61
8,COMMERCIAL OFFICE,QUEENS,2022,1,1742.9800000000005,0.41,298.5499999999999,0.0,0.0,0.0,
8,COMMERCIAL OFFICE,QUEENS,2022,2,1476.1599999999999,0.34,257.39000000000004,0.0,0.0,0.0,
8,COMMERCIAL OFFICE,QUEENS,2022,3,1867.03,0.44,325.65999999999997,0.0,0.0,0.0,
8,COMMERCIAL OFFICE,QUEENS,2022,4,1739.08,0.41,316.1999999999999,0.0,0.0,0.0,
8,COMMERCIAL OFFICE,QUEENS,2022,5,1289.75,0.3,208.76999999999998,0.0,0.0,0.0,
8,COMMERCIAL OFFICE,QUEENS,2022,6,1622.2700000000002,0.38,269.84999999999997,0.0,0.0,0.0,
8,COMMERCIAL OFFICE,QUEENS,2022,7,1770.11,0.41,311.57,0.0,0.0,0.0,
8,COMMERCIAL OFFICE,QUEENS,2022,8,2292.26,0.53,365.33,0.0,0.0,0.0,
8,COMMERCIAL OFFICE,QUEENS,2022,9,1605.7100000000003,0.37,277.92,0.0,0.0,0.0,
8,COMMERCIAL OFFICE,QUEENS,2022,10,2082.5499999999997,0.49,347.38,0.0,0.0,0.0,
8,COMMERCIAL OFFICE,QUEENS,2022,11,2506.17,0.58,430.1799999999999,0.0,0.0,0.0,
8,COMMERCIAL OFFICE,QUEENS,2022,12,2296.4900000000002,0.54,416.49999999999994,0.0,0.0,0.0,
8,COMMERCIAL OFFICE,QUEENS,2023,1,1662.04,0.39,281.77,0.0,0.0,0.0,-4.64
8,COMMERCIAL OFFICE,QUEENS,2023,2,1440.69,0.34,254.46,0.0,0.0,0.0,-2.4
8,COMMERCIAL OFFICE,QUEENS,2023,3,2475.2000000000003,0.58,449.35,0.0,0.0,0.0,32.57
8,COMMERCIAL OFFICE,QUEENS,2023,4,1570.7,0.37,259.3,0.0,0.0,0.0,-9.68
8,COMMERCIAL OFFICE,QUEENS,2023,5,1359.5800000000002,0.32,237.89000000000001,0.0,0.0,0.0,5.41
8,COMMERCIAL OFFICE,QUEENS,2023,6,3561.1800000000007,0.83,603.4800000000001,0.0,0.0,0.0,119.52
8,COMMERCIAL OFFICE,QUEENS,2023,7,2179.13,0.51,366.73999999999995,0.0,0.0,0.0,23.11
8,COMMERCIAL OFFICE,QUEENS,2023,8,2311.1,0.54,397.81,0.0,0.0,0.0,0.82
8,COMMERCIAL OFFICE,QUEENS,2023,9,1708.99,0.4,294.9100000000001,0.0,0.0,0.0,6.43
8,COMMERCIAL OFFICE,QUEENS,2023,10,1320.6499999999999,0.31,221.28,0.0,0.0,0.0,-36.58
8,COMMERCIAL OFFICE,QUEENS,2023,11,1695.1600000000003,0.39,275.42,0.0,0.0,0.0,-32.36
8,COMMERCIAL OFFICE,QUEENS,2023,12,2021.21,0.47,335.85,0.0,0.0,0.0,-11.99
8,COMMERCIAL OFFICE,QUEENS,2024,1,1598.7799999999997,0.37,294.62,0.0,0.0,0.0,-3.81
8,COMMERCIAL OFFICE,QUEENS,2024,2,1957.55,0.46,320.20000000000005,0.0,0.0,0.0,35.88
8,COMMERCIAL OFFICE,QUEENS,2024,3,1506.3000000000002,0.35,264.06,0.0,0.0,0.0,-39.14
8,COMMERCIAL OFFICE,QUEENS,2024,4,1601.39,0.37,262.84,0.0,0.0,0.0,1.95
8,COMMERCIAL OFFICE,QUEENS,2024,5,1637.97,0.38,278.03999999999996,0.0,0.0,0.0,20.48
8,COMMERCIAL OFFICE,QUEENS,2024,6,1731.09,0.4,290.44,0.0,0.0,0.0,-51.39
8,COMMERCIAL OFFICE,QUEENS,2024,7,1774.8899999999999,0.41,268.34,0.0,0.0,0.0,-18.55
8,COMMERCIAL OFFICE,QUEENS,2024,8,2465.8800000000006,0.57,390.4900000000001,0.0,0.0,0.0,6.7
8,COMMERCIAL OFFICE,QUEENS,2024,9,1150.5900000000001,0.27,175.12,0.0,0.0,0.0,-32.67
8,COMMERCIAL OFFICE,QUEENS,2024,10,1568.6200000000001,0.37,272.77,0.0,0.0,0.0,18.78
8,COMMERCIAL OFFICE,QUEENS,2024,11,2418.89,0.56,442.63000000000005,0.0,0.0,0.0,42.69
8,COMMERCIAL OFFICE,QUEENS,2024,12,1846.31,0.43,323.06,0.0,0.0,0.0,-8.65
9,GOVERNMENT,QUEENS,2022,1,541.4,0.13,92.44,0.0,0.0,0.0,
9,GOVERNMENT,QUEENS,2022,2,407.15,0.09,72.83,0.0,0.0,0.0,
9,GOVERNMENT,QUEENS,2022,3,630.87,0.15,107.09,0.0,0.0,0.0,
9,GOVERNMENT,QUEENS,2022,4,472.5899999999999,0.11,81.84,0.0,0.0,0.0,
9,GOVERNMENT,QUEENS,2022,5,361.09000000000003,0.08,63.65,0.0,0.0,0.0,
9,GOVERNMENT,QUEENS,2022,6,440.26,0.1,71.27,0.0,0.0,0.0,
9,GOVERNMENT,QUEENS,2022,7,488.29999999999995,0.11,80.09,0.0,0.0,0.0,
9,GOVERNMENT,QUEENS,2022,8,577.5,0.13,107.32,0.0,0.0,0.0,
9,GOVERNMENT,QUEENS,2022,9,492.3100000000001,0.11,82.92999999999999,0.0,0.0,0.0,
9,GOVERNMENT,QUEENS,2022,10,612.4200000000001,0.14,108.97999999999999,0.0,0.0,0.0,
9,GOVERNMENT,QUEENS,2022,11,677.79,0.16,120.13999999999999,0.0,0.0,0.0,
9,GOVERNMENT,QUEENS,2022,12,598.49,0.14,105.91999999999999,0.0,0.0,0.0,
9,GOVERNMENT,QUEENS,2023,1,463.92,0.11,70.43,0.0,0.0,0.0,-14.31
9,GOVERNMENT,QUEENS,2023,2,375.56,0.09,71.47,0.0,0.0,0.0,-7.76
9,GOVERNMENT,QUEENS,2023,3,589.5000000000001,0.14,102.48,0.0,0.0,0.0,-6.56
9,GOVERNMENT,QUEENS,2023,4,409.0,0.1,59.44,0.0,0.0,0.0,-13.46
9,GOVERNMENT,QUEENS,2023,5,348.0,0.08,63.49,0.0,0.0,0.0,-3.63
9,GOVERNMENT,QUEENS,2023,6,835.9200000000001,0.19,150.87,0.0,0.0,0.0,89.87
9,GOVERNMENT,QUEENS,2023,7,489.75,0.11,81.71,0.0,0.0,0.0,0.3
9,GOVERNMENT,QUEENS,2023,8,796.97,0.19,133.25,0.0,0.0,0.0,38.0
9,GOVERNMENT,QUEENS,2023,9,451.54999999999995,0.11,74.22,0.0,0.0,0.0,-8.28
9,GOVERNMENT,QUEENS,2023,10,334.6600000000001,0.08,50.269999999999996,0.0,0.0,0.0,-45.35
9,GOVERNMENT,QUEENS,2023,11,428.86,0.1,76.73000000000002,0.0,0.0,0.0,-36.73
9,GOVERNMENT,QUEENS,2023,12,563.85,0.13,92.62999999999998,0.0,0.0,0.0,-5.79
9,GOVERNMENT,QUEENS,2024,1,445.95000000000005,0.1,80.62999999999998,0.0,0.0,0.0,-3.87
9,GOVERNMENT,QUEENS,2024,2,500.05999999999995,0.12,82.42999999999999,0.0,0.0,0.0,33.15
9,GOVERNMENT,QUEENS,2024,3,371.39,0.09,66.16999999999999,0.0,0.0,0.0,-37.0
9,GOVERNMENT,QUEENS,2024,4,391.7100000000001,0.09,65.07000000000001,0.0,0.0,0.0,-4.23
9,GOVERNMENT,QUEENS,2024,5,438.3299999999999,0.1,79.22,0.0,0.0,0.0,25.96
9,GOVERNMENT,QUEENS,2024,6,476.31999999999994,0.11,77.47000000000001,0.0,0.0,0.0,-43.02
9,GOVERNMENT,QUEENS,2024,7,585.47,0.14,92.35999999999999,0.0,0.0,0.0,19.54
9,GOVERNMENT,QUEENS,2024,8,561.1899999999999,0.13,92.78000000000002,0.0,0.0,0.0,-29.58
9,GOVERNMENT,QUEENS,2024,9,377.44,0.09,61.010000000000005,0.0,0.0,0.0,-16.41
9,GOVERNMENT,QUEENS,2024,10,421.28,0.1,78.46000000000001,0.0,0.0,0.0,25.88
9,GOVERNMENT,QUEENS,2024,11,550.03,0.13,98.69,0.0,0.0,0.0,28.25
9,GOVERNMENT,QUEENS,2024,12,512.27,0.12,85.3,0.0,0.0,0.0,-9.15
10,GOVERNMENT,BROOKLYN,2022,1,257.57,0.06,44.489999999999995,0.0,0.0,0.0,
10,GOVERNMENT,BROOKLYN,2022,2,197.84,0.05,29.49,0.0,0.0,0.0,
10,GOVERNMENT,BROOKLYN,2022,3,326.47,0.08,57.83999999999999,0.0,0.0,0.0,
10,GOVERNMENT,BROOKLYN,2022,4,176.67999999999998,0.04,31.53,0.0,0.0,0.0,
10,GOVERNMENT,BROOKLYN,2022,5,177.71999999999997,0.04,31.23,0.0,0.0,0.0,
10,GOVERNMENT,BROOKLYN,2022,6,222.47000000000003,0.05,38.24999999999999,0.0,0.0,0.0,
10,GOVERNMENT,BROOKLYN,2022,7,212.1,0.05,35.480000000000004,0.0,0.0,0.0,
10,GOVERNMENT,BROOKLYN,2022,8,281.13,0.07,46.99,0.0,0.0,0.0,
10,GOVERNMENT,BROOKLYN,2022,9,236.46999999999997,0.06,39.58,0.0,0.0,0.0,
10,GOVERNMENT,BROOKLYN,2022,10,308.67999999999995,0.07,51.63,0.0,0.0,0.0,
10,GOVERNMENT,BROOKLYN,2022,11,314.33,0.07,51.35,0.0,0.0,0.0,
10,GOVERNMENT,BROOKLYN,2022,12,306.67999999999995,0.07,52.71,0.0,0.0,0.0,
10,GOVERNMENT,BROOKLYN,2023,1,243.15,0.06,42.56999999999999,0.0,0.0,0.0,-5.6
10,GOVERNMENT,BROOKLYN,2023,2,200.03,0.05,35.05,0.0,0.0,0.0,1.11
10,GOVERNMENT,BROOKLYN,2023,3,311.95,0.07,53.86,0.0,0.0,0.0,-4.45
10,GOVERNMENT,BROOKLYN,2023,4,199.50000000000003,0.05,35.790000000000006,0.0,0.0,0.0,12.92
10,GOVERNMENT,BROOKLYN,2023,5,184.21,0.04,30.74,0.0,0.0,0.0,3.65
10,GOVERNMENT,BROOKLYN,2023,6,477.87,0.11,85.53999999999999,0.0,0.0,0.0,114.8
10,GOVERNMENT,BROOKLYN,2023,7,269.78999999999996,0.06,42.09,0.0,0.0,0.0,27.2
10,GOVERNMENT,BROOKLYN,2023,8,365.74,0.09,61.44999999999999,0.0,0.0,0.0,30.1
10,GOVERNMENT,BROOKLYN,2023,9,222.70000000000002,0.05,37.68,0.0,0.0,0.0,-5.82
10,GOVERNMENT,BROOKLYN,2023,10,134.22,0.03,20.809999999999995,0.0,0.0,0.0,-56.52
10,GOVERNMENT,BROOKLYN,2023,11,182.15999999999997,0.04,31.979999999999997,0.0,0.0,0.0,-42.05
10,GOVERNMENT,BROOKLYN,2023,12,299.6600000000001,0.07,53.42,0.0,0.0,0.0,-2.29
10,GOVERNMENT,BROOKLYN,2024,1,238.21,0.06,38.82000000000001,0.0,0.0,0.0,-2.03
10,GOVERNMENT,BROOKLYN,2024,2,273.21,0.06,45.970000000000006,0.0,0.0,0.0,36.58
10,GOVERNMENT,BROOKLYN,2024,3,179.57999999999998,0.04,31.95,0.0,0.0,0.0,-42.43
10,GOVERNMENT,BROOKLYN,2024,4,175.45,0.04,28.75,0.0,0.0,0.0,-12.06
10,GOVERNMENT,BROOKLYN,2024,5,183.84,0.04,31.000000000000004,0.0,0.0,0.0,-0.2
10,GOVERNMENT,BROOKLYN,2024,6,215.95000000000002,0.05,37.730000000000004,0.0,0.0,0.0,-54.81
10,GOVERNMENT,BROOKLYN,2024,7,253.07,0.06,44.339999999999996,0.0,0.0,0.0,-6.2
10,GOVERNMENT,BROOKLYN,2024,8,281.95000000000005,0.07,49.57999999999999,0.0,0.0,0.0,-22.91
10,GOVERNMENT,BROOKLYN,2024,9,144.78,0.03,23.85,0.0,0.0,0.0,-34.99
10,GOVERNMENT,BROOKLYN,2024,10,198.86000000000004,0.05,32.06,0.0,0.0,0.0,48.16
10,GOVERNMENT,BROOKLYN,2024,11,240.3,0.06,45.010000000000005,0.0,0.0,0.0,31.92
10,GOVERNMENT,BROOKLYN,2024,12,242.73000000000002,0.06,41.839999999999996,0.0,0.0,0.0,-19.0
11,GOVERNMENT,STATEN ISLAND,2022,1,1075.8700000000001,0.25,173.81,0.0,0.0,10.05,
11,GOVERNMENT,STATEN ISLAND,2022,2,1008.0799999999999,0.23,165.96,0.0,0.0,11.7,
11,GOVERNMENT,STATEN ISLAND,2022,3,1393.42,0.32,241.29000000000002,0.0,0.0,11.75,
11,GOVERNMENT,STATEN ISLAND,2022,4,930.4799999999999,0.22,154.23,0.0,0.0,11.25,
11,GOVERNMENT,STATEN ISLAND,2022,5,851.71,0.2,145.21,0.0,0.0,11.46,
11,GOVERNMENT,STATEN ISLAND,2022,6,1051.36,0.24,169.8,0.0,0.0,11.81,
11,GOVERNMENT,STATEN ISLAND,2022,7,1240.49,0.29,209.4,0.0,0.0,10.29,
11,GOVERNMENT,STATEN ISLAND,2022,8,1386.02,0.32,221.16000000000003,0.0,0.0,9.59,
11,GOVERNMENT,STATEN ISLAND,2022,9,1082.72,0.25,189.65,0.0,0.0,7.82,
11,GOVERNMENT,STATEN ISLAND,2022,10,1529.4600000000005,0.36,263.5,0.0,0.0,9.07,
11,GOVERNMENT,STATEN ISLAND,2022,11,1620.37,0.38,266.99,0.0,0.0,9.57,
11,GOVERNMENT,STATEN ISLAND,2022,12,1295.62,0.3,217.9,0.0,0.0,7.92,
11,GOVERNMENT,STATEN ISLAND,2023,1,964.3900000000001,0.22,166.61,0.0,0.0,9.4,-10.36
11,GOVERNMENT,STATEN ISLAND,2023,2,776.49,0.18,124.0,0.0,0.0,10.04,-22.97
11,GOVERNMENT,STATEN ISLAND,2023,3,1676.2600000000002,0.39,286.4,0.0,0.0,7.31,20.3
11,GOVERNMENT,STATEN ISLAND,2023,4,843.5699999999999,0.2,156.81,0.0,0.0,12.24,-9.34
11,GOVERNMENT,STATEN ISLAND,2023,5,853.83,0.2,150.26,0.0,0.0,12.43,0.25
11,GOVERNMENT,STATEN ISLAND,2023,6,2478.7999999999997,0.58,433.71999999999997,0.0,0.0,9.81,135.77
11,GOVERNMENT,STATEN ISLAND,2023,7,1385.4100000000003,0.32,244.04,0.0,0.0,10.98,11.68
11,GOVERNMENT,STATEN ISLAND,2023,8,1914.6299999999999,0.45,309.47999999999996,0.0,0.0,10.13,38.14
11,GOVERNMENT,STATEN ISLAND,2023,9,979.31,0.23,170.39999999999998,0.0,0.0,10.31,-9.55
11,GOVERNMENT,STATEN ISLAND,2023,10,644.2399999999999,0.15,113.53999999999999,0.0,0.0,8.8,-57.88
11,GOVERNMENT,STATEN ISLAND,2023,11,826.94,0.19,138.78,0.0,0.0,13.56,-48.97
11,GOVERNMENT,STATEN ISLAND,2023,12,1429.6100000000001,0.33,254.92000000000004,0.0,0.0,10.63,10.34
11,GOVERNMENT,STATEN ISLAND,2024,1,1131.92,0.26,199.17000000000002,0.0,0.0,10.54,17.37
11,GOVERNMENT,STATEN ISLAND,2024,2,1358.8500000000001,0.32,234.51000000000002,0.0,0.0,10.33,75.0
11,GOVERNMENT,STATEN ISLAND,2024,3,965.0799999999999,0.22,182.83999999999997,0.0,0.0,12.56,-42.43
11,GOVERNMENT,STATEN ISLAND,2024,4,686.97,0.16,129.11,0.0,0.0,10.11,-18.56
11,GOVERNMENT,STATEN ISLAND,2024,5,1043.17,0.24,183.49,0.0,0.0,8.98,22.18
11,GOVERNMENT,STATEN ISLAND,2024,6,1027.9099999999999,0.24,172.1,0.0,0.0,12.31,-58.53
11,GOVERNMENT,STATEN ISLAND,2024,7,1134.9299999999998,0.26,197.69,0.0,0.0,7.46,-18.08
11,GOVERNMENT,STATEN ISLAND,2024,8,1573.93,0.37,276.31,0.0,0.0,10.25,-17.79
11,GOVERNMENT,STATEN ISLAND,2024,9,715.8000000000001,0.17,117.16,0.0,0.0,8.27,-26.91
11,GOVERNMENT,STATEN ISLAND,2024,10,1070.21,0.25,178.73000000000002,0.0,0.0,10.59,66.12
11,GOVERNMENT,STATEN ISLAND,2024,11,1367.1100000000001,0.32,229.40000000000003,0.0,0.0,10.2,65.32
11,GOVERNMENT,STATEN ISLAND,2024,12,1190.7499999999998,0.28,187.32000000000002,0.0,0.0,9.89,-16.71
12,RETAIL,BRONX,2022,1,385.36,0.09,63.41,0.0,0.0,0.0,
12,RETAIL,BRONX,2022,2,346.72,0.08,57.5,0.0,0.0,0.0,
12,RETAIL,BRONX,2022,3,569.67,0.13,107.15999999999998,0.0,0.0,0.0,
12,RETAIL,BRONX,2022,4,311.31999999999994,0.07,50.669999999999995,0.0,0.0,0.0,
12,RETAIL,BRONX,2022,5,253.74,0.06,45.93,0.0,0.0,0.0,
12,RETAIL,BRONX,2022,6,371.57000000000005,0.09,64.89999999999999,0.0,0.0,0.0,
12,RETAIL,BRONX,2022,7,433.03,0.1,71.67999999999999,0.0,0.0,0.0,
12,RETAIL,BRONX,2022,8,534.62,0.12,90.13,0.0,0.0,0.0,
12,RETAIL,BRONX,2022,9,396.28999999999996,0.09,69.92999999999999,0.0,0.0,0.0,
12,RETAIL,BRONX,2022,10,459.57,0.11,80.4,0.0,0.0,0.0,
12,RETAIL,BRONX,2022,11,551.12,0.13,96.05,0.0,0.0,0.0,
12,RETAIL,BRONX,2022,12,506.87999999999994,0.12,92.22000000000001,0.0,0.0,0.0,
12,RETAIL,BRONX,2023,1,423.94000000000005,0.1,72.69,0.0,0.0,0.0,10.01
12,RETAIL,BRONX,2023,2,249.41000000000003,0.06,38.86,0.0,0.0,0.0,-28.07
12,RETAIL,BRONX,2023,3,489.59000000000003,0.11,80.64999999999999,0.0,0.0,0.0,-14.06
12,RETAIL,BRONX,2023,4,264.73,0.06,42.12,0.0,0.0,0.0,-14.97
12,RETAIL,BRONX,2023,5,312.94,0.07,54.13999999999999,0.0,0.0,0.0,23.33
12,RETAIL,BRONX,2023,6,803.41,0.19,136.51,0.0,0.0,0.0,116.22
12,RETAIL,BRONX,2023,7,462.62,0.11,80.01,0.0,0.0,0.0,6.83
12,RETAIL,BRONX,2023,8,576.9999999999999,0.13,89.78000000000002,0.0,0.0,0.0,7.93
12,RETAIL,BRONX,2023,9,351.19,0.08,57.25,0.0,0.0,0.0,-11.38
12,RETAIL,BRONX,2023,10,275.41,0.06,47.45,0.0,0.0,0.0,-40.07
12,RETAIL,BRONX,2023,11,370.46000000000004,0.09,60.64,0.0,0.0,0.0,-32.78
12,RETAIL,BRONX,2023,12,528.2900000000001,0.12,86.79,0.0,0.0,0.0,4.22
12,RETAIL,BRONX,2024,1,376.27,0.09,60.25,0.0,0.0,0.0,-11.24
12,RETAIL,BRONX,2024,2,375.45000000000005,0.09,66.78999999999999,0.0,0.0,0.0,50.54
12,RETAIL,BRONX,2024,3,358.2,0.08,60.29,0.0,0.0,0.0,-26.84
12,RETAIL,BRONX,2024,4,349.77,0.08,57.64999999999999,0.0,0.0,0.0,32.12
12,RETAIL,BRONX,2024,5,305.13,0.07,52.51,0.0,0.0,0.0,-2.5
12,RETAIL,BRONX,2024,6,326.11,0.08,48.97,0.0,0.0,0.0,-59.41
12,RETAIL,BRONX,2024,7,389.05,0.09,62.88000000000001,0.0,0.0,0.0,-15.9
12,RETAIL,BRONX,2024,8,521.29,0.12,86.8,0.0,0.0,0.0,-9.66
12,RETAIL,BRONX,2024,9,253.45000000000002,0.06,47.45,0.0,0.0,0.0,-27.83
12,RETAIL,BRONX,2024,10,377.54,0.09,63.14000000000001,0.0,0.0,0.0,37.08
12,RETAIL,BRONX,2024,11,418.76,0.1,67.47000000000001,0.0,0.0,0.0,13.04
12,RETAIL,BRONX,2024,12,350.88,0.08,56.75,0.0,0.0,0.0,-33.58
13,INDUSTRIAL,BRONX,2022,1,1122.93,0.26,194.86,0.0,0.0,0.0,
13,INDUSTRIAL,BRONX,2022,2,756.31,0.18,113.6,0.0,0.0,0.0,
13,INDUSTRIAL,BRONX,2022,3,1513.7,0.35,237.12,0.0,0.0,0.0,
13,INDUSTRIAL,BRONX,2022,4,819.85,0.19,131.39999999999998,0.0,0.0,0.0,
13,INDUSTRIAL,BRONX,2022,5,662.88,0.15,120.18,0.0,0.0,0.0,
13,INDUSTRIAL,BRONX,2022,6,631.75,0.15,107.71,0.0,0.0,0.0,
13,INDUSTRIAL,BRONX,2022,7,1002.99,0.23,165.89,0.0,0.0,0.0,
13,INDUSTRIAL,BRONX,2022,8,1202.23,0.28,213.14000000000001,0.0,0.0,0.0,
13,INDUSTRIAL,BRONX,2022,9,1080.93,0.25,180.42000000000002,0.0,0.0,0.0,
13,INDUSTRIAL,BRONX,2022,10,1200.5900000000001,0.28,210.41,0.0,0.0,0.0,
13,INDUSTRIAL,BRONX,2022,11,1486.51,0.35,247.81000000000006,0.0,0.0,0.0,
13,INDUSTRIAL,BRONX,2022,12,1426.3599999999997,0.33,237.72000000000003,0.0,0.0,0.0,
13,INDUSTRIAL,BRONX,2023,1,1054.1399999999999,0.25,175.11,0.0,0.0,0.0,-6.13
13,INDUSTRIAL,BRONX,2023,2,673.03,0.16,110.25,0.0,0.0,0.0,-11.01
13,INDUSTRIAL,BRONX,2023,3,1392.6,0.32,243.03,0.0,0.0,0.0,-8.0
13,INDUSTRIAL,BRONX,2023,4,633.24,0.15,105.10000000000001,0.0,0.0,0.0,-22.76
13,INDUSTRIAL,BRONX,2023,5,849.0300000000001,0.2,145.87,0.0,0.0,0.0,28.08
13,INDUSTRIAL,BRONX,2023,6,2123.9300000000003,0.49,368.21999999999997,0.0,0.0,0.0,236.2
13,INDUSTRIAL,BRONX,2023,7,1385.94,0.32,237.20999999999998,0.0,0.0,0.0,38.18
13,INDUSTRIAL,BRONX,2023,8,1433.47,0.33,246.25,0.0,0.0,0.0,19.23
13,INDUSTRIAL,BRONX,2023,9,951.22,0.22,156.95999999999998,0.0,0.0,0.0,-12.0
13,INDUSTRIAL,BRONX,2023,10,679.71,0.16,118.18999999999998,0.0,0.0,0.0,-43.39
13,INDUSTRIAL,BRONX,2023,11,773.69,0.18,129.94000000000003,0.0,0.0,0.0,-47.95
13,INDUSTRIAL,BRONX,2023,12,1187.0900000000001,0.28,201.93,0.0,0.0,0.0,-16.77
13,INDUSTRIAL,BRONX,2024,1,684.1,0.16,123.23999999999998,0.0,0.0,0.0,-35.1
13,INDUSTRIAL,BRONX,2024,2,1045.86,0.24,192.26,0.0,0.0,0.0,55.4
13,INDUSTRIAL,BRONX,2024,3,842.7099999999999,0.2,146.27,0.0,0.0,0.0,-39.49
13,INDUSTRIAL,BRONX,2024,4,734.0699999999999,0.17,123.77000000000002,0.0,0.0,0.0,15.92
13,INDUSTRIAL,BRONX,2024,5,949.67,0.22,151.13,0.0,0.0,0.0,11.85
13,INDUSTRIAL,BRONX,2024,6,876.1200000000001,0.2,141.24,0.0,0.0,0.0,-58.75
13,INDUSTRIAL,BRONX,2024,7,1197.17,0.28,200.79999999999998,0.0,0.0,0.0,-13.62
13,INDUSTRIAL,BRONX,2024,8,1171.41,0.27,219.04,0.0,0.0,0.0,-18.28
13,INDUSTRIAL,BRONX,2024,9,546.45,0.13,99.70000000000002,0.0,0.0,0.0,-42.55
13,INDUSTRIAL,BRONX,2024,10,794.5699999999999,0.19,141.08999999999997,0.0,0.0,0.0,16.9
13,INDUSTRIAL,BRONX,2024,11,1359.27,0.32,232.79999999999998,0.0,0.0,0.0,75.69
13,INDUSTRIAL,BRONX,2024,12,1065.8600000000001,0.25,181.39999999999998,0.0,0.0,0.0,-10.21
14,MIXED-USE,BRONX,2022,1,528.3799999999999,0.12,85.77,0.0,0.0,6.33,
14,MIXED-USE,BRONX,2022,2,501.24999999999994,0.12,83.36,0.0,0.0,7.6,
14,MIXED-USE,BRONX,2022,3,694.9699999999999,0.16,116.22000000000001,0.0,0.0,10.58,
14,MIXED-USE,BRONX,2022,4,487.91,0.11,80.02,0.0,0.0,5.85,
14,MIXED-USE,BRONX,2022,5,406.0299999999999,0.09,70.28,0.0,0.0,10.09,
14,MIXED-USE,BRONX,2022,6,412.85,0.1,69.19999999999999,0.0,0.0,7.23,
14,MIXED-USE,BRONX,2022,7,590.4,0.14,99.18000000000002,0.0,0.0,7.73,
14,MIXED-USE,BRONX,2022,8,650.71,0.15,110.77000000000001,0.0,0.0,11.03,
14,MIXED-USE,BRONX,2022,9,567.0500000000002,0.13,99.11999999999999,0.0,0.0,8.05,
14,MIXED-USE,BRONX,2022,10,719.03,0.17,133.56,0.0,0.0,8.98,
14,MIXED-USE,BRONX,2022,11,850.9200000000001,0.2,143.82,0.0,0.0,11.37,
14,MIXED-USE,BRONX,2022,12,720.4,0.17,128.28,0.0,0.0,10.6,
14,MIXED-USE,BRONX,2023,1,536.82,0.13,95.03,0.0,0.0,12.39,1.6
14,MIXED-USE,BRONX,2023,2,426.48,0.1,76.93,0.0,0.0,9.89,-14.92
14,MIXED-USE,BRONX,2023,3,778.9300000000002,0.18,129.02,0.0,0.0,6.65,12.08
14,MIXED-USE,BRONX,2023,4,419.62999999999994,0.1,70.96000000000001,0.0,0.0,13.69,-13.99
14,MIXED-USE,BRONX,2023,5,442.01000000000005,0.1,75.47,0.0,0.0,10.64,8.86
14,MIXED-USE,BRONX,2023,6,1220.1,0.28,204.33000000000004,0.0,0.0,8.16,195.53
14,MIXED-USE,BRONX,2023,7,623.5999999999999,0.15,93.48,0.0,0.0,9.31,5.62
14,MIXED-USE,BRONX,2023,8,942.5100000000001,0.22,166.85000000000005,0.0,0.0,10.58,44.84
14,MIXED-USE,BRONX,2023,9,516.7600000000001,0.12,87.74000000000001,0.0,0.0,10.78,-8.87
14,MIXED-USE,BRONX,2023,10,395.69999999999993,0.09,72.19,0.0,0.0,7.67,-44.97
14,MIXED-USE,BRONX,2023,11,489.37,0.11,81.32000000000001,0.0,0.0,8.01,-42.49
14,MIXED-USE,BRONX,2023,12,659.15,0.15,112.26,0.0,0.0,8.94,-8.5
14,MIXED-USE,BRONX,2024,1,613.31,0.14,102.93,0.0,0.0,11.91,14.25
14,MIXED-USE,BRONX,2024,2,504.27000000000004,0.12,78.66999999999999,0.0,0.0,8.92,18.24
14,MIXED-USE,BRONX,2024,3,478.78000000000003,0.11,86.86000000000001,0.0,0.0,9.57,-38.53
14,MIXED-USE,BRONX,2024,4,454.21999999999997,0.11,77.97000000000001,0.0,0.0,9.84,8.24
14,MIXED-USE,BRONX,2024,5,497.43999999999994,0.12,82.94000000000001,0.0,0.0,10.61,12.54
14,MIXED-USE,BRONX,2024,6,441.3399999999999,0.1,78.72000000000001,0.0,0.0,12.22,-63.83
14,MIXED-USE,BRONX,2024,7,504.05,0.12,86.03,0.0,0.0,13.22,-19.17
14,MIXED-USE,BRONX,2024,8,616.86,0.14,104.80999999999999,0.0,0.0,11.47,-34.55
14,MIXED-USE,BRONX,2024,9,359.04,0.08,53.36,0.0,0.0,10.0,-30.52
14,MIXED-USE,BRONX,2024,10,459.65,0.11,77.42,0.0,0.0,8.82,16.16
14,MIXED-USE,BRONX,2024,11,608.71,0.14,102.22,0.0,0.0,7.25,24.39
14,MIXED-USE,BRONX,2024,12,551.22,0.13,91.73,0.0,0.0,10.1,-16.37
15,RESIDENTIAL HIGH-RISE,MANHATTAN,2022,1,196.3,0.05,33.8,0.0,0.0,0.0,
15,RESIDENTIAL HIGH-RISE,MANHATTAN,2022,2,141.18,0.03,23.03,0.0,0.0,0.0,
15,RESIDENTIAL HIGH-RISE,MANHATTAN,2022,3,261.32,0.06,43.35,0.0,0.0,0.0,
15,RESIDENTIAL HIGH-RISE,MANHATTAN,2022,4,173.54999999999998,0.04,29.78,0.0,0.0,0.0,
15,RESIDENTIAL HIGH-RISE,MANHATTAN,2022,5,160.81999999999996,0.04,26.340000000000003,0.0,0.0,0.0,
15,RESIDENTIAL HIGH-RISE,MANHATTAN,2022,6,198.00000000000003,0.05,33.34,0.0,0.0,0.0,
15,RESIDENTIAL HIGH-RISE,MANHATTAN,2022,7,214.69,0.05,36.97,0.0,0.0,0.0,
15,RESIDENTIAL HIGH-RISE,MANHATTAN,2022,8,261.33,0.06,45.06999999999999,0.0,0.0,0.0,
15,RESIDENTIAL HIGH-RISE,MANHATTAN,2022,9,209.73000000000002,0.05,36.22,0.0,0.0,0.0,
15,RESIDENTIAL HIGH-RISE,MANHATTAN,2022,10,263.34,0.06,45.470000000000006,0.0,0.0,0.0,
15,RESIDENTIAL HIGH-RISE,MANHATTAN,2022,11,294.16,0.07,50.71,0.0,0.0,0.0,
15,RESIDENTIAL HIGH-RISE,MANHATTAN,2022,12,263.89,0.06,45.39000000000001,0.0,0.0,0.0,
15,RESIDENTIAL HIGH-RISE,MANHATTAN,2023,1,201.32,0.05,31.360000000000003,0.0,0.0,0.0,2.56
15,RESIDENTIAL HIGH-RISE,MANHATTAN,2023,2,156.58,0.04,24.430000000000003,0.0,0.0,0.0,10.91
15,RESIDENTIAL HIGH-RISE,MANHATTAN,2023,3,261.76,0.06,46.0,0.0,0.0,0.0,0.17
15,RESIDENTIAL HIGH-RISE,MANHATTAN,2023,4,177.85000000000002,0.04,30.119999999999997,0.0,0.0,0.0,2.48
15,RESIDENTIAL HIGH-RISE,MANHATTAN,2023,5,157.62,0.04,25.0,0.0,0.0,0.0,-1.99
15,RESIDENTIAL HIGH-RISE,MANHATTAN,2023,6,367.59,0.09,61.60999999999999,0.0,0.0,0.0,85.65
15,RESIDENTIAL HIGH-RISE,MANHATTAN,2023,7,279.42999999999995,0.07,47.339999999999996,0.0,0.0,0.0,30.16
15,RESIDENTIAL HIGH-RISE,MANHATTAN,2023,8,320.3,0.07,54.86,0.0,0.0,0.0,22.57
15,RESIDENTIAL HIGH-RISE,MANHATTAN,2023,9,206.29000000000002,0.05,35.279999999999994,0.0,0.0,0.0,-1.64
15,RESIDENTIAL HIGH-RISE,MANHATTAN,2023,10,143.01999999999998,0.03,23.57,0.0,0.0,0.0,-45.69
15,RESIDENTIAL HIGH-RISE,MANHATTAN,2023,11,183.89999999999998,0.04,31.15,0.0,0.0,0.0,-37.48
15,RESIDENTIAL HIGH-RISE,MANHATTAN,2023,12,242.06,0.06,43.010000000000005,0.0,0.0,0.0,-8.27
15,RESIDENTIAL HIGH-RISE,MANHATTAN,2024,1,187.88000000000002,0.04,29.509999999999998,0.0,0.0,0.0,-6.68
15,RESIDENTIAL HIGH-RISE,MANHATTAN,2024,2,223.09,0.05,38.38,0.0,0.0,0.0,42.48
15,RESIDENTIAL HIGH-RISE,MANHATTAN,2024,3,123.33999999999999,0.03,22.18,0.0,0.0,0.0,-52.88
15,RESIDENTIAL HIGH-RISE,MANHATTAN,2024,4,165.29999999999998,0.04,28.960000000000004,0.0,0.0,0.0,-7.06
15,RESIDENTIAL HIGH-RISE,MANHATTAN,2024,5,181.38,0.04,30.740000000000002,0.0,0.0,0.0,15.07
15,RESIDENTIAL HIGH-RISE,MANHATTAN,2024,6,194.64999999999998,0.05,33.95,0.0,0.0,0.0,-47.05
15,RESIDENTIAL HIGH-RISE,MANHATTAN,2024,7,210.68,0.05,37.19,0.0,0.0,0.0,-24.6
15,RESIDENTIAL HIGH-RISE,MANHATTAN,2024,8,240.61999999999998,0.06,41.36,0.0,0.0,0.0,-24.88
15,RESIDENTIAL HIGH-RISE,MANHATTAN,2024,9,147.18,0.03,25.800000000000004,0.0,0.0,0.0,-28.65
15,RESIDENTIAL HIGH-RISE,MANHATTAN,2024,10,203.11999999999998,0.05,35.04,0.0,0.0,0.0,42.02
15,RESIDENTIAL HIGH-RISE,MANHATTAN,2024,11,224.18,0.05,38.44999999999999,0.0,0.0,0.0,21.9
15,RESIDENTIAL HIGH-RISE,MANHATTAN,2024,12,185.45,0.04,32.95,0.0,0.0,0.0,-23.39
16,INDUSTRIAL,STATEN ISLAND,2022,1,843.21,0.2,134.38,0.0,0.0,0.0,
16,INDUSTRIAL,STATEN ISLAND,2022,2,881.35,0.21,149.45,0.0,0.0,0.0,
16,INDUSTRIAL,STATEN ISLAND,2022,3,1315.53,0.31,216.55,0.0,0.0,0.0,
16,INDUSTRIAL,STATEN ISLAND,2022,4,957.6000000000001,0.22,171.21,0.0,0.0,0.0,
16,INDUSTRIAL,STATEN ISLAND,2022,5,613.23,0.14,106.86999999999999,0.0,0.0,0.0,
16,INDUSTRIAL,STATEN ISLAND,2022,6,730.01,0.17,131.47,0.0,0.0,0.0,
16,INDUSTRIAL,STATEN ISLAND,2022,7,1002.76,0.23,179.27,0.0,0.0,0.0,
16,INDUSTRIAL,STATEN ISLAND,2022,8,1147.92,0.27,203.82,0.0,0.0,0.0,
16,INDUSTRIAL,STATEN ISLAND,2022,9,883.6700000000001,0.21,153.66,0.0,0.0,0.0,
16,INDUSTRIAL,STATEN ISLAND,2022,10,1152.6799999999998,0.27,202.71,0.0,0.0,0.0,
16,INDUSTRIAL,STATEN ISLAND,2022,11,1330.9399999999998,0.31,236.61,0.0,0.0,0.0,
16,INDUSTRIAL,STATEN ISLAND,2022,12,1234.0900000000001,0.29,223.34999999999997,0.0,0.0,0.0,
16,INDUSTRIAL,STATEN ISLAND,2023,1,888.69,0.21,148.28,0.0,0.0,0.0,5.39
16,INDUSTRIAL,STATEN ISLAND,2023,2,802.73,0.19,131.60000000000002,0.0,0.0,0.0,-8.92
16,INDUSTRIAL,STATEN ISLAND,2023,3,1232.77,0.29,199.08,0.0,0.0,0.0,-6.29
16,INDUSTRIAL,STATEN ISLAND,2023,4,719.18,0.17,131.02,0.0,0.0,0.0,-24.9
16,INDUSTRIAL,STATEN ISLAND,2023,5,788.0799999999999,0.18,127.10999999999999,0.0,0.0,0.0,28.51
16,INDUSTRIAL,STATEN ISLAND,2023,6,1853.48,0.43,312.16,0.0,0.0,0.0,153.9
16,INDUSTRIAL,STATEN ISLAND,2023,7,1009.7099999999999,0.24,169.68,0.0,0.0,0.0,0.69
16,INDUSTRIAL,STATEN ISLAND,2023,8,1367.12,0.32,227.36999999999998,0.0,0.0,0.0,19.1
16,INDUSTRIAL,STATEN ISLAND,2023,9,744.68,0.17,126.0,0.0,0.0,0.0,-15.73
16,INDUSTRIAL,STATEN ISLAND,2023,10,742.1999999999999,0.17,121.36000000000001,0.0,0.0,0.0,-35.61
16,INDUSTRIAL,STATEN ISLAND,2023,11,899.1300000000001,0.21,143.73,0.0,0.0,0.0,-32.44
16,INDUSTRIAL,STATEN ISLAND,2023,12,1127.04,0.26,186.68,0.0,0.0,0.0,-8.67
16,INDUSTRIAL,STATEN ISLAND,2024,1,879.76,0.2,159.38,0.0,0.0,0.0,-1.0
16,INDUSTRIAL,STATEN ISLAND,2024,2,1043.64,0.24,163.61999999999998,0.0,0.0,0.0,30.01
16,INDUSTRIAL,STATEN ISLAND,2024,3,593.03,0.14,94.33,0.0,0.0,0.0,-51.89
16,INDUSTRIAL,STATEN ISLAND,2024,4,649.62,0.15,121.04,0.0,0.0,0.0,-9.67
16,INDUSTRIAL,STATEN ISLAND,2024,5,838.4799999999999,0.2,127.16000000000003,0.0,0.0,0.0,6.4
16,INDUSTRIAL,STATEN ISLAND,2024,6,976.2500000000002,0.23,166.93,0.0,0.0,0.0,-47.33
16,INDUSTRIAL,STATEN ISLAND,2024,7,1101.97,0.26,197.34,0.0,0.0,0.0,9.14
16,INDUSTRIAL,STATEN ISLAND,2024,8,1260.79,0.29,213.74,0.0,0.0,0.0,-7.78
16,INDUSTRIAL,STATEN ISLAND,2024,9,578.4000000000001,0.13,102.19,0.0,0.0,0.0,-22.33
16,INDUSTRIAL,STATEN ISLAND,2024,10,827.1199999999999,0.19,142.1,0.0,0.0,0.0,11.44
16,INDUSTRIAL,STATEN ISLAND,2024,11,1167.03,0.27,205.62,0.0,0.0,0.0,29.8
16,INDUSTRIAL,STATEN ISLAND,2024,12,828.18,0.19,134.37,0.0,0.0,0.0,-26.52
17,MIXED-USE,QUEENS,2022,1,437.58,0.1,80.32,0.0,0.0,8.8,
17,MIXED-USE,QUEENS,2022,2,451.7,0.11,68.32000000000001,0.0,0.0,11.78,
17,MIXED-USE,QUEENS,2022,3,606.6999999999998,0.14,102.63000000000001,0.0,0.0,9.83,
17,MIXED-USE,QUEENS,2022,4,422.84000000000003,0.1,73.99000000000001,0.0,0.0,9.53,
17,MIXED-USE,QUEENS,2022,5,345.55999999999995,0.08,61.199999999999996,0.0,0.0,11.63,
17,MIXED-USE,QUEENS,2022,6,358.26000000000005,0.08,64.59,0.0,0.0,7.25,
17,MIXED-USE,QUEENS,2022,7,518.24,0.12,93.82,0.0,0.0,9.73,
17,MIXED-USE,QUEENS,2022,8,405.68,0.09,64.81,0.0,0.0,10.69,
17,MIXED-USE,QUEENS,2022,9,502.08000000000004,0.12,87.49,0.0,0.0,9.56,
17,MIXED-USE,QUEENS,2022,10,520.57,0.12,81.26,0.0,0.0,11.35,
17,MIXED-USE,QUEENS,2022,11,636.4,0.15,108.69000000000001,0.0,0.0,8.57,
17,MIXED-USE,QUEENS,2022,12,484.65,0.11,80.59,0.0,0.0,10.82,
17,MIXED-USE,QUEENS,2023,1,448.77,0.1,76.44,0.0,0.0,14.08,2.56
17,MIXED-USE,QUEENS,2023,2,395.35,0.09,65.46000000000001,0.0,0.0,9.81,-12.48
17,MIXED-USE,QUEENS,2023,3,653.35,0.15,105.41,0.0,0.0,10.54,7.69
17,MIXED-USE,QUEENS,2023,4,372.81999999999994,0.09,63.49999999999999,0.0,0.0,11.6,-11.83
17,MIXED-USE,QUEENS,2023,5,338.68000000000006,0.08,56.519999999999996,0.0,0.0,10.16,-1.99
17,MIXED-USE,QUEENS,2023,6,952.3999999999999,0.22,164.32000000000002,0.0,0.0,8.26,165.84
17,MIXED-USE,QUEENS,2023,7,550.27,0.13,89.17999999999999,0.0,0.0,11.17,6.18
17,MIXED-USE,QUEENS,2023,8,738.36,0.17,124.96000000000001,0.0,0.0,9.28,82.01
17,MIXED-USE,QUEENS,2023,9,416.81,0.1,66.6,0.0,0.0,11.69,-16.98
17,MIXED-USE,QUEENS,2023,10,327.11,0.08,58.12,0.0,0.0,8.53,-37.16
17,MIXED-USE,QUEENS,2023,11,357.90999999999997,0.08,66.0,0.0,0.0,10.3,-43.76
17,MIXED-USE,QUEENS,2023,12,518.74,0.12,81.23,0.0,0.0,7.97,7.03
17,MIXED-USE,QUEENS,2024,1,432.01,0.1,73.12,0.0,0.0,10.55,-3.73
17,MIXED-USE,QUEENS,2024,2,483.16,0.11,75.57000000000001,0.0,0.0,10.82,22.21
17,MIXED-USE,QUEENS,2024,3,261.08000000000004,0.06,45.07,0.0,0.0,9.07,-60.04
17,MIXED-USE,QUEENS,2024,4,341.08000000000004,0.08,51.62999999999999,0.0,0.0,10.53,-8.51
17,MIXED-USE,QUEENS,2024,5,361.90999999999997,0.08,60.46,0.0,0.0,10.23,6.86
17,MIXED-USE,QUEENS,2024,6,461.40999999999997,0.11,80.58999999999999,0.0,0.0,9.59,-51.55
17,MIXED-USE,QUEENS,2024,7,529.95,0.12,82.89999999999999,0.0,0.0,8.65,-3.69
17,MIXED-USE,QUEENS,2024,8,506.04999999999995,0.12,92.27000000000001,0.0,0.0,10.12,-31.46
17,MIXED-USE,QUEENS,2024,9,308.25,0.07,53.919999999999995,0.0,0.0,10.31,-26.05
17,MIXED-USE,QUEENS,2024,10,354.64000000000004,0.08,59.13999999999999,0.0,0.0,8.27,8.42
17,MIXED-USE,QUEENS,2024,11,541.83,0.13,94.19999999999999,0.0,0.0,13.51,51.39
17,MIXED-USE,QUEENS,2024,12,442.3999999999999,0.1,74.50999999999999,0.0,0.0,10.52,-14.72
18,GOVERNMENT,QUEENS,2022,1,728.18,0.17,117.83999999999999,0.0,0.0,0.0,
18,GOVERNMENT,QUEENS,2022,2,528.1099999999999,0.12,95.03999999999999,0.0,0.0,0.0,
18,GOVERNMENT,QUEENS,2022,3,924.28,0.22,155.92,0.0,0.0,0.0,
18,GOVERNMENT,QUEENS,2022,4,612.95,0.14,104.78,0.0,0.0,0.0,
18,GOVERNMENT,QUEENS,2022,5,491.0499999999999,0.11,89.03,0.0,0.0,0.0,
18,GOVERNMENT,QUEENS,2022,6,552.68,0.13,101.93,0.0,0.0,0.0,
18,GOVERNMENT,QUEENS,2022,7,681.31,0.16,119.01,0.0,0.0,0.0,
18,GOVERNMENT,QUEENS,2022,8,842.2099999999999,0.2,155.85,0.0,0.0,0.0,
18,GOVERNMENT,QUEENS,2022,9,629.31,0.15,110.95,0.0,0.0,0.0,
18,GOVERNMENT,QUEENS,2022,10,753.8600000000001,0.18,121.88000000000001,0.0,0.0,0.0,
18,GOVERNMENT,QUEENS,2022,11,909.7200000000001,0.21,158.77000000000004,0.0,0.0,0.0,
18,GOVERNMENT,QUEENS,2022,12,863.5300000000002,0.2,138.17,0.0,0.0,0.0,
18,GOVERNMENT,QUEENS,2023,1,582.8100000000001,0.14,92.16,0.0,0.0,0.0,-19.96
18,GOVERNMENT,QUEENS,2023,2,525.43,0.12,92.86,0.0,0.0,0.0,-0.51
18,GOVERNMENT,QUEENS,2023,3,880.5100000000002,0.21,157.06,0.0,0.0,0.0,-4.74
18,GOVERNMENT,QUEENS,2023,4,514.04,0.12,83.68,0.0,0.0,0.0,-16.14
18,GOVERNMENT,QUEENS,2023,5,631.29,0.15,108.61,0.0,0.0,0.0,28.56
18,GOVERNMENT,QUEENS,2023,6,1321.8,0.31,214.52,0.0,0.0,0.0,139.16
18,GOVERNMENT,QUEENS,2023,7,683.3299999999999,0.16,113.66999999999999,0.0,0.0,0.0,0.3
18,GOVERNMENT,QUEENS,2023,8,1181.38,0.28,208.24999999999994,0.0,0.0,0.0,40.27
18,GOVERNMENT,QUEENS,2023,9,601.0100000000001,0.14,109.35000000000001,0.0,0.0,0.0,-4.5
18,GOVERNMENT,QUEENS,2023,10,534.62,0.12,88.13999999999999,0.0,0.0,0.0,-29.08
18,GOVERNMENT,QUEENS,2023,11,648.8000000000001,0.15,112.67,0.0,0.0,0.0,-28.68
18,GOVERNMENT,QUEENS,2023,12,883.5899999999999,0.21,139.15,0.0,0.0,0.0,2.32
18,GOVERNMENT,QUEENS,2024,1,709.65,0.17,116.25999999999999,0.0,0.0,0.0,21.76
18,GOVERNMENT,QUEENS,2024,2,783.61,0.18,125.82999999999998,0.0,0.0,0.0,49.14
18,GOVERNMENT,QUEENS,2024,3,506.37,0.12,89.53000000000002,0.0,0.0,0.0,-42.49
18,GOVERNMENT,QUEENS,2024,4,470.12,0.11,82.32,0.0,0.0,0.0,-8.54
18,GOVERNMENT,QUEENS,2024,5,678.56,0.16,121.15000000000003,0.0,0.0,0.0,7.49
18,GOVERNMENT,QUEENS,2024,6,570.98,0.13,90.90999999999998,0.0,0.0,0.0,-56.8
18,GOVERNMENT,QUEENS,2024,7,652.1700000000001,0.15,104.12,0.0,0.0,0.0,-4.56
18,GOVERNMENT,QUEENS,2024,8,882.9799999999999,0.21,147.23000000000002,0.0,0.0,0.0,-25.26
18,GOVERNMENT,QUEENS,2024,9,505.22,0.12,94.98,0.0,0.0,0.0,-15.94
18,GOVERNMENT,QUEENS,2024,10,636.56,0.15,100.88000000000001,0.0,0.0,0.0,19.07
18,GOVERNMENT,QUEENS,2024,11,889.97,0.21,146.38,0.0,0.0,0.0,37.17
18,GOVERNMENT,QUEENS,2024,12,736.6899999999999,0.17,134.63,0.0,0.0,0.0,-16.63
19,MIXED-USE,STATEN ISLAND,2022,1,602.1,0.14,104.52000000000001,0.0,0.0,0.0,
19,MIXED-USE,STATEN ISLAND,2022,2,515.18,0.12,85.2,0.0,0.0,0.0,
19,MIXED-USE,STATEN ISLAND,2022,3,684.5699999999998,0.16,118.38,0.0,0.0,0.0,
19,MIXED-USE,STATEN ISLAND,2022,4,568.25,0.13,101.86,0.0,0.0,0.0,
19,MIXED-USE,STATEN ISLAND,2022,5,410.38999999999993,0.1,65.92999999999999,0.0,0.0,0.0,
19,MIXED-USE,STATEN ISLAND,2022,6,507.37,0.12,88.35000000000001,0.0,0.0,0.0,
19,MIXED-USE,STATEN ISLAND,2022,7,643.6800000000001,0.15,112.79,0.0,0.0,0.0,
19,MIXED-USE,STATEN ISLAND,2022,8,742.2099999999998,0.17,131.32,0.0,0.0,0.0,
19,MIXED-USE,STATEN ISLAND,2022,9,581.6199999999999,0.14,104.92000000000002,0.0,0.0,0.0,
19,MIXED-USE,STATEN ISLAND,2022,10,762.36,0.18,137.49999999999997,0.0,0.0,0.0,
19,MIXED-USE,STATEN ISLAND,2022,11,852.69,0.2,148.0,0.0,0.0,0.0,
19,MIXED-USE,STATEN ISLAND,2022,12,648.72,0.15,117.58,0.0,0.0,0.0,
19,MIXED-USE,STATEN ISLAND,2023,1,615.64,0.14,98.78,0.0,0.0,0.0,2.25
19,MIXED-USE,STATEN ISLAND,2023,2,484.86999999999995,0.11,78.55000000000001,0.0,0.0,0.0,-5.88
19,MIXED-USE,STATEN ISLAND,2023,3,793.45,0.18,135.67,0.0,0.0,0.0,15.9
19,MIXED-USE,STATEN ISLAND,2023,4,501.64,0.12,84.9,0.0,0.0,0.0,-11.72
19,MIXED-USE,STATEN ISLAND,2023,5,484.36000000000007,0.11,80.60000000000001,0.0,0.0,0.0,18.02
19,MIXED-USE,STATEN ISLAND,2023,6,1125.46,0.26,190.21000000000004,0.0,0.0,0.0,121.82
19,MIXED-USE,STATEN ISLAND,2023,7,611.5899999999999,0.14,105.94,0.0,0.0,0.0,-4.99
19,MIXED-USE,STATEN ISLAND,2023,8,957.2,0.22,172.18,0.0,0.0,0.0,28.97
19,MIXED-USE,STATEN ISLAND,2023,9,524.4899999999999,0.12,86.91999999999999,0.0,0.0,0.0,-9.82
19,MIXED-USE,STATEN ISLAND,2023,10,382.39,0.09,69.01,0.0,0.0,0.0,-49.84
19,MIXED-USE,STATEN ISLAND,2023,11,452.28000000000003,0.11,72.97000000000001,0.0,0.0,0.0,-46.96
19,MIXED-USE,STATEN ISLAND,2023,12,715.6499999999999,0.17,118.32999999999998,0.0,0.0,0.0,10.32
19,MIXED-USE,STATEN ISLAND,2024,1,514.48,0.12,87.71000000000001,0.0,0.0,0.0,-16.43
19,MIXED-USE,STATEN ISLAND,2024,2,543.37,0.13,92.92,0.0,0.0,0.0,12.07
19,MIXED-USE,STATEN ISLAND,2024,3,519.5,0.12,90.86999999999999,0.0,0.0,0.0,-34.53
19,MIXED-USE,STATEN ISLAND,2024,4,475.47999999999996,0.11,81.2,0.0,0.0,0.0,-5.21
19,MIXED-USE,STATEN ISLAND,2024,5,552.8299999999999,0.13,99.95000000000002,0.0,0.0,0.0,14.14
19,MIXED-USE,STATEN ISLAND,2024,6,474.06,0.11,83.58999999999999,0.0,0.0,0.0,-57.88
19,MIXED-USE,STATEN ISLAND,2024,7,485.83,0.11,87.66,0.0,0.0,0.0,-20.56
19,MIXED-USE,STATEN ISLAND,2024,8,622.0500000000001,0.14,109.63000000000001,0.0,0.0,0.0,-35.01
19,MIXED-USE,STATEN ISLAND,2024,9,366.17,0.09,62.76,0.0,0.0,0.0,-30.19
19,MIXED-USE,STATEN ISLAND,2024,10,530.0,0.12,91.75999999999999,0.0,0.0,0.0,38.6
19,MIXED-USE,STATEN ISLAND,2024,11,712.83,0.17,122.60000000000001,0.0,0.0,0.0,57.61
19,MIXED-USE,STATEN ISLAND,2024,12,529.21,0.12,85.72,0.0,0.0,0.0,-26.05
20,RETAIL,BRONX,2022,1,1662.3999999999999,0.39,298.61,0.0,0.0,8.41,
20,RETAIL,BRONX,2022,2,1357.52,0.32,241.41999999999996,0.0,0.0,11.06,
20,RETAIL,BRONX,2022,3,1874.1800000000003,0.44,320.87,0.0,0.0,12.56,
20,RETAIL,BRONX,2022,4,1521.4599999999998,0.35,271.03999999999996,0.0,0.0,7.98,
20,RETAIL,BRONX,2022,5,1295.87,0.3,212.41,0.0,0.0,8.53,
20,RETAIL,BRONX,2022,6,770.8100000000001,0.18,130.4,0.0,0.0,8.62,
20,RETAIL,BRONX,2022,7,1627.01,0.38,278.22,0.0,0.0,8.85,
20,RETAIL,BRONX,2022,8,2076.01,0.48,338.72,0.0,0.0,9.91,
20,RETAIL,BRONX,2022,9,1637.54,0.38,257.67,0.0,0.0,7.32,
20,RETAIL,BRONX,2022,10,2079.99,0.48,359.27000000000004,0.0,0.0,11.06,
20,RETAIL,BRONX,2022,11,2255.38,0.53,408.21,0.0,0.0,11.22,
20,RETAIL,BRONX,2022,12,2277.44,0.53,389.5300000000001,0.0,0.0,7.11,
20,RETAIL,BRONX,2023,1,1709.8899999999999,0.4,294.77000000000004,0.0,0.0,9.43,2.86
20,RETAIL,BRONX,2023,2,1148.6399999999999,0.27,192.01,0.0,0.0,7.73,-15.39
20,RETAIL,BRONX,2023,3,2496.2500000000005,0.58,418.7,0.0,0.0,11.59,33.19
20,RETAIL,BRONX,2023,4,1103.39,0.26,171.24,0.0,0.0,8.84,-27.48
20,RETAIL,BRONX,2023,5,1271.65,0.3,217.56000000000003,0.0,0.0,9.14,-1.87
20,RETAIL,BRONX,2023,6,3535.4699999999993,0.82,639.49,0.0,0.0,11.18,358.67
20,RETAIL,BRONX,2023,7,2187.8100000000004,0.51,374.1499999999999,0.0,0.0,7.21,34.47
20,RETAIL,BRONX,2023,8,2782.21,0.65,479.41,0.0,0.0,11.24,34.02
20,RETAIL,BRONX,2023,9,1776.8,0.41,296.12,0.0,0.0,10.99,8.5
20,RETAIL,BRONX,2023,10,998.0600000000001,0.23,166.28000000000003,0.0,0.0,8.07,-52.02
20,RETAIL,BRONX,2023,11,1308.3600000000001,0.3,207.34,0.0,0.0,11.19,-41.99
20,RETAIL,BRONX,2023,12,1905.4599999999998,0.44,309.12999999999994,0.0,0.0,10.63,-16.33
20,RETAIL,BRONX,2024,1,1695.1999999999998,0.39,303.11,0.0,0.0,10.13,-0.86
20,RETAIL,BRONX,2024,2,1850.1800000000003,0.43,315.78999999999996,0.0,0.0,11.16,61.08
20,RETAIL,BRONX,2024,3,1379.87,0.32,234.76000000000002,0.0,0.0,9.62,-44.72
20,RETAIL,BRONX,2024,4,1299.1499999999999,0.3,213.9,0.0,0.0,8.44,17.74
20,RETAIL,BRONX,2024,5,1306.15,0.3,220.98999999999998,0.0,0.0,7.68,2.71
20,RETAIL,BRONX,2024,6,1638.1599999999999,0.38,258.51,0.0,0.0,12.08,-53.67
20,RETAIL,BRONX,2024,7,1858.82,0.43,317.40000000000003,0.0,0.0,9.05,-15.04
20,RETAIL,BRONX,2024,8,2287.27,0.53,357.69999999999993,0.0,0.0,10.08,-17.79
20,RETAIL,BRONX,2024,9,1076.4099999999999,0.25,175.23,0.0,0.0,7.01,-39.42
20,RETAIL,BRONX,2024,10,1265.1599999999999,0.29,215.72,0.0,0.0,10.92,26.76
20,RETAIL,BRONX,2024,11,2071.41,0.48,336.11,0.0,0.0,9.4,58.32
20,RETAIL,BRONX,2024,12,1602.7900000000002,0.37,244.01,0.0,0.0,12.14,-15.88
21,COMMERCIAL OFFICE,STATEN ISLAND,2022,1,1747.5500000000002,0.41,296.36000000000007,0.0,0.0,11.42,
21,COMMERCIAL OFFICE,STATEN ISLAND,2022,2,1352.79,0.32,233.93,0.0,0.0,8.24,
21,COMMERCIAL OFFICE,STATEN ISLAND,2022,3,1956.2400000000002,0.46,349.81,0.0,0.0,9.19,
21,COMMERCIAL OFFICE,STATEN ISLAND,2022,4,1537.0600000000002,0.36,246.74999999999997,0.0,0.0,10.36,
21,COMMERCIAL OFFICE,STATEN ISLAND,2022,5,1026.43,0.24,162.44,0.0,0.0,10.14,
21,COMMERCIAL OFFICE,STATEN ISLAND,2022,6,1355.0700000000002,0.32,218.70999999999998,0.0,0.0,13.17,
21,COMMERCIAL OFFICE,STATEN ISLAND,2022,7,1424.43,0.33,248.02999999999997,0.0,0.0,7.64,
21,COMMERCIAL OFFICE,STATEN ISLAND,2022,8,1795.81,0.42,307.71,0.0,0.0,11.18,
21,COMMERCIAL OFFICE,STATEN ISLAND,2022,9,1709.1499999999999,0.4,265.84999999999997,0.0,0.0,10.49,
21,COMMERCIAL OFFICE,STATEN ISLAND,2022,10,1304.6399999999999,0.3,219.61000000000004,0.0,0.0,10.39,
21,COMMERCIAL OFFICE,STATEN ISLAND,2022,11,1983.24,0.46,326.46,0.0,0.0,12.26,
21,COMMERCIAL OFFICE,STATEN ISLAND,2022,12,1863.41,0.43,314.81000000000006,0.0,0.0,7.17,
21,COMMERCIAL OFFICE,STATEN ISLAND,2023,1,1670.3799999999999,0.39,282.35,0.0,0.0,8.44,-4.42
21,COMMERCIAL OFFICE,STATEN ISLAND,2023,2,1023.08,0.24,180.39,0.0,0.0,12.86,-24.37
21,COMMERCIAL OFFICE,STATEN ISLAND,2023,3,2043.53,0.48,357.02000000000004,0.0,0.0,10.47,4.46
21,COMMERCIAL OFFICE,STATEN ISLAND,2023,4,1334.77,0.31,246.07,0.0,0.0,10.12,-13.16
21,COMMERCIAL OFFICE,STATEN ISLAND,2023,5,1329.27,0.31,201.11,0.0,0.0,10.17,29.5
21,COMMERCIAL OFFICE,STATEN ISLAND,2023,6,2738.43,0.64,437.80000000000007,0.0,0.0,12.15,102.09
21,COMMERCIAL OFFICE,STATEN ISLAND,2023,7,1669.0100000000002,0.39,283.26,0.0,0.0,8.94,17.17
21,COMMERCIAL OFFICE,STATEN ISLAND,2023,8,2095.49,0.49,335.18000000000006,0.0,0.0,8.93,16.69
21,COMMERCIAL OFFICE,STATEN ISLAND,2023,9,1303.88,0.3,209.78,0.0,0.0,10.77,-23.71
21,COMMERCIAL OFFICE,STATEN ISLAND,2023,10,1059.26,0.25,178.62,0.0,0.0,11.01,-18.81
21,COMMERCIAL OFFICE,STATEN ISLAND,2023,11,1211.1200000000001,0.28,210.48999999999998,0.0,0.0,10.06,-38.93
21,COMMERCIAL OFFICE,STATEN ISLAND,2023,12,1881.4399999999998,0.44,311.02000000000004,0.0,0.0,11.47,0.97
21,COMMERCIAL OFFICE,STATEN ISLAND,2024,1,1579.7900000000002,0.37,270.42,0.0,0.0,11.95,-5.42
21,COMMERCIAL OFFICE,STATEN ISLAND,2024,2,1524.46,0.36,262.76,0.0,0.0,9.26,49.01
21,COMMERCIAL OFFICE,STATEN ISLAND,2024,3,1229.5200000000002,0.29,213.0,0.0,0.0,12.14,-39.83
21,COMMERCIAL OFFICE,STATEN ISLAND,2024,4,1192.8999999999999,0.28,194.21,0.0,0.0,8.58,-10.63
21,COMMERCIAL OFFICE,STATEN ISLAND,2024,5,1435.04,0.33,243.08,0.0,0.0,9.91,7.96
21,COMMERCIAL OFFICE,STATEN ISLAND,2024,6,1332.9199999999998,0.31,230.85,0.0,0.0,10.63,-51.33
21,COMMERCIAL OFFICE,STATEN ISLAND,2024,7,1599.3200000000002,0.37,282.9700000000001,0.0,0.0,11.6,-4.18
21,COMMERCIAL OFFICE,STATEN ISLAND,2024,8,1731.4,0.4,292.84,0.0,0.0,8.73,-17.37
21,COMMERCIAL OFFICE,STATEN ISLAND,2024,9,970.3600000000001,0.23,179.69,0.0,0.0,10.88,-25.58
21,COMMERCIAL OFFICE,STATEN ISLAND,2024,10,1231.91,0.29,205.67000000000002,0.0,0.0,10.58,16.3
21,COMMERCIAL OFFICE,STATEN ISLAND,2024,11,2015.0,0.47,334.61,0.0,0.0,9.98,66.37
21,COMMERCIAL OFFICE,STATEN ISLAND,2024,12,1471.8200000000002,0.34,238.77,0.0,0.0,10.76,-21.77
22,GOVERNMENT,BRONX,2022,1,391.35,0.09,68.89,0.0,0.0,0.0,
22,GOVERNMENT,BRONX,2022,2,347.55,0.08,60.14000000000001,0.0,0.0,0.0,
22,GOVERNMENT,BRONX,2022,3,461.22999999999996,0.11,80.62,0.0,0.0,0.0,
22,GOVERNMENT,BRONX,2022,4,351.09,0.08,54.080000000000005,0.0,0.0,0.0,
22,GOVERNMENT,BRONX,2022,5,272.49,0.06,47.75,0.0,0.0,0.0,
22,GOVERNMENT,BRONX,2022,6,339.85,0.08,56.760000000000005,0.0,0.0,0.0,
22,GOVERNMENT,BRONX,2022,7,240.45999999999998,0.06,42.56999999999999,0.0,0.0,0.0,
22,GOVERNMENT,BRONX,2022,8,345.23,0.08,57.209999999999994,0.0,0.0,0.0,
22,GOVERNMENT,BRONX,2022,9,333.6,0.08,61.769999999999996,0.0,0.0,0.0,
22,GOVERNMENT,BRONX,2022,10,452.93000000000006,0.11,82.84,0.0,0.0,0.0,
22,GOVERNMENT,BRONX,2022,11,563.0799999999999,0.13,92.55999999999999,0.0,0.0,0.0,
22,GOVERNMENT,BRONX,2022,12,480.13000000000005,0.11,76.86,0.0,0.0,0.0,
22,GOVERNMENT,BRONX,2023,1,364.75000000000006,0.08,57.93,0.0,0.0,0.0,-6.8
22,GOVERNMENT,BRONX,2023,2,244.25,0.06,40.74,0.0,0.0,0.0,-29.72
22,GOVERNMENT,BRONX,2023,3,521.2900000000001,0.12,84.47,0.0,0.0,0.0,13.02
22,GOVERNMENT,BRONX,2023,4,270.54,0.06,49.660000000000004,0.0,0.0,0.0,-22.94
22,GOVERNMENT,BRONX,2023,5,284.8,0.07,51.02,0.0,0.0,0.0,4.52
22,GOVERNMENT,BRONX,2023,6,602.1899999999999,0.14,105.11999999999999,0.0,0.0,0.0,77.19
22,GOVERNMENT,BRONX,2023,7,447.24,0.1,69.99,0.0,0.0,0.0,85.99
22,GOVERNMENT,BRONX,2023,8,555.0100000000001,0.13,95.25999999999998,0.0,0.0,0.0,60.77
22,GOVERNMENT,BRONX,2023,9,253.97,0.06,43.349999999999994,0.0,0.0,0.0,-23.87
22,GOVERNMENT,BRONX,2023,10,244.84999999999997,0.06,39.16,0.0,0.0,0.0,-45.94
22,GOVERNMENT,BRONX,2023,11,308.2900000000001,0.07,52.300000000000004,0.0,0.0,0.0,-45.25
22,GOVERNMENT,BRONX,2023,12,428.18000000000006,0.1,73.34,0.0,0.0,0.0,-10.82
22,GOVERNMENT,BRONX,2024,1,388.87,0.09,62.2,0.0,0.0,0.0,6.61
22,GOVERNMENT,BRONX,2024,2,440.09999999999997,0.1,74.77000000000001,0.0,0.0,0.0,80.18
22,GOVERNMENT,BRONX,2024,3,304.6,0.07,54.23,0.0,0.0,0.0,-41.57
22,GOVERNMENT,BRONX,2024,4,273.35,0.06,46.72,0.0,0.0,0.0,1.04
22,GOVERNMENT,BRONX,2024,5,290.37,0.07,45.199999999999996,0.0,0.0,0.0,1.96
22,GOVERNMENT,BRONX,2024,6,302.44000000000005,0.07,50.84,0.0,0.0,0.0,-49.78
22,GOVERNMENT,BRONX,2024,7,250.86,0.06,43.99,0.0,0.0,0.0,-43.91
22,GOVERNMENT,BRONX,2024,8,442.5899999999999,0.1,73.37,0.0,0.0,0.0,-20.26
22,GOVERNMENT,BRONX,2024,9,182.4,0.04,25.37,0.0,0.0,0.0,-28.18
22,GOVERNMENT,BRONX,2024,10,335.89000000000004,0.08,61.81999999999999,0.0,0.0,0.0,37.18
22,GOVERNMENT,BRONX,2024,11,448.27000000000004,0.1,75.22999999999999,0.0,0.0,0.0,45.41
22,GOVERNMENT,BRONX,2024,12,314.25999999999993,0.07,59.65,0.0,0.0,0.0,-26.61
23,GOVERNMENT,BROOKLYN,2022,1,995.4699999999999,0.23,169.99999999999997,0.0,0.0,0.0,
23,GOVERNMENT,BROOKLYN,2022,2,733.85,0.17,127.02,0.0,0.0,0.0,
23,GOVERNMENT,BROOKLYN,2022,3,1133.81,0.26,187.18,0.0,0.0,0.0,
23,GOVERNMENT,BROOKLYN,2022,4,972.1500000000001,0.23,166.52999999999997,0.0,0.0,0.0,
23,GOVERNMENT,BROOKLYN,2022,5,689.7399999999998,0.16,116.09000000000002,0.0,0.0,0.0,
23,GOVERNMENT,BROOKLYN,2022,6,868.0100000000001,0.2,149.13,0.0,0.0,0.0,
23,GOVERNMENT,BROOKLYN,2022,7,917.25,0.21,150.32999999999998,0.0,0.0,0.0,
23,GOVERNMENT,BROOKLYN,2022,8,1166.3100000000002,0.27,219.68999999999997,0.0,0.0,0.0,
23,GOVERNMENT,BROOKLYN,2022,9,929.5699999999999,0.22,154.68,0.0,0.0,0.0,
23,GOVERNMENT,BROOKLYN,2022,10,1085.3799999999999,0.25,188.14000000000001,0.0,0.0,0.0,
23,GOVERNMENT,BROOKLYN,2022,11,1205.23,0.28,214.55,0.0,0.0,0.0,
23,GOVERNMENT,BROOKLYN,2022,12,1084.3999999999999,0.25,176.04000000000002,0.0,0.0,0.0,
23,GOVERNMENT,BROOKLYN,2023,1,835.5899999999999,0.19,141.47,0.0,0.0,0.0,-16.06
23,GOVERNMENT,BROOKLYN,2023,2,783.1999999999999,0.18,131.68,0.0,0.0,0.0,6.72
23,GOVERNMENT,BROOKLYN,2023,3,1211.7399999999998,0.28,217.73999999999998,0.0,0.0,0.0,6.87
23,GOVERNMENT,BROOKLYN,2023,4,793.38,0.18,127.43,0.0,0.0,0.0,-18.39
23,GOVERNMENT,BROOKLYN,2023,5,791.7,0.18,129.34,0.0,0.0,0.0,14.78
23,GOVERNMENT,BROOKLYN,2023,6,1781.95,0.42,290.6599999999999,0.0,0.0,0.0,105.29
23,GOVERNMENT,BROOKLYN,2023,7,1039.09,0.24,187.28,0.0,0.0,0.0,13.28
23,GOVERNMENT,BROOKLYN,2023,8,1291.8600000000001,0.3,229.55999999999997,0.0,0.0,0.0,10.76
23,GOVERNMENT,BROOKLYN,2023,9,915.4699999999999,0.21,162.85,0.0,0.0,0.0,-1.52
23,GOVERNMENT,BROOKLYN,2023,10,652.8100000000001,0.15,112.17999999999999,0.0,0.0,0.0,-39.85
23,GOVERNMENT,BROOKLYN,2023,11,782.3,0.18,129.51,0.0,0.0,0.0,-35.09
23,GOVERNMENT,BROOKLYN,2023,12,1093.2900000000002,0.25,183.66,0.0,0.0,0.0,0.82
23,GOVERNMENT,BROOKLYN,2024,1,426.40999999999997,0.1,79.5,0.0,0.0,0.0,-48.97
23,GOVERNMENT,BROOKLYN,2024,2,1042.1100000000001,0.24,157.13,0.0,0.0,0.0,33.06
23,GOVERNMENT,BROOKLYN,2024,3,740.0100000000001,0.17,120.11000000000001,0.0,0.0,0.0,-38.93
23,GOVERNMENT,BROOKLYN,2024,4,664.31,0.15,121.55000000000001,0.0,0.0,0.0,-16.27
23,GOVERNMENT,BROOKLYN,2024,5,694.1800000000001,0.16,114.01,0.0,0.0,0.0,-12.32
23,GOVERNMENT,BROOKLYN,2024,6,802.98,0.19,139.64000000000001,0.0,0.0,0.0,-54.94
23,GOVERNMENT,BROOKLYN,2024,7,786.4899999999999,0.18,138.12,0.0,0.0,0.0,-24.31
23,GOVERNMENT,BROOKLYN,2024,8,991.9800000000001,0.23,171.31000000000003,0.0,0.0,0.0,-23.21
23,GOVERNMENT,BROOKLYN,2024,9,548.28,0.13,88.39,0.0,0.0,0.0,-40.11
23,GOVERNMENT,BROOKLYN,2024,10,782.79,0.18,132.93,0.0,0.0,0.0,19.91
23,GOVERNMENT,BROOKLYN,2024,11,1135.78,0.26,200.94,0.0,0.0,0.0,45.18
23,GOVERNMENT,BROOKLYN,2024,12,778.73,0.18,137.57,0.0,0.0,0.0,-28.77
24,INDUSTRIAL,MANHATTAN,2022,1,290.81000000000006,0.07,52.06,0.0,0.0,0.0,
24,INDUSTRIAL,MANHATTAN,2022,2,236.92000000000002,0.06,40.88,0.0,0.0,0.0,
24,INDUSTRIAL,MANHATTAN,2022,3,373.62,0.09,59.53999999999999,0.0,0.0,0.0,
24,INDUSTRIAL,MANHATTAN,2022,4,242.98000000000002,0.06,42.23,0.0,0.0,0.0,
24,INDUSTRIAL,MANHATTAN,2022,5,228.48999999999998,0.05,42.290000000000006,0.0,0.0,0.0,
24,INDUSTRIAL,MANHATTAN,2022,6,232.56,0.05,38.93000000000001,0.0,0.0,0.0,
24,INDUSTRIAL,MANHATTAN,2022,7,273.76,0.06,45.5,0.0,0.0,0.0,
24,INDUSTRIAL,MANHATTAN,2022,8,339.78999999999996,0.08,57.32,0.0,0.0,0.0,
24,INDUSTRIAL,MANHATTAN,2022,9,291.16,0.07,46.51,0.0,0.0,0.0,
24,INDUSTRIAL,MANHATTAN,2022,10,359.94999999999993,0.08,61.56,0.0,0.0,0.0,
24,INDUSTRIAL,MANHATTAN,2022,11,380.05999999999995,0.09,66.57000000000001,0.0,0.0,0.0,
24,INDUSTRIAL,MANHATTAN,2022,12,316.23999999999995,0.07,54.540000000000006,0.0,0.0,0.0,
24,INDUSTRIAL,MANHATTAN,2023,1,278.34999999999997,0.06,53.059999999999995,0.0,0.0,0.0,-4.28
24,INDUSTRIAL,MANHATTAN,2023,2,263.52,0.06,44.370000000000005,0.0,0.0,0.0,11.23
24,INDUSTRIAL,MANHATTAN,2023,3,387.01,0.09,70.42,0.0,0.0,0.0,3.58
24,INDUSTRIAL,MANHATTAN,2023,4,175.79,0.04,29.409999999999997,0.0,0.0,0.0,-27.65
24,INDUSTRIAL,MANHATTAN,2023,5,200.24,0.05,37.37,0.0,0.0,0.0,-12.36
24,INDUSTRIAL,MANHATTAN,2023,6,506.48,0.12,82.65,0.0,0.0,0.0,117.78
24,INDUSTRIAL,MANHATTAN,2023,7,334.07,0.08,54.54,0.0,0.0,0.0,22.03
24,INDUSTRIAL,MANHATTAN,2023,8,460.38,0.11,84.03999999999999,0.0,0.0,0.0,35.49
24,INDUSTRIAL,MANHATTAN,2023,9,253.43,0.06,45.739999999999995,0.0,0.0,0.0,-12.96
24,INDUSTRIAL,MANHATTAN,2023,10,181.32000000000002,0.04,31.7,0.0,0.0,0.0,-49.63
24,INDUSTRIAL,MANHATTAN,2023,11,250.94,0.06,46.17,0.0,0.0,0.0,-33.97
24,INDUSTRIAL,MANHATTAN,2023,12,357.73999999999995,0.08,60.47,0.0,0.0,0.0,13.12
24,INDUSTRIAL,MANHATTAN,2024,1,251.56,0.06,45.46999999999999,0.0,0.0,0.0,-9.62
24,INDUSTRIAL,MANHATTAN,2024,2,308.25999999999993,0.07,54.89,0.0,0.0,0.0,16.98
24,INDUSTRIAL,MANHATTAN,2024,3,229.20999999999998,0.05,40.88,0.0,0.0,0.0,-40.77
24,INDUSTRIAL,MANHATTAN,2024,4,238.55,0.06,42.06,0.0,0.0,0.0,35.7
24,INDUSTRIAL,MANHATTAN,2024,5,226.28000000000003,0.05,36.08,0.0,0.0,0.0,13.0
24,INDUSTRIAL,MANHATTAN,2024,6,215.3,0.05,38.71,0.0,0.0,0.0,-57.49
24,INDUSTRIAL,MANHATTAN,2024,7,283.2,0.07,47.23,0.0,0.0,0.0,-15.23
24,INDUSTRIAL,MANHATTAN,2024,8,346.82,0.08,62.89999999999999,0.0,0.0,0.0,-24.67
24,INDUSTRIAL,MANHATTAN,2024,9,173.34,0.04,30.779999999999998,0.0,0.0,0.0,-31.6
24,INDUSTRIAL,MANHATTAN,2024,10,247.39999999999998,0.06,39.040000000000006,0.0,0.0,0.0,36.44
24,INDUSTRIAL,MANHATTAN,2024,11,345.60999999999996,0.08,60.85,0.0,0.0,0.0,37.73
24,INDUSTRIAL,MANHATTAN,2024,12,249.60000000000002,0.06,45.769999999999996,0.0,0.0,0.0,-30.23
25,COMMERCIAL OFFICE,MANHATTAN,2022,1,133.03999999999996,0.03,23.289999999999996,0.0,0.0,0.0,
25,COMMERCIAL OFFICE,MANHATTAN,2022,2,112.91,0.03,19.62,0.0,0.0,0.0,
25,COMMERCIAL OFFICE,MANHATTAN,2022,3,199.79999999999995,0.05,33.07,0.0,0.0,0.0,
25,COMMERCIAL OFFICE,MANHATTAN,2022,4,101.21000000000001,0.02,16.18,0.0,0.0,0.0,
25,COMMERCIAL OFFICE,MANHATTAN,2022,5,99.28999999999999,0.02,16.419999999999998,0.0,0.0,0.0,
25,COMMERCIAL OFFICE,MANHATTAN,2022,6,133.01000000000002,0.03,24.619999999999997,0.0,0.0,0.0,
25,COMMERCIAL OFFICE,MANHATTAN,2022,7,139.67999999999998,0.03,25.02,0.0,0.0,0.0,
25,COMMERCIAL OFFICE,MANHATTAN,2022,8,146.81,0.03,23.450000000000003,0.0,0.0,0.0,
25,COMMERCIAL OFFICE,MANHATTAN,2022,9,137.85999999999999,0.03,24.689999999999998,0.0,0.0,0.0,
25,COMMERCIAL OFFICE,MANHATTAN,2022,10,164.16,0.04,28.270000000000003,0.0,0.0,0.0,
25,COMMERCIAL OFFICE,MANHATTAN,2022,11,187.48999999999998,0.04,30.889999999999997,0.0,0.0,0.0,
25,COMMERCIAL OFFICE,MANHATTAN,2022,12,170.16999999999996,0.04,29.930000000000003,0.0,0.0,0.0,
25,COMMERCIAL OFFICE,MANHATTAN,2023,1,142.08,0.03,23.240000000000006,0.0,0.0,0.0,6.79
25,COMMERCIAL OFFICE,MANHATTAN,2023,2,121.53,0.03,20.779999999999998,0.0,0.0,0.0,7.63
25,COMMERCIAL OFFICE,MANHATTAN,2023,3,180.22000000000003,0.04,30.36,0.0,0.0,0.0,-9.8
25,COMMERCIAL OFFICE,MANHATTAN,2023,4,126.10999999999999,0.03,19.79,0.0,0.0,0.0,24.6
25,COMMERCIAL OFFICE,MANHATTAN,2023,5,116.49,0.03,20.5,0.0,0.0,0.0,17.32
25,COMMERCIAL OFFICE,MANHATTAN,2023,6,288.96000000000004,0.07,46.47,0.0,0.0,0.0,117.25
25,COMMERCIAL OFFICE,MANHATTAN,2023,7,150.16,0.03,26.299999999999997,0.0,0.0,0.0,7.5
25,COMMERCIAL OFFICE,MANHATTAN,2023,8,195.3,0.05,32.16,0.0,0.0,0.0,33.03
25,COMMERCIAL OFFICE,MANHATTAN,2023,9,130.6,0.03,21.76,0.0,0.0,0.0,-5.27
25,COMMERCIAL OFFICE,MANHATTAN,2023,10,93.35000000000001,0.02,17.209999999999997,0.0,0.0,0.0,-43.13
25,COMMERCIAL OFFICE,MANHATTAN,2023,11,122.80000000000001,0.03,21.729999999999997,0.0,0.0,0.0,-34.5
25,COMMERCIAL OFFICE,MANHATTAN,2023,12,175.17000000000002,0.04,30.16,0.0,0.0,0.0,2.94
25,COMMERCIAL OFFICE,MANHATTAN,2024,1,119.86000000000001,0.03,20.65,0.0,0.0,0.0,-15.64
25,COMMERCIAL OFFICE,MANHATTAN,2024,2,121.76,0.03,19.7,0.0,0.0,0.0,0.19
25,COMMERCIAL OFFICE,MANHATTAN,2024,3,96.32,0.02,16.59,0.0,0.0,0.0,-46.55
25,COMMERCIAL OFFICE,MANHATTAN,2024,4,108.94,0.03,18.179999999999996,0.0,0.0,0.0,-13.62
25,COMMERCIAL OFFICE,MANHATTAN,2024,5,108.11999999999999,0.03,18.79,0.0,0.0,0.0,-7.19
25,COMMERCIAL OFFICE,MANHATTAN,2024,6,137.15,0.03,21.979999999999997,0.0,0.0,0.0,-52.54
25,COMMERCIAL OFFICE,MANHATTAN,2024,7,182.07999999999998,0.04,32.52,0.0,0.0,0.0,21.26
25,COMMERCIAL OFFICE,MANHATTAN,2024,8,197.54000000000002,0.05,34.07,0.0,0.0,0.0,1.15
25,COMMERCIAL OFFICE,MANHATTAN,2024,9,101.35999999999999,0.02,17.68,0.0,0.0,0.0,-22.39
25,COMMERCIAL OFFICE,MANHATTAN,2024,10,115.00999999999999,0.03,17.42,0.0,0.0,0.0,23.2
25,COMMERCIAL OFFICE,MANHATTAN,2024,11,152.2,0.04,25.560000000000002,0.0,0.0,0.0,23.94
25,COMMERCIAL OFFICE,MANHATTAN,2024,12,136.84,0.03,24.080000000000002,0.0,0.0,0.0,-21.88
26,RESIDENTIAL HIGH-RISE,STATEN ISLAND,2022,1,849.25,0.2,139.55999999999997,0.0,0.0,0.0,
26,RESIDENTIAL HIGH-RISE,STATEN ISLAND,2022,2,732.3900000000001,0.17,119.50999999999999,0.0,0.0,0.0,
26,RESIDENTIAL HIGH-RISE,STATEN ISLAND,2022,3,923.18,0.22,153.07,0.0,0.0,0.0,
26,RESIDENTIAL HIGH-RISE,STATEN ISLAND,2022,4,750.9900000000001,0.17,125.14,0.0,0.0,0.0,
26,RESIDENTIAL HIGH-RISE,STATEN ISLAND,2022,5,623.47,0.15,114.68999999999998,0.0,0.0,0.0,
26,RESIDENTIAL HIGH-RISE,STATEN ISLAND,2022,6,772.7000000000002,0.18,130.85,0.0,0.0,0.0,
26,RESIDENTIAL HIGH-RISE,STATEN ISLAND,2022,7,854.0,0.2,137.23000000000002,0.0,0.0,0.0,
26,RESIDENTIAL HIGH-RISE,STATEN ISLAND,2022,8,896.81,0.21,142.4,0.0,0.0,0.0,
26,RESIDENTIAL HIGH-RISE,STATEN ISLAND,2022,9,761.99,0.18,131.36999999999998,0.0,0.0,0.0,
26,RESIDENTIAL HIGH-RISE,STATEN ISLAND,2022,10,929.09,0.22,151.95,0.0,0.0,0.0,
26,RESIDENTIAL HIGH-RISE,STATEN ISLAND,2022,11,823.1999999999998,0.19,139.23999999999995,0.0,0.0,0.0,
26,RESIDENTIAL HIGH-RISE,STATEN ISLAND,2022,12,1089.1,0.25,180.94,0.0,0.0,0.0,
26,RESIDENTIAL HIGH-RISE,STATEN ISLAND,2023,1,757.77,0.18,129.24,0.0,0.0,0.0,-10.77
26,RESIDENTIAL HIGH-RISE,STATEN ISLAND,2023,2,453.83,0.11,80.25,0.0,0.0,0.0,-38.03
26,RESIDENTIAL HIGH-RISE,STATEN ISLAND,2023,3,1044.05,0.24,190.20999999999998,0.0,0.0,0.0,13.09
26,RESIDENTIAL HIGH-RISE,STATEN ISLAND,2023,4,639.31,0.15,101.41000000000001,0.0,0.0,0.0,-14.87
26,RESIDENTIAL HIGH-RISE,STATEN ISLAND,2023,5,671.85,0.16,118.22,0.0,0.0,0.0,7.76
26,RESIDENTIAL HIGH-RISE,STATEN ISLAND,2023,6,1507.2899999999997,0.35,266.78999999999996,0.0,0.0,0.0,95.07
26,RESIDENTIAL HIGH-RISE,STATEN ISLAND,2023,7,1041.9299999999998,0.24,187.84,0.0,0.0,0.0,22.01
26,RESIDENTIAL HIGH-RISE,STATEN ISLAND,2023,8,1164.11,0.27,193.21,0.0,0.0,0.0,29.81
26,RESIDENTIAL HIGH-RISE,STATEN ISLAND,2023,9,764.4100000000001,0.18,131.74,0.0,0.0,0.0,0.32
26,RESIDENTIAL HIGH-RISE,STATEN ISLAND,2023,10,571.9599999999999,0.13,95.53999999999999,0.0,0.0,0.0,-38.44
26,RESIDENTIAL HIGH-RISE,STATEN ISLAND,2023,11,688.8599999999999,0.16,119.55000000000001,0.0,0.0,0.0,-16.32
26,RESIDENTIAL HIGH-RISE,STATEN ISLAND,2023,12,939.39,0.22,159.28,0.0,0.0,0.0,-13.75
26,RESIDENTIAL HIGH-RISE,STATEN ISLAND,2024,1,723.41,0.17,122.30000000000001,0.0,0.0,0.0,-4.53
26,RESIDENTIAL HIGH-RISE,STATEN ISLAND,2024,2,948.1699999999998,0.22,163.21,0.0,0.0,0.0,108.93
26,RESIDENTIAL HIGH-RISE,STATEN ISLAND,2024,3,633.3100000000001,0.15,110.01,0.0,0.0,0.0,-39.34
26,RESIDENTIAL HIGH-RISE,STATEN ISLAND,2024,4,726.74,0.17,126.14999999999999,0.0,0.0,0.0,13.68
26,RESIDENTIAL HIGH-RISE,STATEN ISLAND,2024,5,712.1100000000001,0.17,116.99999999999999,0.0,0.0,0.0,5.99
26,RESIDENTIAL HIGH-RISE,STATEN ISLAND,2024,6,716.11,0.17,121.64999999999998,0.0,0.0,0.0,-52.49
26,RESIDENTIAL HIGH-RISE,STATEN ISLAND,2024,7,894.64,0.21,155.60999999999999,0.0,0.0,0.0,-14.14
26,RESIDENTIAL HIGH-RISE,STATEN ISLAND,2024,8,936.4300000000002,0.22,171.79000000000002,0.0,0.0,0.0,-19.56
26,RESIDENTIAL HIGH-RISE,STATEN ISLAND,2024,9,467.6,0.11,74.27,0.0,0.0,0.0,-38.83
26,RESIDENTIAL HIGH-RISE,STATEN ISLAND,2024,10,741.8399999999999,0.17,117.45999999999998,0.0,0.0,0.0,29.7
26,RESIDENTIAL HIGH-RISE,STATEN ISLAND,2024,11,986.2500000000001,0.23,183.06,0.0,0.0,0.0,43.17
26,RESIDENTIAL HIGH-RISE,STATEN ISLAND,2024,12,628.6200000000001,0.15,104.06,0.0,0.0,0.0,-33.08
27,MIXED-USE,STATEN ISLAND,2022,1,1103.23,0.26,180.24999999999997,0.0,0.0,10.82,
27,MIXED-USE,STATEN ISLAND,2022,2,990.78,0.23,166.01,0.0,0.0,10.81,
27,MIXED-USE,STATEN ISLAND,2022,3,1418.0,0.33,243.41,0.0,0.0,10.11,
27,MIXED-USE,STATEN ISLAND,2022,4,1094.07,0.25,191.38000000000002,0.0,0.0,10.18,
27,MIXED-USE,STATEN ISLAND,2022,5,742.8699999999999,0.17,122.02,0.0,0.0,11.32,
27,MIXED-USE,STATEN ISLAND,2022,6,1125.5599999999997,0.26,191.42000000000002,0.0,0.0,9.99,
27,MIXED-USE,STATEN ISLAND,2022,7,1201.4,0.28,207.86,0.0,0.0,10.04,
27,MIXED-USE,STATEN ISLAND,2022,8,1192.5300000000002,0.28,204.39999999999998,0.0,0.0,9.89,
27,MIXED-USE,STATEN ISLAND,2022,9,1054.92,0.25,179.59,0.0,0.0,8.69,
27,MIXED-USE,STATEN ISLAND,2022,10,1436.98,0.33,250.58,0.0,0.0,9.49,
27,MIXED-USE,STATEN ISLAND,2022,11,1627.62,0.38,255.74,0.0,0.0,11.43,
27,MIXED-USE,STATEN ISLAND,2022,12,1380.38,0.32,208.98000000000002,0.0,0.0,7.53,
27,MIXED-USE,STATEN ISLAND,2023,1,1129.15,0.26,177.56,0.0,0.0,6.54,2.35
27,MIXED-USE,STATEN ISLAND,2023,2,788.04,0.18,137.61999999999998,0.0,0.0,7.01,-20.46
27,MIXED-USE,STATEN ISLAND,2023,3,1514.7600000000002,0.35,248.39,0.0,0.0,8.28,6.82
27,MIXED-USE,STATEN ISLAND,2023,4,969.28,0.23,172.63000000000002,0.0,0.0,9.74,-11.41
27,MIXED-USE,STATEN ISLAND,2023,5,905.48,0.21,168.48,0.0,0.0,12.49,21.89
27,MIXED-USE,STATEN ISLAND,2023,6,2382.41,0.56,413.84000000000003,0.0,0.0,7.83,111.66
27,MIXED-USE,STATEN ISLAND,2023,7,1158.67,0.27,195.35,0.0,0.0,12.07,-3.56
27,MIXED-USE,STATEN ISLAND,2023,8,1872.5499999999997,0.44,335.3600000000001,0.0,0.0,11.3,57.02
27,MIXED-USE,STATEN ISLAND,2023,9,941.2199999999999,0.22,162.55,0.0,0.0,11.38,-10.78
27,MIXED-USE,STATEN ISLAND,2023,10,839.66,0.2,155.03,0.0,0.0,10.11,-41.57
27,MIXED-USE,STATEN ISLAND,2023,11,1153.0700000000002,0.27,200.05000000000004,0.0,0.0,13.59,-29.16
27,MIXED-USE,STATEN ISLAND,2023,12,1159.6899999999998,0.27,185.8,0.0,0.0,9.23,-15.99
27,MIXED-USE,STATEN ISLAND,2024,1,948.8999999999999,0.22,153.7,0.0,0.0,8.89,-15.96
27,MIXED-USE,STATEN ISLAND,2024,2,1324.1299999999999,0.31,232.18,0.0,0.0,9.14,68.03
27,MIXED-USE,STATEN ISLAND,2024,3,955.6999999999999,0.22,164.02,0.0,0.0,10.3,-36.91
27,MIXED-USE,STATEN ISLAND,2024,4,907.63,0.21,167.04,0.0,0.0,10.45,-6.36
27,MIXED-USE,STATEN ISLAND,2024,5,931.8900000000001,0.22,163.78,0.0,0.0,6.19,2.92
27,MIXED-USE,STATEN ISLAND,2024,6,1217.5700000000002,0.28,202.09000000000003,0.0,0.0,10.5,-48.89
27,MIXED-USE,STATEN ISLAND,2024,7,1345.35,0.31,242.51999999999998,0.0,0.0,10.07,16.11
27,MIXED-USE,STATEN ISLAND,2024,8,1559.0900000000001,0.36,259.27,0.0,0.0,11.3,-16.74
27,MIXED-USE,STATEN ISLAND,2024,9,891.18,0.21,143.61,0.0,0.0,10.58,-5.32
27,MIXED-USE,STATEN ISLAND,2024,10,990.0899999999999,0.23,175.19,0.0,0.0,8.03,17.92
27,MIXED-USE,STATEN ISLAND,2024,11,1485.48,0.35,262.65999999999997,0.0,0.0,9.05,28.83
27,MIXED-USE,STATEN ISLAND,2024,12,1109.9,0.26,174.44,0.0,0.0,9.88,-4.29
28,RESIDENTIAL HIGH-RISE,BRONX,2022,1,413.3,0.1,68.19,0.0,0.0,7.4,
28,RESIDENTIAL HIGH-RISE,BRONX,2022,2,466.08,0.11,72.05999999999999,0.0,0.0,7.2,
28,RESIDENTIAL HIGH-RISE,BRONX,2022,3,611.24,0.14,100.50000000000001,0.0,0.0,7.94,
28,RESIDENTIAL HIGH-RISE,BRONX,2022,4,501.78,0.12,86.74,0.0,0.0,7.55,
28,RESIDENTIAL HIGH-RISE,BRONX,2022,5,365.82,0.09,52.3,0.0,0.0,7.64,
28,RESIDENTIAL HIGH-RISE,BRONX,2022,6,441.05,0.1,78.23,0.0,0.0,10.71,
28,RESIDENTIAL HIGH-RISE,BRONX,2022,7,532.01,0.12,86.95,0.0,0.0,8.79,
28,RESIDENTIAL HIGH-RISE,BRONX,2022,8,628.66,0.15,109.15,0.0,0.0,10.04,
28,RESIDENTIAL HIGH-RISE,BRONX,2022,9,417.05000000000007,0.1,68.75999999999999,0.0,0.0,10.74,
28,RESIDENTIAL HIGH-RISE,BRONX,2022,10,563.3599999999999,0.13,98.55,0.0,0.0,10.79,
28,RESIDENTIAL HIGH-RISE,BRONX,2022,11,737.57,0.17,126.63000000000001,0.0,0.0,9.09,
28,RESIDENTIAL HIGH-RISE,BRONX,2022,12,585.89,0.14,99.31,0.0,0.0,11.18,
28,RESIDENTIAL HIGH-RISE,BRONX,2023,1,489.93,0.11,84.77999999999999,0.0,0.0,9.79,18.54
28,RESIDENTIAL HIGH-RISE,BRONX,2023,2,332.9,0.08,51.44,0.0,0.0,11.77,-28.57
28,RESIDENTIAL HIGH-RISE,BRONX,2023,3,717.17,0.17,116.68,0.0,0.0,9.71,17.33
28,RESIDENTIAL HIGH-RISE,BRONX,2023,4,393.6,0.09,66.43,0.0,0.0,7.17,-21.56
28,RESIDENTIAL HIGH-RISE,BRONX,2023,5,372.45000000000005,0.09,62.44,0.0,0.0,10.68,1.81
28,RESIDENTIAL HIGH-RISE,BRONX,2023,6,988.1299999999999,0.23,174.54,0.0,0.0,10.25,124.04
28,RESIDENTIAL HIGH-RISE,BRONX,2023,7,588.2800000000001,0.14,109.46999999999998,0.0,0.0,9.8,10.58
28,RESIDENTIAL HIGH-RISE,BRONX,2023,8,720.43,0.17,126.37,0.0,0.0,7.15,14.6
28,RESIDENTIAL HIGH-RISE,BRONX,2023,9,513.8,0.12,88.43,0.0,0.0,10.35,23.2
28,RESIDENTIAL HIGH-RISE,BRONX,2023,10,376.17999999999995,0.09,64.74,0.0,0.0,8.98,-33.23
28,RESIDENTIAL HIGH-RISE,BRONX,2023,11,458.65999999999997,0.11,74.67,0.0,0.0,10.31,-37.81
28,RESIDENTIAL HIGH-RISE,BRONX,2023,12,629.8399999999999,0.15,98.05,0.0,0.0,10.08,7.5
28,RESIDENTIAL HIGH-RISE,BRONX,2024,1,519.31,0.12,93.75000000000001,0.0,0.0,9.36,6.0
28,RESIDENTIAL HIGH-RISE,BRONX,2024,2,432.80000000000007,0.1,79.93,0.0,0.0,12.05,30.01
28,RESIDENTIAL HIGH-RISE,BRONX,2024,3,413.04,0.1,70.52999999999999,0.0,0.0,11.19,-42.41
28,RESIDENTIAL HIGH-RISE,BRONX,2024,4,423.53999999999996,0.1,71.64,0.0,0.0,8.6,7.61
28,RESIDENTIAL HIGH-RISE,BRONX,2024,5,429.13,0.1,73.44,0.0,0.0,10.63,15.22
28,RESIDENTIAL HIGH-RISE,BRONX,2024,6,447.99999999999994,0.1,77.74000000000001,0.0,0.0,8.72,-54.66
28,RESIDENTIAL HIGH-RISE,BRONX,2024,7,597.24,0.14,96.91,0.0,0.0,7.05,1.52
28,RESIDENTIAL HIGH-RISE,BRONX,2024,8,643.04,0.15,107.87,0.0,0.0,8.6,-10.74
28,RESIDENTIAL HIGH-RISE,BRONX,2024,9,343.19000000000005,0.08,59.709999999999994,0.0,0.0,10.86,-33.21
28,RESIDENTIAL HIGH-RISE,BRONX,2024,10,432.56,0.1,70.36,0.0,0.0,7.64,14.99
28,RESIDENTIAL HIGH-RISE,BRONX,2024,11,556.5400000000001,0.13,96.79999999999998,0.0,0.0,7.05,21.34
28,RESIDENTIAL HIGH-RISE,BRONX,2024,12,494.35999999999996,0.12,78.60000000000001,0.0,0.0,11.91,-21.51
29,INDUSTRIAL,QUEENS,2022,1,752.4399999999999,0.18,121.65,0.0,0.0,0.0,
29,INDUSTRIAL,QUEENS,2022,2,666.82,0.16,124.25999999999999,0.0,0.0,0.0,
29,INDUSTRIAL,QUEENS,2022,3,1023.88,0.24,164.69000000000003,0.0,0.0,0.0,
29,INDUSTRIAL,QUEENS,2022,4,659.51,0.15,107.03000000000002,0.0,0.0,0.0,
29,INDUSTRIAL,QUEENS,2022,5,578.8199999999999,0.13,95.91,0.0,0.0,0.0,
29,INDUSTRIAL,QUEENS,2022,6,501.05999999999995,0.12,91.27999999999999,0.0,0.0,0.0,
29,INDUSTRIAL,QUEENS,2022,7,781.1300000000001,0.18,131.12000000000003,0.0,0.0,0.0,
29,INDUSTRIAL,QUEENS,2022,8,958.1099999999999,0.22,150.30999999999997,0.0,0.0,0.0,
29,INDUSTRIAL,QUEENS,2022,9,846.4499999999998,0.2,149.61,0.0,0.0,0.0,
29,INDUSTRIAL,QUEENS,2022,10,928.9799999999999,0.22,167.34,0.0,0.0,0.0,
29,INDUSTRIAL,QUEENS,2022,11,1005.2700000000001,0.23,174.93,0.0,0.0,0.0,
29,INDUSTRIAL,QUEENS,2022,12,894.2,0.21,159.68,0.0,0.0,0.0,
29,INDUSTRIAL,QUEENS,2023,1,797.79,0.19,138.23999999999998,0.0,0.0,0.0,6.03
29,INDUSTRIAL,QUEENS,2023,2,641.62,0.15,110.55,0.0,0.0,0.0,-3.78
29,INDUSTRIAL,QUEENS,2023,3,989.4699999999999,0.23,168.51999999999998,0.0,0.0,0.0,-3.36
29,INDUSTRIAL,QUEENS,2023,4,507.53999999999996,0.12,93.66999999999999,0.0,0.0,0.0,-23.04
29,INDUSTRIAL,QUEENS,2023,5,483.66,0.11,92.33,0.0,0.0,0.0,-16.44
29,INDUSTRIAL,QUEENS,2023,6,1399.76,0.33,230.43,0.0,0.0,0.0,179.36
29,INDUSTRIAL,QUEENS,2023,7,910.7299999999999,0.21,154.1,0.0,0.0,0.0,16.59
29,INDUSTRIAL,QUEENS,2023,8,1162.6799999999998,0.27,209.10000000000002,0.0,0.0,0.0,21.35
29,INDUSTRIAL,QUEENS,2023,9,595.59,0.14,98.49000000000001,0.0,0.0,0.0,-29.64
29,INDUSTRIAL,QUEENS,2023,10,552.95,0.13,105.56,0.0,0.0,0.0,-40.48
29,INDUSTRIAL,QUEENS,2023,11,673.24,0.16,116.14999999999999,0.0,0.0,0.0,-33.03
29,INDUSTRIAL,QUEENS,2023,12,963.8900000000001,0.22,166.3,0.0,0.0,0.0,7.79
29,INDUSTRIAL,QUEENS,2024,1,629.21,0.15,103.67,0.0,0.0,0.0,-21.13
29,INDUSTRIAL,QUEENS,2024,2,705.3599999999999,0.16,113.09,0.0,0.0,0.0,9.93
29,INDUSTRIAL,QUEENS,2024,3,513.37,0.12,87.47,0.0,0.0,0.0,-48.12
29,INDUSTRIAL,QUEENS,2024,4,517.72,0.12,92.37,0.0,0.0,0.0,2.01
29,INDUSTRIAL,QUEENS,2024,5,593.0200000000001,0.14,98.42000000000002,0.0,0.0,0.0,22.61
29,INDUSTRIAL,QUEENS,2024,6,654.4200000000001,0.15,107.27000000000002,0.0,0.0,0.0,-53.25
29,INDUSTRIAL,QUEENS,2024,7,764.2900000000001,0.18,125.21000000000001,0.0,0.0,0.0,-16.08
29,INDUSTRIAL,QUEENS,2024,8,966.36,0.23,150.32999999999998,0.0,0.0,0.0,-16.89
29,INDUSTRIAL,QUEENS,2024,9,469.52,0.11,78.06,0.0,0.0,0.0,-21.17
29,INDUSTRIAL,QUEENS,2024,10,631.4,0.15,107.39000000000001,0.0,0.0,0.0,14.19
29,INDUSTRIAL,QUEENS,2024,11,869.37,0.2,144.82000000000002,0.0,0.0,0.0,29.13
29,INDUSTRIAL,QUEENS,2024,12,810.0400000000001,0.19,144.81,0.0,0.0,0.0,-15.96
30,COMMERCIAL OFFICE,QUEENS,2022,1,1942.8000000000002,0.45,329.97,0.0,0.0,0.0,
30,COMMERCIAL OFFICE,QUEENS,2022,2,1560.64,0.36,288.44999999999993,0.0,0.0,0.0,
30,COMMERCIAL OFFICE,QUEENS,2022,3,2568.9099999999994,0.6,460.62,0.0,0.0,0.0,
30,COMMERCIAL OFFICE,QUEENS,2022,4,1734.5300000000004,0.4,292.64,0.0,0.0,0.0,
30,COMMERCIAL OFFICE,QUEENS,2022,5,1369.0500000000002,0.32,235.95000000000002,0.0,0.0,0.0,
30,COMMERCIAL OFFICE,QUEENS,2022,6,1181.57,0.28,206.07999999999998,0.0,0.0,0.0,
30,COMMERCIAL OFFICE,QUEENS,2022,7,2013.6,0.47,342.3500000000001,0.0,0.0,0.0,
30,COMMERCIAL OFFICE,QUEENS,2022,8,2395.8,0.56,379.69,0.0,0.0,0.0,
30,COMMERCIAL OFFICE,QUEENS,2022,9,1626.43,0.38,261.27,0.0,0.0,0.0,
30,COMMERCIAL OFFICE,QUEENS,2022,10,2192.9900000000002,0.51,375.1700000000001,0.0,0.0,0.0,
30,COMMERCIAL OFFICE,QUEENS,2022,11,2599.859999999999,0.61,457.5,0.0,0.0,0.0,
30,COMMERCIAL OFFICE,QUEENS,2022,12,1934.1600000000003,0.45,345.86000000000007,0.0,0.0,0.0,
30,COMMERCIAL OFFICE,QUEENS,2023,1,1364.23,0.32,242.93,0.0,0.0,0.0,-29.78
30,COMMERCIAL OFFICE,QUEENS,2023,2,1377.07,0.32,241.60000000000002,0.0,0.0,0.0,-11.76
30,COMMERCIAL OFFICE,QUEENS,2023,3,2423.4,0.56,423.75,0.0,0.0,0.0,-5.66
30,COMMERCIAL OFFICE,QUEENS,2023,4,1601.56,0.37,277.88,0.0,0.0,0.0,-7.67
30,COMMERCIAL OFFICE,QUEENS,2023,5,1528.8899999999999,0.36,262.76,0.0,0.0,0.0,11.68
30,COMMERCIAL OFFICE,QUEENS,2023,6,3603.73,0.84,623.6300000000001,0.0,0.0,0.0,205.0
30,COMMERCIAL OFFICE,QUEENS,2023,7,2386.8600000000006,0.56,401.94,0.0,0.0,0.0,18.54
30,COMMERCIAL OFFICE,QUEENS,2023,8,2866.85,0.67,494.5900000000001,0.0,0.0,0.0,19.66
30,COMMERCIAL OFFICE,QUEENS,2023,9,1854.35,0.43,298.35,0.0,0.0,0.0,14.01
30,COMMERCIAL OFFICE,QUEENS,2023,10,973.35,0.23,142.1,0.0,0.0,0.0,-55.62
30,COMMERCIAL OFFICE,QUEENS,2023,11,1344.8999999999999,0.31,228.65,0.0,0.0,0.0,-48.27
30,COMMERCIAL OFFICE,QUEENS,2023,12,2350.82,0.55,395.32,0.0,0.0,0.0,21.54
30,COMMERCIAL OFFICE,QUEENS,2024,1,1442.8799999999999,0.34,241.90000000000003,0.0,0.0,0.0,5.77
30,COMMERCIAL OFFICE,QUEENS,2024,2,1731.4899999999998,0.4,304.97,0.0,0.0,0.0,25.74
30,COMMERCIAL OFFICE,QUEENS,2024,3,1438.02,0.34,236.95999999999998,0.0,0.0,0.0,-40.66
30,COMMERCIAL OFFICE,QUEENS,2024,4,1273.7400000000002,0.3,231.69,0.0,0.0,0.0,-20.47
30,COMMERCIAL OFFICE,QUEENS,2024,5,1701.0600000000004,0.4,283.07,0.0,0.0,0.0,11.26
30,COMMERCIAL OFFICE,QUEENS,2024,6,1661.6899999999998,0.39,305.53,0.0,0.0,0.0,-53.89
30,COMMERCIAL OFFICE,QUEENS,2024,7,1751.4499999999998,0.41,302.46,0.0,0.0,0.0,-26.62
30,COMMERCIAL OFFICE,QUEENS,2024,8,2157.0099999999998,0.5,346.30999999999995,0.0,0.0,0.0,-24.76
30,COMMERCIAL OFFICE,QUEENS,2024,9,1148.58,0.27,175.29,0.0,0.0,0.0,-38.06
30,COMMERCIAL OFFICE,QUEENS,2024,10,1556.75,0.36,248.64999999999998,0.0,0.0,0.0,59.94
30,COMMERCIAL OFFICE,QUEENS,2024,11,2201.6000000000004,0.51,391.78999999999996,0.0,0.0,0.0,63.7
30,COMMERCIAL OFFICE,QUEENS,2024,12,1777.1700000000003,0.41,303.04,0.0,0.0,0.0,-24.4
31,RESIDENTIAL HIGH-RISE,MANHATTAN,2022,1,101.04,0.02,16.48,0.0,0.0,0.0,
31,RESIDENTIAL HIGH-RISE,MANHATTAN,2022,2,112.21,0.03,18.479999999999997,0.0,0.0,0.0,
31,RESIDENTIAL HIGH-RISE,MANHATTAN,2022,3,151.01999999999998,0.04,26.36,0.0,0.0,0.0,
31,RESIDENTIAL HIGH-RISE,MANHATTAN,2022,4,96.06,0.02,15.969999999999999,0.0,0.0,0.0,
31,RESIDENTIAL HIGH-RISE,MANHATTAN,2022,5,111.99,0.03,18.63,0.0,0.0,0.0,
31,RESIDENTIAL HIGH-RISE,MANHATTAN,2022,6,102.61,0.02,16.57,0.0,0.0,0.0,
31,RESIDENTIAL HIGH-RISE,MANHATTAN,2022,7,131.56,0.03,23.599999999999998,0.0,0.0,0.0,
31,RESIDENTIAL HIGH-RISE,MANHATTAN,2022,8,127.61999999999999,0.03,21.12,0.0,0.0,0.0,
31,RESIDENTIAL HIGH-RISE,MANHATTAN,2022,9,89.77000000000001,0.02,13.09,0.0,0.0,0.0,
31,RESIDENTIAL HIGH-RISE,MANHATTAN,2022,10,147.42,0.03,24.830000000000002,0.0,0.0,0.0,
31,RESIDENTIAL HIGH-RISE,MANHATTAN,2022,11,147.10999999999999,0.03,25.95,0.0,0.0,0.0,
31,RESIDENTIAL HIGH-RISE,MANHATTAN,2022,12,147.67,0.03,27.790000000000003,0.0,0.0,0.0,
31,RESIDENTIAL HIGH-RISE,MANHATTAN,2023,1,129.23999999999998,0.03,19.77,0.0,0.0,0.0,27.91
31,RESIDENTIAL HIGH-RISE,MANHATTAN,2023,2,94.64999999999999,0.02,16.0,0.0,0.0,0.0,-15.65
31,RESIDENTIAL HIGH-RISE,MANHATTAN,2023,3,169.4,0.04,28.89,0.0,0.0,0.0,12.17
31,RESIDENTIAL HIGH-RISE,MANHATTAN,2023,4,108.9,0.03,19.65,0.0,0.0,0.0,13.37
31,RESIDENTIAL HIGH-RISE,MANHATTAN,2023,5,102.83000000000001,0.02,17.82,0.0,0.0,0.0,-8.18
31,RESIDENTIAL HIGH-RISE,MANHATTAN,2023,6,230.94999999999993,0.05,37.46000000000001,0.0,0.0,0.0,125.08
31,RESIDENTIAL HIGH-RISE,MANHATTAN,2023,7,144.48999999999998,0.03,23.83,0.0,0.0,0.0,9.83
31,RESIDENTIAL HIGH-RISE,MANHATTAN,2023,8,182.42,0.04,29.899999999999995,0.0,0.0,0.0,42.94
31,RESIDENTIAL HIGH-RISE,MANHATTAN,2023,9,108.69000000000001,0.03,19.009999999999998,0.0,0.0,0.0,21.08
31,RESIDENTIAL HIGH-RISE,MANHATTAN,2023,10,86.33,0.02,14.739999999999998,0.0,0.0,0.0,-41.44
31,RESIDENTIAL HIGH-RISE,MANHATTAN,2023,11,98.75,0.02,16.57,0.0,0.0,0.0,-32.87
31,RESIDENTIAL HIGH-RISE,MANHATTAN,2023,12,135.57999999999998,0.03,24.27,0.0,0.0,0.0,-8.19
31,RESIDENTIAL HIGH-RISE,MANHATTAN,2024,1,113.47,0.03,18.580000000000002,0.0,0.0,0.0,-12.2
31,RESIDENTIAL HIGH-RISE,MANHATTAN,2024,2,124.75999999999998,0.03,21.51,0.0,0.0,0.0,31.81
31,RESIDENTIAL HIGH-RISE,MANHATTAN,2024,3,92.86,0.02,15.2,0.0,0.0,0.0,-45.18
31,RESIDENTIAL HIGH-RISE,MANHATTAN,2024,4,91.54,0.02,15.740000000000002,0.0,0.0,0.0,-15.94
31,RESIDENTIAL HIGH-RISE,MANHATTAN,2024,5,103.98999999999998,0.02,18.35,0.0,0.0,0.0,1.13
31,RESIDENTIAL HIGH-RISE,MANHATTAN,2024,6,115.93999999999998,0.03,20.63,0.0,0.0,0.0,-49.8
31,RESIDENTIAL HIGH-RISE,MANHATTAN,2024,7,105.45,0.02,16.369999999999997,0.0,0.0,0.0,-27.02
31,RESIDENTIAL HIGH-RISE,MANHATTAN,2024,8,163.85999999999999,0.04,28.54,0.0,0.0,0.0,-10.17
31,RESIDENTIAL HIGH-RISE,MANHATTAN,2024,9,78.79,0.02,13.319999999999999,0.0,0.0,0.0,-27.51
31,RESIDENTIAL HIGH-RISE,MANHATTAN,2024,10,108.23999999999998,0.03,17.26,0.0,0.0,0.0,25.38
31,RESIDENTIAL HIGH-RISE,MANHATTAN,2024,11,146.00999999999996,0.03,25.64,0.0,0.0,0.0,47.86
31,RESIDENTIAL HIGH-RISE,MANHATTAN,2024,12,111.57000000000001,0.03,20.26,0.0,0.0,0.0,-17.71
32,INDUSTRIAL,BRONX,2022,1,2829.95,0.66,454.48999999999995,0.0,0.0,10.85,
32,INDUSTRIAL,BRONX,2022,2,2895.4500000000007,0.67,481.59999999999997,0.0,0.0,9.92,
32,INDUSTRIAL,BRONX,2022,3,4329.04,1.01,741.4,0.0,0.0,10.01,
32,INDUSTRIAL,BRONX,2022,4,3146.1,0.73,516.07,0.0,0.0,8.07,
32,INDUSTRIAL,BRONX,2022,5,2730.4399999999996,0.64,449.46000000000004,0.0,0.0,10.55,
32,INDUSTRIAL,BRONX,2022,6,2798.19,0.65,465.94,0.0,0.0,11.38,
32,INDUSTRIAL,BRONX,2022,7,3994.59,0.93,651.41,0.0,0.0,13.17,
32,INDUSTRIAL,BRONX,2022,8,3757.890000000001,0.88,649.82,0.0,0.0,7.75,
32,INDUSTRIAL,BRONX,2022,9,3299.4000000000005,0.77,551.5000000000001,0.0,0.0,12.73,
32,INDUSTRIAL,BRONX,2022,10,4340.14,1.01,712.13,0.0,0.0,11.39,
32,INDUSTRIAL,BRONX,2022,11,5501.000000000001,1.28,972.9500000000002,0.0,0.0,10.58,
32,INDUSTRIAL,BRONX,2022,12,4372.790000000001,1.02,792.2,0.0,0.0,9.47,
32,INDUSTRIAL,BRONX,2023,1,3475.5600000000004,0.81,627.3,0.0,0.0,11.07,22.81
32,INDUSTRIAL,BRONX,2023,2,2237.91,0.52,368.89,0.0,0.0,7.9,-22.71
32,INDUSTRIAL,BRONX,2023,3,4449.71,1.04,737.95,0.0,0.0,9.33,2.79
32,INDUSTRIAL,BRONX,2023,4,2626.18,0.61,484.2799999999999,0.0,0.0,12.1,-16.53
32,INDUSTRIAL,BRONX,2023,5,2513.3700000000003,0.59,427.2200000000001,0.0,0.0,11.09,-7.95
32,INDUSTRIAL,BRONX,2023,6,7179.25,1.67,1232.5,0.0,0.0,7.53,156.57
32,INDUSTRIAL,BRONX,2023,7,4337.9,1.01,765.0200000000001,0.0,0.0,12.52,8.59
32,INDUSTRIAL,BRONX,2023,8,3929.45,0.92,643.1600000000001,0.0,0.0,11.91,4.57
32,INDUSTRIAL,BRONX,2023,9,2919.46,0.68,512.73,0.0,0.0,8.74,-11.52
32,INDUSTRIAL,BRONX,2023,10,2274.02,0.53,394.03999999999996,0.0,0.0,13.16,-47.6
32,INDUSTRIAL,BRONX,2023,11,2877.72,0.67,454.86999999999995,0.0,0.0,13.32,-47.69
32,INDUSTRIAL,BRONX,2023,12,4613.59,1.07,753.0699999999999,0.0,0.0,9.96,5.51
32,INDUSTRIAL,BRONX,2024,1,3004.2600000000007,0.7,552.18,0.0,0.0,11.19,-13.56
32,INDUSTRIAL,BRONX,2024,2,3198.2799999999997,0.75,550.37,0.0,0.0,11.49,42.91
32,INDUSTRIAL,BRONX,2024,3,2227.6,0.52,405.78,0.0,0.0,11.1,-49.94
32,INDUSTRIAL,BRONX,2024,4,2918.3700000000003,0.68,490.45,0.0,0.0,6.58,11.13
32,INDUSTRIAL,BRONX,2024,5,3097.23,0.72,492.69000000000005,0.0,0.0,10.0,23.23
32,INDUSTRIAL,BRONX,2024,6,3389.3099999999995,0.79,545.4,0.0,0.0,10.45,-52.79
32,INDUSTRIAL,BRONX,2024,7,3804.18,0.89,666.07,0.0,0.0,9.98,-12.3
32,INDUSTRIAL,BRONX,2024,8,4447.119999999999,1.04,740.89,0.0,0.0,8.48,13.17
32,INDUSTRIAL,BRONX,2024,9,2499.0400000000004,0.58,400.83,0.0,0.0,9.93,-14.4
32,INDUSTRIAL,BRONX,2024,10,3166.9,0.74,483.65000000000003,0.0,0.0,9.6,39.26
32,INDUSTRIAL,BRONX,2024,11,3681.5,0.86,594.71,0.0,0.0,10.68,27.93
32,INDUSTRIAL,BRONX,2024,12,3093.61,0.72,534.74,0.0,0.0,10.22,-32.95
33,INDUSTRIAL,QUEENS,2022,1,1426.15,0.33,250.18,0.0,0.0,13.94,
33,INDUSTRIAL,QUEENS,2022,2,1381.39,0.32,203.82,0.0,0.0,12.31,
33,INDUSTRIAL,QUEENS,2022,3,2109.2100000000005,0.49,341.2,0.0,0.0,11.07,
33,INDUSTRIAL,QUEENS,2022,4,1403.8100000000004,0.33,243.28,0.0,0.0,10.54,
33,INDUSTRIAL,QUEENS,2022,5,1107.8799999999999,0.26,180.62,0.0,0.0,10.35,
33,INDUSTRIAL,QUEENS,2022,6,1463.9700000000003,0.34,234.72,0.0,0.0,12.1,
33,INDUSTRIAL,QUEENS,2022,7,1727.7900000000002,0.4,272.05,0.0,0.0,7.19,
33,INDUSTRIAL,QUEENS,2022,8,1913.1599999999999,0.45,316.15,0.0,0.0,8.7,
33,INDUSTRIAL,QUEENS,2022,9,1534.96,0.36,228.97999999999996,0.0,0.0,10.22,
33,INDUSTRIAL,QUEENS,2022,10,1587.43,0.37,275.25,0.0,0.0,9.74,
33,INDUSTRIAL,QUEENS,2022,11,1944.0900000000001,0.45,354.08,0.0,0.0,11.2,
33,INDUSTRIAL,QUEENS,2022,12,2156.66,0.5,373.66999999999996,0.0,0.0,11.18,
33,INDUSTRIAL,QUEENS,2023,1,1498.84,0.35,241.71000000000004,0.0,0.0,9.68,5.1
33,INDUSTRIAL,QUEENS,2023,2,1243.08,0.29,194.34000000000003,0.0,0.0,7.61,-10.01
33,INDUSTRIAL,QUEENS,2023,3,2252.88,0.52,415.04,0.0,0.0,9.13,6.81
33,INDUSTRIAL,QUEENS,2023,4,1260.23,0.29,215.83,0.0,0.0,8.99,-10.23
33,INDUSTRIAL,QUEENS,2023,5,1167.06,0.27,204.45,0.0,0.0,7.6,5.34
33,INDUSTRIAL,QUEENS,2023,6,3228.49,0.75,563.66,0.0,0.0,7.3,120.53
33,INDUSTRIAL,QUEENS,2023,7,2099.61,0.49,345.11999999999995,0.0,0.0,11.79,21.52
33,INDUSTRIAL,QUEENS,2023,8,2411.0200000000004,0.56,389.72,0.0,0.0,11.53,26.02
33,INDUSTRIAL,QUEENS,2023,9,1357.21,0.32,222.4,0.0,0.0,13.17,-11.58
33,INDUSTRIAL,QUEENS,2023,10,1046.6200000000001,0.24,172.39,0.0,0.0,10.15,-34.07
33,INDUSTRIAL,QUEENS,2023,11,1329.69,0.31,232.20999999999998,0.0,0.0,12.78,-31.6
33,INDUSTRIAL,QUEENS,2023,12,2135.3399999999997,0.5,378.24,0.0,0.0,7.88,-0.99
33,INDUSTRIAL,QUEENS,2024,1,1514.96,0.35,231.87,0.0,0.0,9.02,1.08
33,INDUSTRIAL,QUEENS,2024,2,1811.3500000000001,0.42,335.97,0.0,0.0,8.47,45.71
33,INDUSTRIAL,QUEENS,2024,3,1423.56,0.33,223.90000000000003,0.0,0.0,9.99,-36.81
33,INDUSTRIAL,QUEENS,2024,4,1272.08,0.3,220.96999999999997,0.0,0.0,6.99,0.94
33,INDUSTRIAL,QUEENS,2024,5,1490.0300000000002,0.35,255.14999999999998,0.0,0.0,12.4,27.67
33,INDUSTRIAL,QUEENS,2024,6,1502.4599999999998,0.35,245.62,0.0,0.0,10.12,-53.46
33,INDUSTRIAL,QUEENS,2024,7,1885.5100000000002,0.44,326.08000000000004,0.0,0.0,11.36,-10.2
33,INDUSTRIAL,QUEENS,2024,8,2077.0200000000004,0.48,387.97999999999996,0.0,0.0,7.29,-13.85
33,INDUSTRIAL,QUEENS,2024,9,1084.6599999999999,0.25,186.13,0.0,0.0,11.67,-20.08
33,INDUSTRIAL,QUEENS,2024,10,1470.8600000000001,0.34,250.76999999999998,0.0,0.0,9.31,40.53
33,INDUSTRIAL,QUEENS,2024,11,1818.37,0.42,326.52,0.0,0.0,10.5,36.75
33,INDUSTRIAL,QUEENS,2024,12,1555.5900000000004,0.36,274.21,0.0,0.0,9.7,-27.15
34,RETAIL,BROOKLYN,2022,1,1351.56,0.31,226.29000000000002,0.0,0.0,10.79,
34,RETAIL,BROOKLYN,2022,2,1127.28,0.26,186.03000000000003,0.0,0.0,8.7,
34,RETAIL,BROOKLYN,2022,3,1822.4300000000005,0.42,334.62,0.0,0.0,9.96,
34,RETAIL,BROOKLYN,2022,4,1041.1200000000001,0.24,183.54,0.0,0.0,8.03,
34,RETAIL,BROOKLYN,2022,5,974.64,0.23,159.17,0.0,0.0,8.59,
34,RETAIL,BROOKLYN,2022,6,1104.76,0.26,193.57999999999998,0.0,0.0,9.74,
34,RETAIL,BROOKLYN,2022,7,1247.4499999999998,0.29,211.21,0.0,0.0,12.78,
34,RETAIL,BROOKLYN,2022,8,1663.07,0.39,271.81000000000006,0.0,0.0,10.85,
34,RETAIL,BROOKLYN,2022,9,1037.58,0.24,172.56,0.0,0.0,10.01,
34,RETAIL,BROOKLYN,2022,10,1662.69,0.39,304.87,0.0,0.0,8.4,
34,RETAIL,BROOKLYN,2022,11,1599.48,0.37,287.66999999999996,0.0,0.0,11.95,
34,RETAIL,BROOKLYN,2022,12,1658.7600000000002,0.39,271.95,0.0,0.0,10.11,
34,RETAIL,BROOKLYN,2023,1,1397.34,0.33,217.54999999999998,0.0,0.0,10.08,3.39
34,RETAIL,BROOKLYN,2023,2,1001.3200000000002,0.23,167.31,0.0,0.0,10.34,-11.17
34,RETAIL,BROOKLYN,2023,3,1715.9799999999998,0.4,293.39000000000004,0.0,0.0,11.04,-5.84
34,RETAIL,BROOKLYN,2023,4,1184.2300000000002,0.28,206.26999999999998,0.0,0.0,6.82,13.75
34,RETAIL,BROOKLYN,2023,5,1220.3,0.28,199.04000000000005,0.0,0.0,9.21,25.21
34,RETAIL,BROOKLYN,2023,6,2484.35,0.58,421.43000000000006,0.0,0.0,9.3,124.88
34,RETAIL,BROOKLYN,2023,7,1502.8700000000001,0.35,239.01999999999998,0.0,0.0,12.52,20.48
34,RETAIL,BROOKLYN,2023,8,2071.56,0.48,355.04999999999995,0.0,0.0,12.06,24.56
34,RETAIL,BROOKLYN,2023,9,1284.1,0.3,225.73000000000002,0.0,0.0,8.27,23.76
34,RETAIL,BROOKLYN,2023,10,813.41,0.19,141.72,0.0,0.0,9.16,-51.08
34,RETAIL,BROOKLYN,2023,11,1010.8000000000001,0.24,177.36,0.0,0.0,7.25,-36.8
34,RETAIL,BROOKLYN,2023,12,1435.9200000000003,0.33,259.69,0.0,0.0,13.48,-13.43
34,RETAIL,BROOKLYN,2024,1,1155.86,0.27,180.43,0.0,0.0,11.4,-17.28
34,RETAIL,BROOKLYN,2024,2,1382.1300000000003,0.32,216.61999999999998,0.0,0.0,11.68,38.03
34,RETAIL,BROOKLYN,2024,3,1022.3799999999999,0.24,166.27999999999997,0.0,0.0,8.34,-40.42
34,RETAIL,BROOKLYN,2024,4,1193.11,0.28,206.71,0.0,0.0,10.2,0.75
34,RETAIL,BROOKLYN,2024,5,1008.95,0.24,174.13,0.0,0.0,10.21,-17.32
34,RETAIL,BROOKLYN,2024,6,1285.14,0.3,220.45,0.0,0.0,7.19,-48.27
34,RETAIL,BROOKLYN,2024,7,1158.6699999999998,0.27,198.29999999999995,0.0,0.0,8.84,-22.9
34,RETAIL,BROOKLYN,2024,8,1445.3799999999997,0.34,251.45999999999998,0.0,0.0,10.59,-30.23
34,RETAIL,BROOKLYN,2024,9,736.87,0.17,131.73999999999998,0.0,0.0,10.34,-42.62
34,RETAIL,BROOKLYN,2024,10,1135.02,0.26,192.88000000000002,0.0,0.0,10.32,39.54
34,RETAIL,BROOKLYN,2024,11,1645.0900000000004,0.38,279.47999999999996,0.0,0.0,8.23,62.75
34,RETAIL,BROOKLYN,2024,12,1289.3600000000001,0.3,218.49,0.0,0.0,9.3,-10.21
35,RESIDENTIAL HIGH-RISE,STATEN ISLAND,2022,1,1040.05,0.24,190.05,0.0,0.0,0.0,
35,RESIDENTIAL HIGH-RISE,STATEN ISLAND,2022,2,1054.71,0.25,191.99999999999997,0.0,0.0,0.0,
35,RESIDENTIAL HIGH-RISE,STATEN ISLAND,2022,3,1401.7100000000003,0.33,238.33,0.0,0.0,0.0,
35,RESIDENTIAL HIGH-RISE,STATEN ISLAND,2022,4,921.6600000000001,0.21,162.24,0.0,0.0,0.0,
35,RESIDENTIAL HIGH-RISE,STATEN ISLAND,2022,5,819.19,0.19,130.62,0.0,0.0,0.0,
35,RESIDENTIAL HIGH-RISE,STATEN ISLAND,2022,6,864.66,0.2,151.92999999999998,0.0,0.0,0.0,
35,RESIDENTIAL HIGH-RISE,STATEN ISLAND,2022,7,1073.9300000000003,0.25,185.78000000000003,0.0,0.0,0.0,
35,RESIDENTIAL HIGH-RISE,STATEN ISLAND,2022,8,1458.0800000000002,0.34,253.64,0.0,0.0,0.0,
35,RESIDENTIAL HIGH-RISE,STATEN ISLAND,2022,9,1013.46,0.24,160.96999999999997,0.0,0.0,0.0,
35,RESIDENTIAL HIGH-RISE,STATEN ISLAND,2022,10,1320.7800000000002,0.31,226.24999999999997,0.0,0.0,0.0,
35,RESIDENTIAL HIGH-RISE,STATEN ISLAND,2022,11,1548.26,0.36,273.03999999999996,0.0,0.0,0.0,
35,RESIDENTIAL HIGH-RISE,STATEN ISLAND,2022,12,1469.3400000000004,0.34,240.89000000000004,0.0,0.0,0.0,
35,RESIDENTIAL HIGH-RISE,STATEN ISLAND,2023,1,981.0300000000001,0.23,159.46,0.0,0.0,0.0,-5.67
35,RESIDENTIAL HIGH-RISE,STATEN ISLAND,2023,2,762.02,0.18,113.56,0.0,0.0,0.0,-27.75
35,RESIDENTIAL HIGH-RISE,STATEN ISLAND,2023,3,1380.7799999999997,0.32,231.98000000000002,0.0,0.0,0.0,-1.49
35,RESIDENTIAL HIGH-RISE,STATEN ISLAND,2023,4,773.1899999999999,0.18,129.89999999999998,0.0,0.0,0.0,-16.11
35,RESIDENTIAL HIGH-RISE,STATEN ISLAND,2023,5,888.54,0.21,152.61,0.0,0.0,0.0,8.47
35,RESIDENTIAL HIGH-RISE,STATEN ISLAND,2023,6,2206.19,0.51,389.55000000000007,0.0,0.0,0.0,155.15
35,RESIDENTIAL HIGH-RISE,STATEN ISLAND,2023,7,1349.9699999999998,0.31,215.89,0.0,0.0,0.0,25.7
35,RESIDENTIAL HIGH-RISE,STATEN ISLAND,2023,8,1729.9400000000003,0.4,294.73999999999995,0.0,0.0,0.0,18.65
35,RESIDENTIAL HIGH-RISE,STATEN ISLAND,2023,9,991.5599999999998,0.23,169.13000000000002,0.0,0.0,0.0,-2.16
35,RESIDENTIAL HIGH-RISE,STATEN ISLAND,2023,10,693.1300000000001,0.16,109.91,0.0,0.0,0.0,-47.52
35,RESIDENTIAL HIGH-RISE,STATEN ISLAND,2023,11,943.3600000000001,0.22,161.88,0.0,0.0,0.0,-39.07
35,RESIDENTIAL HIGH-RISE,STATEN ISLAND,2023,12,1291.2499999999998,0.3,215.86999999999998,0.0,0.0,0.0,-12.12
35,RESIDENTIAL HIGH-RISE,STATEN ISLAND,2024,1,1050.5,0.24,169.87,0.0,0.0,0.0,7.08
35,RESIDENTIAL HIGH-RISE,STATEN ISLAND,2024,2,1123.0600000000002,0.26,188.53,0.0,0.0,0.0,47.38
35,RESIDENTIAL HIGH-RISE,STATEN ISLAND,2024,3,920.45,0.21,165.32000000000002,0.0,0.0,0.0,-33.34
35,RESIDENTIAL HIGH-RISE,STATEN ISLAND,2024,4,754.9200000000001,0.18,114.87,0.0,0.0,0.0,-2.36
35,RESIDENTIAL HIGH-RISE,STATEN ISLAND,2024,5,875.5899999999999,0.2,139.53,0.0,0.0,0.0,-1.46
35,RESIDENTIAL HIGH-RISE,STATEN ISLAND,2024,6,1108.21,0.26,183.33999999999997,0.0,0.0,0.0,-49.77
35,RESIDENTIAL HIGH-RISE,STATEN ISLAND,2024,7,1169.91,0.27,197.48,0.0,0.0,0.0,-13.34
35,RESIDENTIAL HIGH-RISE,STATEN ISLAND,2024,8,1390.5400000000002,0.32,237.20000000000005,0.0,0.0,0.0,-19.62
35,RESIDENTIAL HIGH-RISE,STATEN ISLAND,2024,9,686.68,0.16,122.21,0.0,0.0,0.0,-30.75
35,RESIDENTIAL HIGH-RISE,STATEN ISLAND,2024,10,1017.68,0.24,166.7,0.0,0.0,0.0,46.82
35,RESIDENTIAL HIGH-RISE,STATEN ISLAND,2024,11,1325.0099999999998,0.31,216.30999999999997,0.0,0.0,0.0,40.46
35,RESIDENTIAL HIGH-RISE,STATEN ISLAND,2024,12,993.74,0.23,161.44,0.0,0.0,0.0,-23.04
36,RESIDENTIAL HIGH-RISE,BROOKLYN,2022,1,101.4,0.02,15.670000000000002,0.0,0.0,10.76,
36,RESIDENTIAL HIGH-RISE,BROOKLYN,2022,2,82.91000000000001,0.02,14.6,0.0,0.0,11.41,
36,RESIDENTIAL HIGH-RISE,BROOKLYN,2022,3,112.69000000000001,0.03,19.300000000000004,0.0,0.0,9.88,
36,RESIDENTIAL HIGH-RISE,BROOKLYN,2022,4,79.48,0.02,13.0,0.0,0.0,7.71,
36,RESIDENTIAL HIGH-RISE,BROOKLYN,2022,5,77.55,0.02,11.65,0.0,0.0,10.21,
36,RESIDENTIAL HIGH-RISE,BROOKLYN,2022,6,81.47,0.02,13.05,0.0,0.0,9.27,
36,RESIDENTIAL HIGH-RISE,BROOKLYN,2022,7,54.9,0.01,10.34,0.0,0.0,9.27,
36,RESIDENTIAL HIGH-RISE,BROOKLYN,2022,8,102.44,0.02,16.27,0.0,0.0,9.08,
36,RESIDENTIAL HIGH-RISE,BROOKLYN,2022,9,91.95999999999998,0.02,14.959999999999999,0.0,0.0,8.58,
36,RESIDENTIAL HIGH-RISE,BROOKLYN,2022,10,124.97999999999999,0.03,21.62,0.0,0.0,12.17,
36,RESIDENTIAL HIGH-RISE,BROOKLYN,2022,11,130.5,0.03,21.160000000000004,0.0,0.0,8.49,
36,RESIDENTIAL HIGH-RISE,BROOKLYN,2022,12,103.83,0.02,17.799999999999997,0.0,0.0,11.86,
36,RESIDENTIAL HIGH-RISE,BROOKLYN,2023,1,95.21000000000001,0.02,16.45,0.0,0.0,12.31,-6.1
36,RESIDENTIAL HIGH-RISE,BROOKLYN,2023,2,73.52000000000001,0.02,14.0,0.0,0.0,12.54,-11.33
36,RESIDENTIAL HIGH-RISE,BROOKLYN,2023,3,125.71000000000001,0.03,22.33,0.0,0.0,8.64,11.55
36,RESIDENTIAL HIGH-RISE,BROOKLYN,2023,4,66.63000000000001,0.02,11.450000000000001,0.0,0.0,8.55,-16.17
36,RESIDENTIAL HIGH-RISE,BROOKLYN,2023,5,66.10000000000001,0.02,11.440000000000001,0.0,0.0,13.54,-14.76
36,RESIDENTIAL HIGH-RISE,BROOKLYN,2023,6,184.39999999999998,0.04,31.929999999999996,0.0,0.0,10.48,126.34
36,RESIDENTIAL HIGH-RISE,BROOKLYN,2023,7,105.01999999999998,0.02,19.770000000000003,0.0,0.0,10.86,91.29
36,RESIDENTIAL HIGH-RISE,BROOKLYN,2023,8,143.52,0.03,25.51,0.0,0.0,10.63,40.1
36,RESIDENTIAL HIGH-RISE,BROOKLYN,2023,9,91.27,0.02,15.689999999999998,0.0,0.0,11.81,-0.75
36,RESIDENTIAL HIGH-RISE,BROOKLYN,2023,10,61.85,0.01,10.48,0.0,0.0,8.49,-50.51
36,RESIDENTIAL HIGH-RISE,BROOKLYN,2023,11,83.72,0.02,15.3,0.0,0.0,7.69,-35.85
36,RESIDENTIAL HIGH-RISE,BROOKLYN,2023,12,113.94,0.03,20.09,0.0,0.0,9.57,9.74
36,RESIDENTIAL HIGH-RISE,BROOKLYN,2024,1,101.64,0.02,16.740000000000002,0.0,0.0,9.06,6.75
36,RESIDENTIAL HIGH-RISE,BROOKLYN,2024,2,73.19,0.02,11.55,0.0,0.0,10.81,-0.45
36,RESIDENTIAL HIGH-RISE,BROOKLYN,2024,3,81.52000000000001,0.02,12.979999999999999,0.0,0.0,11.04,-35.15
36,RESIDENTIAL HIGH-RISE,BROOKLYN,2024,4,74.19999999999999,0.02,11.56,0.0,0.0,9.87,11.36
36,RESIDENTIAL HIGH-RISE,BROOKLYN,2024,5,72.02,0.02,11.96,0.0,0.0,9.65,8.96
36,RESIDENTIAL HIGH-RISE,BROOKLYN,2024,6,85.15,0.02,13.969999999999999,0.0,0.0,8.47,-53.82
36,RESIDENTIAL HIGH-RISE,BROOKLYN,2024,7,103.88999999999999,0.02,18.29,0.0,0.0,10.89,-1.08
36,RESIDENTIAL HIGH-RISE,BROOKLYN,2024,8,108.14000000000001,0.03,19.14,0.0,0.0,10.14,-24.65
36,RESIDENTIAL HIGH-RISE,BROOKLYN,2024,9,63.91,0.01,10.719999999999999,0.0,0.0,12.06,-29.98
36,RESIDENTIAL HIGH-RISE,BROOKLYN,2024,10,56.699999999999996,0.01,9.68,0.0,0.0,9.03,-8.33
36,RESIDENTIAL HIGH-RISE,BROOKLYN,2024,11,98.25999999999999,0.02,15.93,0.0,0.0,11.63,17.37
36,RESIDENTIAL HIGH-RISE,BROOKLYN,2024,12,76.34,0.02,14.239999999999997,0.0,0.0,7.93,-33.0
37,MIXED-USE,BROOKLYN,2022,1,74.24,0.02,11.97,0.0,0.0,0.0,
37,MIXED-USE,BROOKLYN,2022,2,58.96,0.01,10.309999999999999,0.0,0.0,0.0,
37,MIXED-USE,BROOKLYN,2022,3,103.15000000000002,0.02,16.729999999999997,0.0,0.0,0.0,
37,MIXED-USE,BROOKLYN,2022,4,62.22,0.01,10.590000000000002,0.0,0.0,0.0,
37,MIXED-USE,BROOKLYN,2022,5,54.96,0.01,8.870000000000001,0.0,0.0,0.0,
37,MIXED-USE,BROOKLYN,2022,6,67.07,0.02,10.969999999999999,0.0,0.0,0.0,
37,MIXED-USE,BROOKLYN,2022,7,80.16999999999999,0.02,13.809999999999999,0.0,0.0,0.0,
37,MIXED-USE,BROOKLYN,2022,8,86.91,0.02,15.89,0.0,0.0,0.0,
37,MIXED-USE,BROOKLYN,2022,9,77.4,0.02,13.45,0.0,0.0,0.0,
37,MIXED-USE,BROOKLYN,2022,10,97.51,0.02,16.990000000000002,0.0,0.0,0.0,
37,MIXED-USE,BROOKLYN,2022,11,95.29999999999998,0.02,16.849999999999998,0.0,0.0,0.0,
37,MIXED-USE,BROOKLYN,2022,12,95.23,0.02,16.71,0.0,0.0,0.0,
37,MIXED-USE,BROOKLYN,2023,1,76.71999999999998,0.02,13.76,0.0,0.0,0.0,3.34
37,MIXED-USE,BROOKLYN,2023,2,64.66,0.02,11.52,0.0,0.0,0.0,9.67
37,MIXED-USE,BROOKLYN,2023,3,102.99000000000001,0.02,17.039999999999996,0.0,0.0,0.0,-0.16
37,MIXED-USE,BROOKLYN,2023,4,62.959999999999994,0.01,10.79,0.0,0.0,0.0,1.19
37,MIXED-USE,BROOKLYN,2023,5,58.57999999999999,0.01,10.07,0.0,0.0,0.0,6.59
37,MIXED-USE,BROOKLYN,2023,6,137.76,0.03,21.57,0.0,0.0,0.0,105.4
37,MIXED-USE,BROOKLYN,2023,7,91.29,0.02,15.63,0.0,0.0,0.0,13.87
37,MIXED-USE,BROOKLYN,2023,8,108.60999999999999,0.03,19.400000000000002,0.0,0.0,0.0,24.97
37,MIXED-USE,BROOKLYN,2023,9,63.8,0.01,11.31,0.0,0.0,0.0,-17.57
37,MIXED-USE,BROOKLYN,2023,10,38.64,0.01,6.990000000000001,0.0,0.0,0.0,-60.37
37,MIXED-USE,BROOKLYN,2023,11,57.42,0.01,10.110000000000001,0.0,0.0,0.0,-39.75
37,MIXED-USE,BROOKLYN,2023,12,90.42000000000002,0.02,15.399999999999999,0.0,0.0,0.0,-5.05
37,MIXED-USE,BROOKLYN,2024,1,72.07000000000001,0.02,12.259999999999998,0.0,0.0,0.0,-6.06
37,MIXED-USE,BROOKLYN,2024,2,90.39999999999999,0.02,15.04,0.0,0.0,0.0,39.81
37,MIXED-USE,BROOKLYN,2024,3,52.98,0.01,9.37,0.0,0.0,0.0,-48.56
37,MIXED-USE,BROOKLYN,2024,4,65.82,0.02,10.389999999999999,0.0,0.0,0.0,4.54
37,MIXED-USE,BROOKLYN,2024,5,70.9,0.02,12.28,0.0,0.0,0.0,21.03
37,MIXED-USE,BROOKLYN,2024,6,68.99999999999999,0.02,10.71,0.0,0.0,0.0,-49.91
37,MIXED-USE,BROOKLYN,2024,7,75.47999999999999,0.02,12.749999999999998,0.0,0.0,0.0,-17.32
37,MIXED-USE,BROOKLYN,2024,8,88.85999999999999,0.02,15.45,0.0,0.0,0.0,-18.18
37,MIXED-USE,BROOKLYN,2024,9,51.21000000000001,0.01,9.059999999999999,0.0,0.0,0.0,-19.73
37,MIXED-USE,BROOKLYN,2024,10,68.83,0.02,11.79,0.0,0.0,0.0,78.13
37,MIXED-USE,BROOKLYN,2024,11,96.31,0.02,16.549999999999997,0.0,0.0,0.0,67.73
37,MIXED-USE,BROOKLYN,2024,12,66.57000000000001,0.02,11.67,0.0,0.0,0.0,-26.38
38,MIXED-USE,STATEN ISLAND,2022,1,1543.2900000000002,0.36,248.3,0.0,0.0,8.11,
38,MIXED-USE,STATEN ISLAND,2022,2,1316.4,0.31,222.01000000000002,0.0,0.0,11.08,
38,MIXED-USE,STATEN ISLAND,2022,3,1954.46,0.46,353.25,0.0,0.0,8.31,
38,MIXED-USE,STATEN ISLAND,2022,4,1135.6299999999999,0.26,188.51,0.0,0.0,8.24,
38,MIXED-USE,STATEN ISLAND,2022,5,897.1000000000001,0.21,137.35000000000002,0.0,0.0,8.54,
38,MIXED-USE,STATEN ISLAND,2022,6,1278.3499999999997,0.3,221.84999999999997,0.0,0.0,11.21,
38,MIXED-USE,STATEN ISLAND,2022,7,1158.1600000000003,0.27,179.2,0.0,0.0,11.38,
38,MIXED-USE,STATEN ISLAND,2022,8,1357.05,0.32,221.93000000000004,0.0,0.0,12.03,
38,MIXED-USE,STATEN ISLAND,2022,9,1491.3499999999997,0.35,243.40000000000003,0.0,0.0,9.07,
38,MIXED-USE,STATEN ISLAND,2022,10,1591.6700000000003,0.37,262.91999999999996,0.0,0.0,10.98,
38,MIXED-USE,STATEN ISLAND,2022,11,1940.3999999999996,0.45,346.16,0.0,0.0,8.15,
38,MIXED-USE,STATEN ISLAND,2022,12,1931.5299999999997,0.45,338.6200000000001,0.0,0.0,10.26,
38,MIXED-USE,STATEN ISLAND,2023,1,1134.8,0.26,189.54000000000002,0.0,0.0,7.95,-26.47
38,MIXED-USE,STATEN ISLAND,2023,2,1030.26,0.24,160.70999999999998,0.0,0.0,9.35,-21.74
38,MIXED-USE,STATEN ISLAND,2023,3,1657.38,0.39,279.55,0.0,0.0,8.16,-15.2
38,MIXED-USE,STATEN ISLAND,2023,4,1120.6599999999999,0.26,190.56,0.0,0.0,9.8,-1.32
38,MIXED-USE,STATEN ISLAND,2023,5,1152.98,0.27,204.51,0.0,0.0,9.61,28.52
38,MIXED-USE,STATEN ISLAND,2023,6,2723.0299999999997,0.63,466.89,0.0,0.0,7.59,113.01
38,MIXED-USE,STATEN ISLAND,2023,7,1838.87,0.43,302.78,0.0,0.0,9.03,58.78
38,MIXED-USE,STATEN ISLAND,2023,8,1987.46,0.46,328.84000000000003,0.0,0.0,9.01,46.45
38,MIXED-USE,STATEN ISLAND,2023,9,1393.66,0.32,223.16000000000003,0.0,0.0,9.82,-6.55
38,MIXED-USE,STATEN ISLAND,2023,10,994.31,0.23,157.5,0.0,0.0,9.48,-37.53
38,MIXED-USE,STATEN ISLAND,2023,11,1153.5599999999997,0.27,197.49,0.0,0.0,11.85,-40.55
38,MIXED-USE,STATEN ISLAND,2023,12,1289.8400000000001,0.3,213.27,0.0,0.0,9.07,-33.22
38,MIXED-USE,STATEN ISLAND,2024,1,1318.29,0.31,214.91999999999996,0.0,0.0,8.46,16.17
38,MIXED-USE,STATEN ISLAND,2024,2,1574.0500000000002,0.37,277.71999999999997,0.0,0.0,10.06,52.78
38,MIXED-USE,STATEN ISLAND,2024,3,1210.7399999999998,0.28,228.92000000000002,0.0,0.0,10.8,-26.95
38,MIXED-USE,STATEN ISLAND,2024,4,1200.6699999999998,0.28,196.27000000000004,0.0,0.0,10.61,7.14
38,MIXED-USE,STATEN ISLAND,2024,5,1230.4099999999999,0.29,204.0,0.0,0.0,10.39,6.72
38,MIXED-USE,STATEN ISLAND,2024,6,1339.49,0.31,217.26,0.0,0.0,8.6,-50.81
38,MIXED-USE,STATEN ISLAND,2024,7,1567.06,0.37,253.37,0.0,0.0,10.68,-14.78
38,MIXED-USE,STATEN ISLAND,2024,8,1775.7599999999998,0.41,293.21000000000004,0.0,0.0,9.03,-10.65
38,MIXED-USE,STATEN ISLAND,2024,9,821.0699999999999,0.19,125.31,0.0,0.0,8.54,-41.09
38,MIXED-USE,STATEN ISLAND,2024,10,1227.7800000000002,0.29,216.57000000000002,0.0,0.0,10.25,23.48
38,MIXED-USE,STATEN ISLAND,2024,11,1815.8799999999999,0.42,297.39,0.0,0.0,14.34,57.42
38,MIXED-USE,STATEN ISLAND,2024,12,1161.0300000000002,0.27,200.9,0.0,0.0,11.13,-9.99
39,RETAIL,BRONX,2022,1,631.8000000000001,0.15,118.36999999999999,0.0,0.0,5.73,
39,RETAIL,BRONX,2022,2,487.95,0.11,83.72,0.0,0.0,7.02,
39,RETAIL,BRONX,2022,3,801.3900000000001,0.19,140.23,0.0,0.0,7.83,
39,RETAIL,BRONX,2022,4,463.42999999999995,0.11,78.88000000000001,0.0,0.0,10.28,
39,RETAIL,BRONX,2022,5,329.97,0.08,55.42,0.0,0.0,9.52,
39,RETAIL,BRONX,2022,6,285.06,0.07,50.96,0.0,0.0,10.76,
39,RETAIL,BRONX,2022,7,516.49,0.12,84.42,0.0,0.0,9.95,
39,RETAIL,BRONX,2022,8,689.0999999999999,0.16,116.19,0.0,0.0,9.54,
39,RETAIL,BRONX,2022,9,575.28,0.13,92.92000000000002,0.0,0.0,12.28,
39,RETAIL,BRONX,2022,10,636.1800000000001,0.15,106.39999999999999,0.0,0.0,11.72,
39,RETAIL,BRONX,2022,11,785.09,0.18,130.25,0.0,0.0,11.13,
39,RETAIL,BRONX,2022,12,723.2500000000001,0.17,116.75999999999999,0.0,0.0,9.95,
39,RETAIL,BRONX,2023,1,491.09000000000003,0.11,79.11,0.0,0.0,10.33,-22.27
39,RETAIL,BRONX,2023,2,445.88,0.1,76.5,0.0,0.0,5.34,-8.62
39,RETAIL,BRONX,2023,3,747.2100000000002,0.17,131.48,0.0,0.0,13.26,-6.76
39,RETAIL,BRONX,2023,4,424.03000000000003,0.1,72.35999999999999,0.0,0.0,10.78,-8.5
39,RETAIL,BRONX,2023,5,406.67999999999995,0.09,68.61,0.0,0.0,9.43,23.25
39,RETAIL,BRONX,2023,6,998.1099999999998,0.23,170.08,0.0,0.0,10.96,250.14
39,RETAIL,BRONX,2023,7,587.74,0.14,94.87,0.0,0.0,10.51,13.8
39,RETAIL,BRONX,2023,8,823.81,0.19,136.26,0.0,0.0,9.25,19.55
39,RETAIL,BRONX,2023,9,480.46000000000004,0.11,83.52,0.0,0.0,6.76,-16.48
39,RETAIL,BRONX,2023,10,402.85999999999996,0.09,69.72999999999999,0.0,0.0,13.04,-36.68
39,RETAIL,BRONX,2023,11,405.37,0.09,69.59,0.0,0.0,10.63,-48.37
39,RETAIL,BRONX,2023,12,717.2400000000001,0.17,126.35000000000002,0.0,0.0,10.34,-0.83
39,RETAIL,BRONX,2024,1,453.44000000000005,0.11,73.94,0.0,0.0,14.2,-7.67
39,RETAIL,BRONX,2024,2,591.44,0.14,107.86,0.0,0.0,9.14,32.65
39,RETAIL,BRONX,2024,3,396.80999999999995,0.09,75.77,0.0,0.0,9.47,-46.89
39,RETAIL,BRONX,2024,4,296.9,0.07,48.92,0.0,0.0,9.04,-29.98
39,RETAIL,BRONX,2024,5,466.45,0.11,72.07999999999998,0.0,0.0,7.99,14.7
39,RETAIL,BRONX,2024,6,455.13000000000005,0.11,70.93,0.0,0.0,8.37,-54.4
39,RETAIL,BRONX,2024,7,542.6700000000001,0.13,93.60000000000001,0.0,0.0,10.57,-7.67
39,RETAIL,BRONX,2024,8,586.91,0.14,98.57,0.0,0.0,8.99,-28.76
39,RETAIL,BRONX,2024,9,406.08000000000004,0.09,68.89999999999999,0.0,0.0,11.72,-15.48
39,RETAIL,BRONX,2024,10,409.03999999999996,0.1,70.85000000000002,0.0,0.0,10.77,1.53
39,RETAIL,BRONX,2024,11,727.4300000000001,0.17,125.61999999999999,0.0,0.0,11.73,79.45
39,RETAIL,BRONX,2024,12,541.89,0.13,92.80000000000001,0.0,0.0,13.07,-24.45
40,INDUSTRIAL,STATEN ISLAND,2022,1,347.76,0.08,61.6,0.0,0.0,10.23,
40,INDUSTRIAL,STATEN ISLAND,2022,2,231.29999999999995,0.05,41.56,0.0,0.0,7.01,
40,INDUSTRIAL,STATEN ISLAND,2022,3,470.12000000000006,0.11,79.41,0.0,0.0,11.14,
40,INDUSTRIAL,STATEN ISLAND,2022,4,333.39000000000004,0.08,51.83,0.0,0.0,8.34,
40,INDUSTRIAL,STATEN ISLAND,2022,5,253.86999999999998,0.06,46.550000000000004,0.0,0.0,10.29,
40,INDUSTRIAL,STATEN ISLAND,2022,6,227.32999999999998,0.05,35.96000000000001,0.0,0.0,9.65,
40,INDUSTRIAL,STATEN ISLAND,2022,7,334.53999999999996,0.08,56.370000000000005,0.0,0.0,13.16,
40,INDUSTRIAL,STATEN ISLAND,2022,8,365.65,0.09,63.57999999999999,0.0,0.0,9.93,
40,INDUSTRIAL,STATEN ISLAND,2022,9,291.01,0.07,51.54,0.0,0.0,7.46,
40,INDUSTRIAL,STATEN ISLAND,2022,10,393.66,0.09,68.98,0.0,0.0,10.92,
40,INDUSTRIAL,STATEN ISLAND,2022,11,416.49999999999994,0.1,72.95000000000002,0.0,0.0,9.94,
40,INDUSTRIAL,STATEN ISLAND,2022,12,429.96000000000004,0.1,67.42999999999999,0.0,0.0,8.95,
40,INDUSTRIAL,STATEN ISLAND,2023,1,258.09,0.06,39.65,0.0,0.0,13.01,-25.79
40,INDUSTRIAL,STATEN ISLAND,2023,2,282.48,0.07,48.94,0.0,0.0,10.97,22.13
40,INDUSTRIAL,STATEN ISLAND,2023,3,387.66,0.09,59.93000000000001,0.0,0.0,11.69,-17.54
40,INDUSTRIAL,STATEN ISLAND,2023,4,247.01,0.06,43.2,0.0,0.0,9.27,-25.91
40,INDUSTRIAL,STATEN ISLAND,2023,5,230.10999999999999,0.05,40.28999999999999,0.0,0.0,9.46,-9.36
40,INDUSTRIAL,STATEN ISLAND,2023,6,554.62,0.13,92.91999999999999,0.0,0.0,10.26,143.97
40,INDUSTRIAL,STATEN ISLAND,2023,7,402.24,0.09,72.89,0.0,0.0,9.1,20.24
40,INDUSTRIAL,STATEN ISLAND,2023,8,411.40999999999997,0.1,69.07000000000001,0.0,0.0,7.6,12.51
40,INDUSTRIAL,STATEN ISLAND,2023,9,292.73,0.07,48.7,0.0,0.0,9.75,0.59
40,INDUSTRIAL,STATEN ISLAND,2023,10,232.93999999999997,0.05,35.31,0.0,0.0,8.7,-40.83
40,INDUSTRIAL,STATEN ISLAND,2023,11,281.60999999999996,0.07,51.25000000000001,0.0,0.0,13.13,-32.39
40,INDUSTRIAL,STATEN ISLAND,2023,12,395.9799999999999,0.09,60.83,0.0,0.0,7.61,-7.9
40,INDUSTRIAL,STATEN ISLAND,2024,1,310.00999999999993,0.07,54.529999999999994,0.0,0.0,9.14,20.12
40,INDUSTRIAL,STATEN ISLAND,2024,2,355.53,0.08,57.01,0.0,0.0,12.99,25.86
40,INDUSTRIAL,STATEN ISLAND,2024,3,283.90999999999997,0.07,51.989999999999995,0.0,0.0,13.45,-26.76
40,INDUSTRIAL,STATEN ISLAND,2024,4,275.28000000000003,0.06,49.64000000000001,0.0,0.0,10.08,11.44
40,INDUSTRIAL,STATEN ISLAND,2024,5,244.22,0.06,40.56999999999999,0.0,0.0,10.01,6.13
40,INDUSTRIAL,STATEN ISLAND,2024,6,294.90000000000003,0.07,50.660000000000004,0.0,0.0,8.21,-46.83
40,INDUSTRIAL,STATEN ISLAND,2024,7,324.08,0.08,52.82000000000001,0.0,0.0,5.51,-19.43
40,INDUSTRIAL,STATEN ISLAND,2024,8,412.49999999999994,0.1,69.14,0.0,0.0,9.29,0.26
40,INDUSTRIAL,STATEN ISLAND,2024,9,210.29999999999998,0.05,37.28,0.0,0.0,10.04,-28.16
40,INDUSTRIAL,STATEN ISLAND,2024,10,261.35999999999996,0.06,43.44,0.0,0.0,9.43,12.2
40,INDUSTRIAL,STATEN ISLAND,2024,11,371.37,0.09,65.11999999999999,0.0,0.0,11.5,31.87
40,INDUSTRIAL,STATEN ISLAND,2024,12,279.91,0.07,46.510000000000005,0.0,0.0,9.95,-29.31
41,RETAIL,MANHATTAN,2022,1,495.06,0.12,77.55999999999999,0.0,0.0,0.0,
41,RETAIL,MANHATTAN,2022,2,443.87,0.1,81.66000000000001,0.0,0.0,0.0,
41,RETAIL,MANHATTAN,2022,3,654.61,0.15,117.61999999999999,0.0,0.0,0.0,
41,RETAIL,MANHATTAN,2022,4,544.64,0.13,93.0,0.0,0.0,0.0,
41,RETAIL,MANHATTAN,2022,5,326.83000000000004,0.08,54.19999999999999,0.0,0.0,0.0,
41,RETAIL,MANHATTAN,2022,6,410.57000000000005,0.1,68.31,0.0,0.0,0.0,
41,RETAIL,MANHATTAN,2022,7,579.6700000000001,0.14,100.11999999999999,0.0,0.0,0.0,
41,RETAIL,MANHATTAN,2022,8,691.77,0.16,122.39000000000001,0.0,0.0,0.0,
41,RETAIL,MANHATTAN,2022,9,425.8500000000001,0.1,77.21000000000001,0.0,0.0,0.0,
41,RETAIL,MANHATTAN,2022,10,641.35,0.15,105.78,0.0,0.0,0.0,
41,RETAIL,MANHATTAN,2022,11,767.68,0.18,134.31,0.0,0.0,0.0,
41,RETAIL,MANHATTAN,2022,12,664.34,0.15,117.46,0.0,0.0,0.0,
41,RETAIL,MANHATTAN,2023,1,483.24999999999994,0.11,73.22999999999999,0.0,0.0,0.0,-2.39
41,RETAIL,MANHATTAN,2023,2,443.31,0.1,75.03000000000002,0.0,0.0,0.0,-0.13
41,RETAIL,MANHATTAN,2023,3,639.8700000000001,0.15,111.39,0.0,0.0,0.0,-2.25
41,RETAIL,MANHATTAN,2023,4,416.09,0.1,72.63999999999999,0.0,0.0,0.0,-23.6
41,RETAIL,MANHATTAN,2023,5,482.49,0.11,85.42999999999999,0.0,0.0,0.0,47.63
41,RETAIL,MANHATTAN,2023,6,969.22,0.23,162.18000000000004,0.0,0.0,0.0,136.07
41,RETAIL,MANHATTAN,2023,7,660.6899999999999,0.15,124.92000000000002,0.0,0.0,0.0,13.98
41,RETAIL,MANHATTAN,2023,8,749.04,0.17,126.37000000000002,0.0,0.0,0.0,8.28
41,RETAIL,MANHATTAN,2023,9,519.88,0.12,85.71000000000001,0.0,0.0,0.0,22.08
41,RETAIL,MANHATTAN,2023,10,352.92999999999995,0.08,58.84,0.0,0.0,0.0,-44.97
41,RETAIL,MANHATTAN,2023,11,388.75000000000006,0.09,65.66999999999999,0.0,0.0,0.0,-49.36
41,RETAIL,MANHATTAN,2023,12,601.1899999999999,0.14,94.53000000000002,0.0,0.0,0.0,-9.51
41,RETAIL,MANHATTAN,2024,1,476.14000000000004,0.11,81.48,0.0,0.0,0.0,-1.47
41,RETAIL,MANHATTAN,2024,2,589.16,0.14,99.58,0.0,0.0,0.0,32.9
41,RETAIL,MANHATTAN,2024,3,411.0299999999999,0.1,62.459999999999994,0.0,0.0,0.0,-35.76
41,RETAIL,MANHATTAN,2024,4,394.55,0.09,61.849999999999994,0.0,0.0,0.0,-5.18
41,RETAIL,MANHATTAN,2024,5,409.69000000000005,0.1,71.27999999999999,0.0,0.0,0.0,-15.09
41,RETAIL,MANHATTAN,2024,6,430.04,0.1,76.33999999999999,0.0,0.0,0.0,-55.63
41,RETAIL,MANHATTAN,2024,7,548.09,0.13,95.49999999999999,0.0,0.0,0.0,-17.04
41,RETAIL,MANHATTAN,2024,8,560.78,0.13,94.80999999999999,0.0,0.0,0.0,-25.13
41,RETAIL,MANHATTAN,2024,9,366.30000000000007,0.09,62.660000000000004,0.0,0.0,0.0,-29.54
41,RETAIL,MANHATTAN,2024,10,464.0799999999999,0.11,78.9,0.0,0.0,0.0,31.49
41,RETAIL,MANHATTAN,2024,11,622.4699999999999,0.15,106.97,0.0,0.0,0.0,60.12
41,RETAIL,MANHATTAN,2024,12,511.48,0.12,91.17999999999999,0.0,0.0,0.0,-14.92
42,GOVERNMENT,STATEN ISLAND,2022,1,397.1,0.09,68.4,0.0,0.0,0.0,
42,GOVERNMENT,STATEN ISLAND,2022,2,367.68,0.09,61.9,0.0,0.0,0.0,
42,GOVERNMENT,STATEN ISLAND,2022,3,520.17,0.12,91.16,0.0,0.0,0.0,
42,GOVERNMENT,STATEN ISLAND,2022,4,341.63000000000005,0.08,57.95,0.0,0.0,0.0,
42,GOVERNMENT,STATEN ISLAND,2022,5,278.44,0.06,46.300000000000004,0.0,0.0,0.0,
42,GOVERNMENT,STATEN ISLAND,2022,6,377.67999999999995,0.09,71.4,0.0,0.0,0.0,
42,GOVERNMENT,STATEN ISLAND,2022,7,460.24,0.11,80.21000000000001,0.0,0.0,0.0,
42,GOVERNMENT,STATEN ISLAND,2022,8,432.4,0.1,70.64000000000001,0.0,0.0,0.0,
42,GOVERNMENT,STATEN ISLAND,2022,9,412.28,0.1,69.26,0.0,0.0,0.0,
42,GOVERNMENT,STATEN ISLAND,2022,10,416.56000000000006,0.1,69.39,0.0,0.0,0.0,
42,GOVERNMENT,STATEN ISLAND,2022,11,557.77,0.13,95.25000000000001,0.0,0.0,0.0,
42,GOVERNMENT,STATEN ISLAND,2022,12,521.42,0.12,94.28999999999999,0.0,0.0,0.0,
42,GOVERNMENT,STATEN ISLAND,2023,1,380.27,0.09,61.629999999999995,0.0,0.0,0.0,-4.24
42,GOVERNMENT,STATEN ISLAND,2023,2,294.21999999999997,0.07,47.63999999999999,0.0,0.0,0.0,-19.98
42,GOVERNMENT,STATEN ISLAND,2023,3,474.65000000000003,0.11,80.57000000000002,0.0,0.0,0.0,-8.75
42,GOVERNMENT,STATEN ISLAND,2023,4,333.02,0.08,59.52,0.0,0.0,0.0,-2.52
42,GOVERNMENT,STATEN ISLAND,2023,5,283.39000000000004,0.07,45.38,0.0,0.0,0.0,1.78
42,GOVERNMENT,STATEN ISLAND,2023,6,860.8199999999999,0.2,144.23000000000002,0.0,0.0,0.0,127.92
42,GOVERNMENT,STATEN ISLAND,2023,7,440.16,0.1,65.50999999999999,0.0,0.0,0.0,-4.36
42,GOVERNMENT,STATEN ISLAND,2023,8,625.32,0.15,103.66,0.0,0.0,0.0,44.62
42,GOVERNMENT,STATEN ISLAND,2023,9,384.54999999999995,0.09,62.370000000000005,0.0,0.0,0.0,-6.73
42,GOVERNMENT,STATEN ISLAND,2023,10,274.74,0.06,45.07,0.0,0.0,0.0,-34.05
42,GOVERNMENT,STATEN ISLAND,2023,11,337.2900000000001,0.08,55.709999999999994,0.0,0.0,0.0,-39.53
42,GOVERNMENT,STATEN ISLAND,2023,12,479.78999999999996,0.11,84.16,0.0,0.0,0.0,-7.98
42,GOVERNMENT,STATEN ISLAND,2024,1,372.95,0.09,63.84,0.0,0.0,0.0,-1.92
42,GOVERNMENT,STATEN ISLAND,2024,2,351.99,0.08,59.24,0.0,0.0,0.0,19.63
42,GOVERNMENT,STATEN ISLAND,2024,3,323.0799999999999,0.08,53.64,0.0,0.0,0.0,-31.93
42,GOVERNMENT,STATEN ISLAND,2024,4,264.98,0.06,44.39,0.0,0.0,0.0,-20.43
42,GOVERNMENT,STATEN ISLAND,2024,5,332.46999999999997,0.08,60.60999999999999,0.0,0.0,0.0,17.32
42,GOVERNMENT,STATEN ISLAND,2024,6,458.67999999999995,0.11,77.51999999999998,0.0,0.0,0.0,-46.72
42,GOVERNMENT,STATEN ISLAND,2024,7,399.54,0.09,69.5,0.0,0.0,0.0,-9.23
42,GOVERNMENT,STATEN ISLAND,2024,8,480.54,0.11,82.88000000000001,0.0,0.0,0.0,-23.15
42,GOVERNMENT,STATEN ISLAND,2024,9,239.55999999999997,0.06,38.730000000000004,0.0,0.0,0.0,-37.7
42,GOVERNMENT,STATEN ISLAND,2024,10,279.06,0.07,51.449999999999996,0.0,0.0,0.0,1.57
42,GOVERNMENT,STATEN ISLAND,2024,11,482.05,0.11,78.72,0.0,0.0,0.0,42.92
42,GOVERNMENT,STATEN ISLAND,2024,12,366.0,0.09,61.97,0.0,0.0,0.0,-23.72
43,RESIDENTIAL HIGH-RISE,MANHATTAN,2022,1,361.35999999999996,0.08,67.53999999999999,0.0,0.0,8.59,
43,RESIDENTIAL HIGH-RISE,MANHATTAN,2022,2,261.51,0.06,45.120000000000005,0.0,0.0,10.37,
43,RESIDENTIAL HIGH-RISE,MANHATTAN,2022,3,431.38,0.1,74.77999999999999,0.0,0.0,11.28,
43,RESIDENTIAL HIGH-RISE,MANHATTAN,2022,4,329.28999999999996,0.08,58.7,0.0,0.0,12.44,
43,RESIDENTIAL HIGH-RISE,MANHATTAN,2022,5,239.57,0.06,39.43000000000001,0.0,0.0,11.66,
43,RESIDENTIAL HIGH-RISE,MANHATTAN,2022,6,305.56,0.07,52.27,0.0,0.0,9.73,
43,RESIDENTIAL HIGH-RISE,MANHATTAN,2022,7,376.7299999999999,0.09,64.32000000000001,0.0,0.0,9.74,
43,RESIDENTIAL HIGH-RISE,MANHATTAN,2022,8,409.83,0.1,74.60000000000001,0.0,0.0,11.0,
43,RESIDENTIAL HIGH-RISE,MANHATTAN,2022,9,325.86,0.08,51.040000000000006,0.0,0.0,11.17,
43,RESIDENTIAL HIGH-RISE,MANHATTAN,2022,10,361.51000000000005,0.08,65.12,0.0,0.0,9.06,
43,RESIDENTIAL HIGH-RISE,MANHATTAN,2022,11,464.56000000000006,0.11,76.49,0.0,0.0,9.88,
43,RESIDENTIAL HIGH-RISE,MANHATTAN,2022,12,464.49,0.11,89.16,0.0,0.0,8.57,
43,RESIDENTIAL HIGH-RISE,MANHATTAN,2023,1,322.79,0.08,52.349999999999994,0.0,0.0,6.98,-10.67
43,RESIDENTIAL HIGH-RISE,MANHATTAN,2023,2,297.59,0.07,51.08999999999999,0.0,0.0,8.17,13.8
43,RESIDENTIAL HIGH-RISE,MANHATTAN,2023,3,446.21000000000004,0.1,74.48000000000002,0.0,0.0,13.14,3.44
43,RESIDENTIAL HIGH-RISE,MANHATTAN,2023,4,213.84,0.05,39.27,0.0,0.0,6.1,-35.06
43,RESIDENTIAL HIGH-RISE,MANHATTAN,2023,5,253.63,0.06,40.4,0.0,0.0,9.31,5.87
43,RESIDENTIAL HIGH-RISE,MANHATTAN,2023,6,707.2599999999998,0.16,116.72,0.0,0.0,11.9,131.46
43,RESIDENTIAL HIGH-RISE,MANHATTAN,2023,7,427.27000000000004,0.1,71.63000000000001,0.0,0.0,11.93,13.42
43,RESIDENTIAL HIGH-RISE,MANHATTAN,2023,8,529.8100000000001,0.12,92.57,0.0,0.0,9.35,29.28
43,RESIDENTIAL HIGH-RISE,MANHATTAN,2023,9,315.46000000000004,0.07,54.64,0.0,0.0,13.81,-3.19
43,RESIDENTIAL HIGH-RISE,MANHATTAN,2023,10,257.53,0.06,45.58,0.0,0.0,10.07,-28.76
43,RESIDENTIAL HIGH-RISE,MANHATTAN,2023,11,264.24,0.06,41.83000000000001,0.0,0.0,11.04,-43.12
43,RESIDENTIAL HIGH-RISE,MANHATTAN,2023,12,375.98,0.09,56.36999999999999,0.0,0.0,8.4,-19.06
43,RESIDENTIAL HIGH-RISE,MANHATTAN,2024,1,322.69,0.08,50.519999999999996,0.0,0.0,11.43,-0.03
43,RESIDENTIAL HIGH-RISE,MANHATTAN,2024,2,351.48,0.08,63.019999999999996,0.0,0.0,9.06,18.11
43,RESIDENTIAL HIGH-RISE,MANHATTAN,2024,3,240.11,0.06,37.86999999999999,0.0,0.0,9.1,-46.19
43,RESIDENTIAL HIGH-RISE,MANHATTAN,2024,4,258.21999999999997,0.06,44.0,0.0,0.0,9.6,20.75
43,RESIDENTIAL HIGH-RISE,MANHATTAN,2024,5,317.87,0.07,52.26999999999999,0.0,0.0,8.2,25.33
43,RESIDENTIAL HIGH-RISE,MANHATTAN,2024,6,326.24000000000007,0.08,56.68000000000001,0.0,0.0,8.88,-53.87
43,RESIDENTIAL HIGH-RISE,MANHATTAN,2024,7,376.06,0.09,66.69,0.0,0.0,6.77,-11.99
43,RESIDENTIAL HIGH-RISE,MANHATTAN,2024,8,396.0899999999999,0.09,68.47,0.0,0.0,13.29,-25.24
43,RESIDENTIAL HIGH-RISE,MANHATTAN,2024,9,217.85000000000002,0.05,35.46,0.0,0.0,11.48,-30.94
43,RESIDENTIAL HIGH-RISE,MANHATTAN,2024,10,316.23999999999995,0.07,54.21000000000001,0.0,0.0,8.69,22.8
43,RESIDENTIAL HIGH-RISE,MANHATTAN,2024,11,406.37,0.09,70.39,0.0,0.0,9.77,53.79
43,RESIDENTIAL HIGH-RISE,MANHATTAN,2024,12,321.22999999999996,0.07,52.67,0.0,0.0,9.32,-14.56
44,GOVERNMENT,QUEENS,2022,1,367.96999999999997,0.09,59.260000000000005,0.0,0.0,0.0,
44,GOVERNMENT,QUEENS,2022,2,305.69,0.07,49.089999999999996,0.0,0.0,0.0,
44,GOVERNMENT,QUEENS,2022,3,372.52,0.09,62.32,0.0,0.0,0.0,
44,GOVERNMENT,QUEENS,2022,4,365.09000000000003,0.09,59.62999999999999,0.0,0.0,0.0,
44,GOVERNMENT,QUEENS,2022,5,259.93,0.06,44.85000000000001,0.0,0.0,0.0,
44,GOVERNMENT,QUEENS,2022,6,323.33000000000004,0.08,56.13,0.0,0.0,0.0,
44,GOVERNMENT,QUEENS,2022,7,381.57000000000005,0.09,67.46,0.0,0.0,0.0,
44,GOVERNMENT,QUEENS,2022,8,408.24,0.1,69.47999999999999,0.0,0.0,0.0,
44,GOVERNMENT,QUEENS,2022,9,316.16,0.07,54.019999999999996,0.0,0.0,0.0,
44,GOVERNMENT,QUEENS,2022,10,455.6499999999999,0.11,75.01000000000002,0.0,0.0,0.0,
44,GOVERNMENT,QUEENS,2022,11,380.41,0.09,62.48000000000001,0.0,0.0,0.0,
44,GOVERNMENT,QUEENS,2022,12,397.32,0.09,67.82999999999998,0.0,0.0,0.0,
44,GOVERNMENT,QUEENS,2023,1,317.23,0.07,55.55,0.0,0.0,0.0,-13.79
44,GOVERNMENT,QUEENS,2023,2,322.86,0.08,57.650000000000006,0.0,0.0,0.0,5.62
44,GOVERNMENT,QUEENS,2023,3,423.18,0.1,75.24,0.0,0.0,0.0,13.6
44,GOVERNMENT,QUEENS,2023,4,295.15999999999997,0.07,56.36,0.0,0.0,0.0,-19.15
44,GOVERNMENT,QUEENS,2023,5,301.47,0.07,54.47,0.0,0.0,0.0,15.98
44,GOVERNMENT,QUEENS,2023,6,615.34,0.14,106.84,0.0,0.0,0.0,90.31
44,GOVERNMENT,QUEENS,2023,7,394.5199999999999,0.09,70.7,0.0,0.0,0.0,3.39
44,GOVERNMENT,QUEENS,2023,8,578.25,0.13,104.63999999999999,0.0,0.0,0.0,41.64
44,GOVERNMENT,QUEENS,2023,9,336.78,0.08,60.239999999999995,0.0,0.0,0.0,6.52
44,GOVERNMENT,QUEENS,2023,10,187.35000000000002,0.04,36.85,0.0,0.0,0.0,-58.88
44,GOVERNMENT,QUEENS,2023,11,328.83,0.08,54.94,0.0,0.0,0.0,-13.56
44,GOVERNMENT,QUEENS,2023,12,416.26000000000005,0.1,68.61,0.0,0.0,0.0,4.77
44,GOVERNMENT,QUEENS,2024,1,339.49,0.08,52.27,0.0,0.0,0.0,7.02
44,GOVERNMENT,QUEENS,2024,2,339.23999999999995,0.08,54.5,0.0,0.0,0.0,5.07
44,GOVERNMENT,QUEENS,2024,3,250.29999999999995,0.06,42.07000000000001,0.0,0.0,0.0,-40.85
44,GOVERNMENT,QUEENS,2024,4,268.41,0.06,47.129999999999995,0.0,0.0,0.0,-9.06
44,GOVERNMENT,QUEENS,2024,5,287.40999999999997,0.07,46.94,0.0,0.0,0.0,-4.66
44,GOVERNMENT,QUEENS,2024,6,365.14,0.09,60.839999999999996,0.0,0.0,0.0,-40.66
44,GOVERNMENT,QUEENS,2024,7,397.1499999999999,0.09,66.33999999999999,0.0,0.0,0.0,0.67
44,GOVERNMENT,QUEENS,2024,8,424.55,0.1,71.09,0.0,0.0,0.0,-26.58
44,GOVERNMENT,QUEENS,2024,9,216.88,0.05,39.21000000000001,0.0,0.0,0.0,-35.6
44,GOVERNMENT,QUEENS,2024,10,341.48,0.08,57.190000000000005,0.0,0.0,0.0,82.27
44,GOVERNMENT,QUEENS,2024,11,413.73,0.1,69.72,0.0,0.0,0.0,25.82
44,GOVERNMENT,QUEENS,2024,12,344.87,0.08,56.11000000000001,0.0,0.0,0.0,-17.15
45,INDUSTRIAL,QUEENS,2022,1,1424.48,0.33,219.95,0.0,0.0,11.14,
45,INDUSTRIAL,QUEENS,2022,2,1242.8,0.29,220.01999999999998,0.0,0.0,6.51,
45,INDUSTRIAL,QUEENS,2022,3,1643.95,0.38,297.68000000000006,0.0,0.0,9.5,
45,INDUSTRIAL,QUEENS,2022,4,1222.2,0.28,200.36,0.0,0.0,11.23,
45,INDUSTRIAL,QUEENS,2022,5,755.04,0.18,139.05,0.0,0.0,11.71,
45,INDUSTRIAL,QUEENS,2022,6,725.41,0.17,112.07,0.0,0.0,8.67,
45,INDUSTRIAL,QUEENS,2022,7,1336.17,0.31,209.32000000000005,0.0,0.0,9.19,
45,INDUSTRIAL,QUEENS,2022,8,1569.3899999999999,0.37,253.59000000000003,0.0,0.0,10.08,
45,INDUSTRIAL,QUEENS,2022,9,1224.54,0.29,209.33999999999997,0.0,0.0,7.79,
45,INDUSTRIAL,QUEENS,2022,10,1250.8900000000003,0.29,218.67,0.0,0.0,8.35,
45,INDUSTRIAL,QUEENS,2022,11,1755.42,0.41,281.94,0.0,0.0,10.1,
45,INDUSTRIAL,QUEENS,2022,12,1536.55,0.36,263.44,0.0,0.0,12.41,
45,INDUSTRIAL,QUEENS,2023,1,1071.18,0.25,176.81,0.0,0.0,10.13,-24.8
45,INDUSTRIAL,QUEENS,2023,2,870.38,0.2,144.51,0.0,0.0,9.18,-29.97
45,INDUSTRIAL,QUEENS,2023,3,1642.4399999999998,0.38,278.67999999999995,0.0,0.0,7.66,-0.09
45,INDUSTRIAL,QUEENS,2023,4,974.29,0.23,169.66000000000003,0.0,0.0,9.96,-20.28
45,INDUSTRIAL,QUEENS,2023,5,968.6499999999999,0.23,170.87,0.0,0.0,13.76,28.29
45,INDUSTRIAL,QUEENS,2023,6,2381.29,0.55,403.48999999999995,0.0,0.0,9.1,228.27
45,INDUSTRIAL,QUEENS,2023,7,1518.4499999999998,0.35,225.29,0.0,0.0,11.69,13.64
45,INDUSTRIAL,QUEENS,2023,8,1812.15,0.42,300.09999999999997,0.0,0.0,9.96,15.47
45,INDUSTRIAL,QUEENS,2023,9,1079.3700000000001,0.25,180.98999999999998,0.0,0.0,9.86,-11.86
45,INDUSTRIAL,QUEENS,2023,10,808.19,0.19,144.34,0.0,0.0,9.91,-35.39
45,INDUSTRIAL,QUEENS,2023,11,939.69,0.22,161.79,0.0,0.0,7.33,-46.47
45,INDUSTRIAL,QUEENS,2023,12,1628.96,0.38,277.27,0.0,0.0,9.96,6.01
45,INDUSTRIAL,QUEENS,2024,1,1122.23,0.26,189.05999999999997,0.0,0.0,8.41,4.77
45,INDUSTRIAL,QUEENS,2024,2,1309.2200000000003,0.31,200.16,0.0,0.0,10.6,50.42
45,INDUSTRIAL,QUEENS,2024,3,917.17,0.21,154.66000000000003,0.0,0.0,5.23,-44.16
45,INDUSTRIAL,QUEENS,2024,4,1116.8,0.26,182.39,0.0,0.0,9.68,14.63
45,INDUSTRIAL,QUEENS,2024,5,1090.28,0.25,197.48999999999998,0.0,0.0,9.12,12.56
45,INDUSTRIAL,QUEENS,2024,6,1036.15,0.24,189.36,0.0,0.0,12.09,-56.49
45,INDUSTRIAL,QUEENS,2024,7,933.3399999999999,0.22,151.8,0.0,0.0,12.65,-38.53
45,INDUSTRIAL,QUEENS,2024,8,1452.9700000000003,0.34,228.23,0.0,0.0,9.82,-19.82
45,INDUSTRIAL,QUEENS,2024,9,695.9799999999999,0.16,111.5,0.0,0.0,10.0,-35.52
45,INDUSTRIAL,QUEENS,2024,10,1129.28,0.26,193.88,0.0,0.0,9.09,39.73
45,INDUSTRIAL,QUEENS,2024,11,1667.54,0.39,267.84999999999997,0.0,0.0,9.5,77.46
45,INDUSTRIAL,QUEENS,2024,12,1314.0499999999997,0.31,226.99000000000004,0.0,0.0,10.67,-19.33
46,GOVERNMENT,BRONX,2022,1,825.53,0.19,153.76000000000002,0.0,0.0,0.0,
46,GOVERNMENT,BRONX,2022,2,750.5,0.17,135.77,0.0,0.0,0.0,
46,GOVERNMENT,BRONX,2022,3,1087.1200000000001,0.25,189.61,0.0,0.0,0.0,
46,GOVERNMENT,BRONX,2022,4,759.7,0.18,127.0,0.0,0.0,0.0,
46,GOVERNMENT,BRONX,2022,5,562.04,0.13,93.2,0.0,0.0,0.0,
46,GOVERNMENT,BRONX,2022,6,579.3899999999999,0.14,89.44999999999999,0.0,0.0,0.0,
46,GOVERNMENT,BRONX,2022,7,696.54,0.16,130.85000000000002,0.0,0.0,0.0,
46,GOVERNMENT,BRONX,2022,8,898.3299999999999,0.21,160.1,0.0,0.0,0.0,
46,GOVERNMENT,BRONX,2022,9,747.26,0.17,134.03000000000003,0.0,0.0,0.0,
46,GOVERNMENT,BRONX,2022,10,773.1,0.18,130.07,0.0,0.0,0.0,
46,GOVERNMENT,BRONX,2022,11,1058.38,0.25,182.05,0.0,0.0,0.0,
46,GOVERNMENT,BRONX,2022,12,1051.85,0.25,191.44,0.0,0.0,0.0,
46,GOVERNMENT,BRONX,2023,1,694.02,0.16,114.28000000000002,0.0,0.0,0.0,-15.93
46,GOVERNMENT,BRONX,2023,2,618.11,0.14,107.72999999999999,0.0,0.0,0.0,-17.64
46,GOVERNMENT,BRONX,2023,3,1030.6,0.24,172.76,0.0,0.0,0.0,-5.2
46,GOVERNMENT,BRONX,2023,4,526.76,0.12,94.92,0.0,0.0,0.0,-30.66
46,GOVERNMENT,BRONX,2023,5,547.64,0.13,87.91,0.0,0.0,0.0,-2.56
46,GOVERNMENT,BRONX,2023,6,1362.66,0.32,226.17999999999998,0.0,0.0,0.0,135.19
46,GOVERNMENT,BRONX,2023,7,1056.1599999999999,0.25,167.08,0.0,0.0,0.0,51.63
46,GOVERNMENT,BRONX,2023,8,1082.21,0.25,191.14000000000001,0.0,0.0,0.0,20.47
46,GOVERNMENT,BRONX,2023,9,820.57,0.19,146.53,0.0,0.0,0.0,9.81
46,GOVERNMENT,BRONX,2023,10,515.7299999999999,0.12,99.36,0.0,0.0,0.0,-33.29
46,GOVERNMENT,BRONX,2023,11,725.57,0.17,124.16,0.0,0.0,0.0,-31.45
46,GOVERNMENT,BRONX,2023,12,939.79,0.22,151.75,0.0,0.0,0.0,-10.65
46,GOVERNMENT,BRONX,2024,1,819.5600000000001,0.19,154.82,0.0,0.0,0.0,18.09
46,GOVERNMENT,BRONX,2024,2,884.01,0.21,153.57999999999998,0.0,0.0,0.0,43.02
46,GOVERNMENT,BRONX,2024,3,583.0200000000001,0.14,98.45,0.0,0.0,0.0,-43.43
46,GOVERNMENT,BRONX,2024,4,649.5699999999999,0.15,116.25,0.0,0.0,0.0,23.31
46,GOVERNMENT,BRONX,2024,5,694.7200000000001,0.16,116.77,0.0,0.0,0.0,26.86
46,GOVERNMENT,BRONX,2024,6,689.0500000000001,0.16,125.9,0.0,0.0,0.0,-49.43
46,GOVERNMENT,BRONX,2024,7,755.1799999999998,0.18,129.51999999999998,0.0,0.0,0.0,-28.5
46,GOVERNMENT,BRONX,2024,8,1000.5300000000001,0.23,167.92,0.0,0.0,0.0,-7.55
46,GOVERNMENT,BRONX,2024,9,428.13,0.1,75.58999999999999,0.0,0.0,0.0,-47.83
46,GOVERNMENT,BRONX,2024,10,665.1399999999999,0.15,117.1,0.0,0.0,0.0,28.97
46,GOVERNMENT,BRONX,2024,11,921.66,0.21,152.41999999999996,0.0,0.0,0.0,27.03
46,GOVERNMENT,BRONX,2024,12,719.6999999999999,0.17,113.52999999999999,0.0,0.0,0.0,-23.42
47,COMMERCIAL OFFICE,STATEN ISLAND,2022,1,1336.25,0.31,208.32000000000002,0.0,0.0,10.17,
47,COMMERCIAL OFFICE,STATEN ISLAND,2022,2,1257.5599999999997,0.29,222.04,0.0,0.0,10.67,
47,COMMERCIAL OFFICE,STATEN ISLAND,2022,3,1613.62,0.38,251.51,0.0,0.0,10.78,
47,COMMERCIAL OFFICE,STATEN ISLAND,2022,4,1145.2299999999998,0.27,208.15999999999997,0.0,0.0,12.16,
47,COMMERCIAL OFFICE,STATEN ISLAND,2022,5,887.96,0.21,160.3,0.0,0.0,10.84,
47,COMMERCIAL OFFICE,STATEN ISLAND,2022,6,952.01,0.22,144.14,0.0,0.0,10.08,
47,COMMERCIAL OFFICE,STATEN ISLAND,2022,7,1473.5800000000002,0.34,257.06,0.0,0.0,8.24,
47,COMMERCIAL OFFICE,STATEN ISLAND,2022,8,1240.0900000000001,0.29,207.07000000000005,0.0,0.0,9.22,
47,COMMERCIAL OFFICE,STATEN ISLAND,2022,9,1201.25,0.28,206.42000000000004,0.0,0.0,10.6,
47,COMMERCIAL OFFICE,STATEN ISLAND,2022,10,1281.4999999999998,0.3,209.35000000000002,0.0,0.0,11.92,
47,COMMERCIAL OFFICE,STATEN ISLAND,2022,11,1389.0100000000002,0.32,254.21,0.0,0.0,12.98,
47,COMMERCIAL OFFICE,STATEN ISLAND,2022,12,1528.1099999999997,0.36,251.17000000000004,0.0,0.0,9.0,
47,COMMERCIAL OFFICE,STATEN ISLAND,2023,1,1292.1000000000001,0.3,214.52000000000004,0.0,0.0,10.84,-3.3
47,COMMERCIAL OFFICE,STATEN ISLAND,2023,2,929.6,0.22,157.57999999999998,0.0,0.0,13.35,-26.08
47,COMMERCIAL OFFICE,STATEN ISLAND,2023,3,1805.0100000000002,0.42,318.75000000000006,0.0,0.0,12.44,11.86
47,COMMERCIAL OFFICE,STATEN ISLAND,2023,4,943.1500000000001,0.22,139.0,0.0,0.0,9.72,-17.65
47,COMMERCIAL OFFICE,STATEN ISLAND,2023,5,1080.23,0.25,186.99,0.0,0.0,8.6,21.65
47,COMMERCIAL OFFICE,STATEN ISLAND,2023,6,2663.0499999999993,0.62,467.86999999999995,0.0,0.0,9.66,179.73
47,COMMERCIAL OFFICE,STATEN ISLAND,2023,7,1608.0299999999995,0.37,278.25000000000006,0.0,0.0,10.87,9.12
47,COMMERCIAL OFFICE,STATEN ISLAND,2023,8,1942.37,0.45,317.71000000000004,0.0,0.0,11.41,56.63
47,COMMERCIAL OFFICE,STATEN ISLAND,2023,9,1174.99,0.27,199.32000000000005,0.0,0.0,9.68,-2.19
47,COMMERCIAL OFFICE,STATEN ISLAND,2023,10,813.5699999999999,0.19,136.81,0.0,0.0,5.74,-36.51
47,COMMERCIAL OFFICE,STATEN ISLAND,2023,11,987.73,0.23,163.89000000000001,0.0,0.0,11.01,-28.89
47,COMMERCIAL OFFICE,STATEN ISLAND,2023,12,1574.4699999999998,0.37,284.78999999999996,0.0,0.0,10.64,3.03
47,COMMERCIAL OFFICE,STATEN ISLAND,2024,1,1083.0700000000002,0.25,182.76000000000002,0.0,0.0,9.68,-16.18
47,COMMERCIAL OFFICE,STATEN ISLAND,2024,2,1359.2800000000002,0.32,232.39999999999998,0.0,0.0,11.81,46.22
47,COMMERCIAL OFFICE,STATEN ISLAND,2024,3,786.2600000000001,0.18,126.72999999999999,0.0,0.0,8.7,-56.44
47,COMMERCIAL OFFICE,STATEN ISLAND,2024,4,874.86,0.2,152.78,0.0,0.0,13.34,-7.24
47,COMMERCIAL OFFICE,STATEN ISLAND,2024,5,1069.57,0.25,189.94000000000003,0.0,0.0,11.2,-0.99
47,COMMERCIAL OFFICE,STATEN ISLAND,2024,6,1038.38,0.24,185.23,0.0,0.0,10.13,-61.01
47,COMMERCIAL OFFICE,STATEN ISLAND,2024,7,1274.3300000000002,0.3,216.42000000000002,0.0,0.0,9.48,-20.75
47,COMMERCIAL OFFICE,STATEN ISLAND,2024,8,1493.93,0.35,253.35,0.0,0.0,11.3,-23.09
47,COMMERCIAL OFFICE,STATEN ISLAND,2024,9,803.35,0.19,147.77,0.0,0.0,11.66,-31.63
47,COMMERCIAL OFFICE,STATEN ISLAND,2024,10,1099.5700000000002,0.26,199.18000000000004,0.0,0.0,12.37,35.15
47,COMMERCIAL OFFICE,STATEN ISLAND,2024,11,1469.1999999999996,0.34,261.21999999999997,0.0,0.0,8.63,48.75
47,COMMERCIAL OFFICE,STATEN ISLAND,2024,12,864.0,0.2,151.86999999999998,0.0,0.0,9.87,-45.12
48,RESIDENTIAL HIGH-RISE,QUEENS,2022,1,853.02,0.2,158.0,0.0,0.0,0.0,
48,RESIDENTIAL HIGH-RISE,QUEENS,2022,2,1031.6299999999999,0.24,177.35999999999999,0.0,0.0,0.0,
48,RESIDENTIAL HIGH-RISE,QUEENS,2022,3,1525.25,0.36,258.21,0.0,0.0,0.0,
48,RESIDENTIAL HIGH-RISE,QUEENS,2022,4,1012.4399999999998,0.24,180.39,0.0,0.0,0.0,
48,RESIDENTIAL HIGH-RISE,QUEENS,2022,5,664.8399999999999,0.15,113.72,0.0,0.0,0.0,
48,RESIDENTIAL HIGH-RISE,QUEENS,2022,6,1013.8000000000002,0.24,164.09,0.0,0.0,0.0,
48,RESIDENTIAL HIGH-RISE,QUEENS,2022,7,1173.99,0.27,200.35,0.0,0.0,0.0,
48,RESIDENTIAL HIGH-RISE,QUEENS,2022,8,1353.97,0.32,213.57,0.0,0.0,0.0,
48,RESIDENTIAL HIGH-RISE,QUEENS,2022,9,1026.93,0.24,174.91999999999996,0.0,0.0,0.0,
48,RESIDENTIAL HIGH-RISE,QUEENS,2022,10,1356.4699999999998,0.32,236.5,0.0,0.0,0.0,
48,RESIDENTIAL HIGH-RISE,QUEENS,2022,11,1477.8399999999997,0.34,257.97,0.0,0.0,0.0,
48,RESIDENTIAL HIGH-RISE,QUEENS,2022,12,1285.2299999999998,0.3,233.37,0.0,0.0,0.0,
48,RESIDENTIAL HIGH-RISE,QUEENS,2023,1,975.36,0.23,170.77,0.0,0.0,0.0,14.34
48,RESIDENTIAL HIGH-RISE,QUEENS,2023,2,806.69,0.19,138.14999999999998,0.0,0.0,0.0,-21.8
48,RESIDENTIAL HIGH-RISE,QUEENS,2023,3,1425.68,0.33,252.16,0.0,0.0,0.0,-6.53
48,RESIDENTIAL HIGH-RISE,QUEENS,2023,4,890.2300000000001,0.21,146.92999999999998,0.0,0.0,0.0,-12.07
48,RESIDENTIAL HIGH-RISE,QUEENS,2023,5,925.5299999999999,0.22,155.18,0.0,0.0,0.0,39.21
48,RESIDENTIAL HIGH-RISE,QUEENS,2023,6,1984.6699999999998,0.46,318.8300000000001,0.0,0.0,0.0,95.77
48,RESIDENTIAL HIGH-RISE,QUEENS,2023,7,1086.36,0.25,190.11,0.0,0.0,0.0,-7.46
48,RESIDENTIAL HIGH-RISE,QUEENS,2023,8,1491.92,0.35,257.84999999999997,0.0,0.0,0.0,10.19
48,RESIDENTIAL HIGH-RISE,QUEENS,2023,9,1068.6399999999999,0.25,185.54999999999998,0.0,0.0,0.0,4.06
48,RESIDENTIAL HIGH-RISE,QUEENS,2023,10,678.3100000000001,0.16,118.44000000000001,0.0,0.0,0.0,-49.99
48,RESIDENTIAL HIGH-RISE,QUEENS,2023,11,980.6600000000001,0.23,171.54,0.0,0.0,0.0,-33.64
48,RESIDENTIAL HIGH-RISE,QUEENS,2023,12,1324.7700000000002,0.31,236.77999999999997,0.0,0.0,0.0,3.08
48,RESIDENTIAL HIGH-RISE,QUEENS,2024,1,924.8100000000001,0.22,156.97000000000003,0.0,0.0,0.0,-5.18
48,RESIDENTIAL HIGH-RISE,QUEENS,2024,2,1194.8200000000002,0.28,197.18,0.0,0.0,0.0,48.11
48,RESIDENTIAL HIGH-RISE,QUEENS,2024,3,845.79,0.2,151.75,0.0,0.0,0.0,-40.67
48,RESIDENTIAL HIGH-RISE,QUEENS,2024,4,908.1499999999999,0.21,148.72,0.0,0.0,0.0,2.01
48,RESIDENTIAL HIGH-RISE,QUEENS,2024,5,957.6500000000001,0.22,174.39000000000001,0.0,0.0,0.0,3.47
48,RESIDENTIAL HIGH-RISE,QUEENS,2024,6,1161.1700000000003,0.27,195.5,0.0,0.0,0.0,-41.49
48,RESIDENTIAL HIGH-RISE,QUEENS,2024,7,1241.53,0.29,196.89000000000001,0.0,0.0,0.0,14.28
48,RESIDENTIAL HIGH-RISE,QUEENS,2024,8,1167.27,0.27,184.78,0.0,0.0,0.0,-21.76
48,RESIDENTIAL HIGH-RISE,QUEENS,2024,9,758.4,0.18,131.78,0.0,0.0,0.0,-29.03
48,RESIDENTIAL HIGH-RISE,QUEENS,2024,10,922.8399999999997,0.21,157.05999999999997,0.0,0.0,0.0,36.05
48,RESIDENTIAL HIGH-RISE,QUEENS,2024,11,1206.55,0.28,215.32,0.0,0.0,0.0,23.03
48,RESIDENTIAL HIGH-RISE,QUEENS,2024,12,1140.26,0.27,199.73000000000002,0.0,0.0,0.0,-13.93
49,RESIDENTIAL HIGH-RISE,QUEENS,2022,1,780.49,0.18,146.41,0.0,0.0,9.12,
49,RESIDENTIAL HIGH-RISE,QUEENS,2022,2,595.19,0.14,102.82,0.0,0.0,12.72,
49,RESIDENTIAL HIGH-RISE,QUEENS,2022,3,1000.87,0.23,160.21000000000004,0.0,0.0,13.35,
49,RESIDENTIAL HIGH-RISE,QUEENS,2022,4,674.36,0.16,115.37,0.0,0.0,9.14,
49,RESIDENTIAL HIGH-RISE,QUEENS,2022,5,577.53,0.13,97.13,0.0,0.0,10.8,
49,RESIDENTIAL HIGH-RISE,QUEENS,2022,6,789.78,0.18,121.25,0.0,0.0,9.93,
49,RESIDENTIAL HIGH-RISE,QUEENS,2022,7,720.27,0.17,123.4,0.0,0.0,9.83,
49,RESIDENTIAL HIGH-RISE,QUEENS,2022,8,952.2699999999999,0.22,166.97000000000003,0.0,0.0,9.47,
49,RESIDENTIAL HIGH-RISE,QUEENS,2022,9,630.27,0.15,103.01,0.0,0.0,10.65,
49,RESIDENTIAL HIGH-RISE,QUEENS,2022,10,966.5699999999999,0.23,154.29999999999995,0.0,0.0,9.26,
49,RESIDENTIAL HIGH-RISE,QUEENS,2022,11,1045.87,0.24,175.73000000000002,0.0,0.0,9.07,
49,RESIDENTIAL HIGH-RISE,QUEENS,2022,12,965.2199999999999,0.22,164.35999999999996,0.0,0.0,9.64,
49,RESIDENTIAL HIGH-RISE,QUEENS,2023,1,700.25,0.16,121.66999999999999,0.0,0.0,11.56,-10.28
49,RESIDENTIAL HIGH-RISE,QUEENS,2023,2,539.4000000000001,0.13,96.98,0.0,0.0,10.06,-9.37
49,RESIDENTIAL HIGH-RISE,QUEENS,2023,3,984.6200000000001,0.23,173.94999999999996,0.0,0.0,10.06,-1.62
49,RESIDENTIAL HIGH-RISE,QUEENS,2023,4,604.7,0.14,99.75999999999999,0.0,0.0,10.41,-10.33
49,RESIDENTIAL HIGH-RISE,QUEENS,2023,5,534.09,0.12,90.28,0.0,0.0,9.57,-7.52
49,RESIDENTIAL HIGH-RISE,QUEENS,2023,6,1587.45,0.37,257.84000000000003,0.0,0.0,11.14,101.0
49,RESIDENTIAL HIGH-RISE,QUEENS,2023,7,963.75,0.22,161.8,0.0,0.0,7.64,33.8
49,RESIDENTIAL HIGH-RISE,QUEENS,2023,8,1220.12,0.28,201.21,0.0,0.0,10.39,28.13
49,RESIDENTIAL HIGH-RISE,QUEENS,2023,9,724.3599999999999,0.17,125.56,0.0,0.0,11.32,14.93
49,RESIDENTIAL HIGH-RISE,QUEENS,2023,10,527.3399999999999,0.12,92.96000000000001,0.0,0.0,6.98,-45.44
49,RESIDENTIAL HIGH-RISE,QUEENS,2023,11,636.3699999999999,0.15,105.53,0.0,0.0,8.86,-39.15
49,RESIDENTIAL HIGH-RISE,QUEENS,2023,12,778.82,0.18,138.20000000000002,0.0,0.0,11.23,-19.31
49,RESIDENTIAL HIGH-RISE,QUEENS,2024,1,774.0400000000001,0.18,132.54,0.0,0.0,9.36,10.54
49,RESIDENTIAL HIGH-RISE,QUEENS,2024,2,739.3299999999999,0.17,125.43,0.0,0.0,10.24,37.07
49,RESIDENTIAL HIGH-RISE,QUEENS,2024,3,631.0,0.15,104.51999999999998,0.0,0.0,10.45,-35.91
49,RESIDENTIAL HIGH-RISE,QUEENS,2024,4,600.0099999999999,0.14,99.33,0.0,0.0,7.82,-0.78
49,RESIDENTIAL HIGH-RISE,QUEENS,2024,5,609.47,0.14,104.47999999999999,0.0,0.0,9.9,14.11
49,RESIDENTIAL HIGH-RISE,QUEENS,2024,6,721.16,0.17,120.64999999999999,0.0,0.0,13.11,-54.57
49,RESIDENTIAL HIGH-RISE,QUEENS,2024,7,854.74,0.2,143.34,0.0,0.0,8.88,-11.31
49,RESIDENTIAL HIGH-RISE,QUEENS,2024,8,1025.17,0.24,166.41000000000003,0.0,0.0,7.95,-15.98
49,RESIDENTIAL HIGH-RISE,QUEENS,2024,9,359.27,0.08,56.08,0.0,0.0,9.47,-50.4
49,RESIDENTIAL HIGH-RISE,QUEENS,2024,10,622.02,0.14,113.35000000000001,0.0,0.0,8.63,17.95
49,RESIDENTIAL HIGH-RISE,QUEENS,2024,11,1016.2300000000001,0.24,160.21,0.0,0.0,8.83,59.69
49,RESIDENTIAL HIGH-RISE,QUEENS,2024,12,726.5100000000001,0.17,130.3,0.0,0.0,11.14,-6.72
50,COMMERCIAL OFFICE,BRONX,2022,1,1847.68,0.43,305.77000000000004,0.0,0.0,0.0,
50,COMMERCIAL OFFICE,BRONX,2022,2,1315.84,0.31,223.5,0.0,0.0,0.0,
50,COMMERCIAL OFFICE,BRONX,2022,3,1876.5600000000002,0.44,290.03000000000003,0.0,0.0,0.0,
50,COMMERCIAL OFFICE,BRONX,2022,4,1600.64,0.37,258.74,0.0,0.0,0.0,
50,COMMERCIAL OFFICE,BRONX,2022,5,1034.19,0.24,183.61,0.0,0.0,0.0,
50,COMMERCIAL OFFICE,BRONX,2022,6,1310.8,0.31,220.98000000000005,0.0,0.0,0.0,
50,COMMERCIAL OFFICE,BRONX,2022,7,1744.4199999999996,0.41,292.44000000000005,0.0,0.0,0.0,
50,COMMERCIAL OFFICE,BRONX,2022,8,2258.5699999999997,0.53,401.95000000000005,0.0,0.0,0.0,
50,COMMERCIAL OFFICE,BRONX,2022,9,1549.06,0.36,245.33000000000004,0.0,0.0,0.0,
50,COMMERCIAL OFFICE,BRONX,2022,10,1623.3899999999999,0.38,258.94000000000005,0.0,0.0,0.0,
50,COMMERCIAL OFFICE,BRONX,2022,11,2295.0499999999997,0.53,352.31999999999994,0.0,0.0,0.0,
50,COMMERCIAL OFFICE,BRONX,2022,12,2023.97,0.47,313.94,0.0,0.0,0.0,
50,COMMERCIAL OFFICE,BRONX,2023,1,1518.06,0.35,251.95,0.0,0.0,0.0,-17.84
50,COMMERCIAL OFFICE,BRONX,2023,2,1223.99,0.29,219.64,0.0,0.0,0.0,-6.98
50,COMMERCIAL OFFICE,BRONX,2023,3,2100.47,0.49,366.91999999999996,0.0,0.0,0.0,11.93
50,COMMERCIAL OFFICE,BRONX,2023,4,1375.13,0.32,250.52999999999997,0.0,0.0,0.0,-14.09
50,COMMERCIAL OFFICE,BRONX,2023,5,1334.37,0.31,249.20999999999998,0.0,0.0,0.0,29.03
50,COMMERCIAL OFFICE,BRONX,2023,6,3187.4,0.74,552.93,0.0,0.0,0.0,143.16
50,COMMERCIAL OFFICE,BRONX,2023,7,1963.18,0.46,356.24,0.0,0.0,0.0,12.54
50,COMMERCIAL OFFICE,BRONX,2023,8,1933.62,0.45,297.98,0.0,0.0,0.0,-14.39
50,COMMERCIAL OFFICE,BRONX,2023,9,1304.53,0.3,246.26999999999998,0.0,0.0,0.0,-15.79
50,COMMERCIAL OFFICE,BRONX,2023,10,846.26,0.2,138.09,0.0,0.0,0.0,-47.87
50,COMMERCIAL OFFICE,BRONX,2023,11,1560.9100000000003,0.36,253.54000000000002,0.0,0.0,0.0,-31.99
50,COMMERCIAL OFFICE,BRONX,2023,12,1671.6399999999999,0.39,271.45000000000005,0.0,0.0,0.0,-17.41
50,COMMERCIAL OFFICE,BRONX,2024,1,1587.4599999999998,0.37,276.06,0.0,0.0,0.0,4.57
50,COMMERCIAL OFFICE,BRONX,2024,2,1725.34,0.4,324.86,0.0,0.0,0.0,40.96
50,COMMERCIAL OFFICE,BRONX,2024,3,1180.71,0.28,196.45,0.0,0.0,0.0,-43.79
50,COMMERCIAL OFFICE,BRONX,2024,4,1285.8400000000001,0.3,204.39999999999998,0.0,0.0,0.0,-6.49
50,COMMERCIAL OFFICE,BRONX,2024,5,1334.6399999999999,0.31,216.08,0.0,0.0,0.0,0.02
50,COMMERCIAL OFFICE,BRONX,2024,6,1507.9399999999998,0.35,256.80000000000007,0.0,0.0,0.0,-52.69
50,COMMERCIAL OFFICE,BRONX,2024,7,1537.3899999999999,0.36,250.76000000000002,0.0,0.0,0.0,-21.69
50,COMMERCIAL OFFICE,BRONX,2024,8,1430.4100000000003,0.33,238.61,0.0,0.0,0.0,-26.02
50,COMMERCIAL OFFICE,BRONX,2024,9,1160.88,0.27,225.31000000000003,0.0,0.0,0.0,-11.01
50,COMMERCIAL OFFICE,BRONX,2024,10,1235.93,0.29,191.27,0.0,0.0,0.0,46.05
50,COMMERCIAL OFFICE,BRONX,2024,11,1934.1000000000001,0.45,326.31000000000006,0.0,0.0,0.0,23.91
50,COMMERCIAL OFFICE,BRONX,2024,12,1455.9299999999998,0.34,235.96000000000004,0.0,0.0,0.0,-12.9
51,GOVERNMENT,BROOKLYN,2022,1,1007.76,0.23,166.27000000000004,0.0,0.0,11.75,
51,GOVERNMENT,BROOKLYN,2022,2,1028.23,0.24,161.14,0.0,0.0,11.04,
51,GOVERNMENT,BROOKLYN,2022,3,1487.4699999999998,0.35,251.60999999999996,0.0,0.0,11.53,
51,GOVERNMENT,BROOKLYN,2022,4,1083.2700000000002,0.25,178.26,0.0,0.0,7.77,
51,GOVERNMENT,BROOKLYN,2022,5,636.89,0.15,109.12,0.0,0.0,10.84,
51,GOVERNMENT,BROOKLYN,2022,6,918.0799999999999,0.21,157.09,0.0,0.0,10.33,
51,GOVERNMENT,BROOKLYN,2022,7,1184.4099999999999,0.28,202.76999999999998,0.0,0.0,12.47,
51,GOVERNMENT,BROOKLYN,2022,8,1255.48,0.29,209.02,0.0,0.0,12.45,
51,GOVERNMENT,BROOKLYN,2022,9,1030.26,0.24,183.79999999999998,0.0,0.0,11.27,
51,GOVERNMENT,BROOKLYN,2022,10,1345.3,0.31,226.89999999999998,0.0,0.0,9.15,
51,GOVERNMENT,BROOKLYN,2022,11,1616.6,0.38,267.71,0.0,0.0,11.53,
51,GOVERNMENT,BROOKLYN,2022,12,1206.9299999999998,0.28,194.55000000000004,0.0,0.0,11.44,
51,GOVERNMENT,BROOKLYN,2023,1,805.81,0.19,136.82999999999998,0.0,0.0,14.39,-20.04
51,GOVERNMENT,BROOKLYN,2023,2,766.7700000000001,0.18,129.93,0.0,0.0,7.08,-25.43
51,GOVERNMENT,BROOKLYN,2023,3,1471.7400000000002,0.34,259.49,0.0,0.0,8.52,-1.06
51,GOVERNMENT,BROOKLYN,2023,4,845.1500000000001,0.2,161.3,0.0,0.0,9.37,-21.98
51,GOVERNMENT,BROOKLYN,2023,5,886.78,0.21,147.93,0.0,0.0,11.65,39.24
51,GOVERNMENT,BROOKLYN,2023,6,2117.68,0.49,331.73,0.0,0.0,10.43,130.66
51,GOVERNMENT,BROOKLYN,2023,7,1350.3099999999997,0.31,218.75,0.0,0.0,12.49,14.01
51,GOVERNMENT,BROOKLYN,2023,8,1396.2400000000002,0.33,234.89,0.0,0.0,8.37,11.21
51,GOVERNMENT,BROOKLYN,2023,9,906.3699999999999,0.21,154.88,0.0,0.0,8.96,-12.03
51,GOVERNMENT,BROOKLYN,2023,10,620.9,0.14,96.87,0.0,0.0,9.53,-53.85
51,GOVERNMENT,BROOKLYN,2023,11,1017.0799999999999,0.24,171.35,0.0,0.0,10.42,-37.09
51,GOVERNMENT,BROOKLYN,2023,12,1198.8500000000001,0.28,221.51,0.0,0.0,11.75,-0.67
51,GOVERNMENT,BROOKLYN,2024,1,959.3299999999999,0.22,177.11999999999998,0.0,0.0,7.24,19.05
51,GOVERNMENT,BROOKLYN,2024,2,1123.1200000000001,0.26,194.79,0.0,0.0,7.17,46.47
51,GOVERNMENT,BROOKLYN,2024,3,767.56,0.18,126.0,0.0,0.0,11.37,-47.85
51,GOVERNMENT,BROOKLYN,2024,4,906.67,0.21,149.44000000000003,0.0,0.0,10.25,7.28
51,GOVERNMENT,BROOKLYN,2024,5,1029.12,0.24,166.49,0.0,0.0,14.03,16.05
51,GOVERNMENT,BROOKLYN,2024,6,1026.6899999999998,0.24,186.65,0.0,0.0,8.09,-51.52
51,GOVERNMENT,BROOKLYN,2024,7,1032.14,0.24,168.19,0.0,0.0,6.76,-23.56
51,GOVERNMENT,BROOKLYN,2024,8,1423.05,0.33,259.58,0.0,0.0,10.13,1.92
51,GOVERNMENT,BROOKLYN,2024,9,698.38,0.16,127.83,0.0,0.0,9.66,-22.95
51,GOVERNMENT,BROOKLYN,2024,10,1023.72,0.24,172.60999999999999,0.0,0.0,10.79,64.88
51,GOVERNMENT,BROOKLYN,2024,11,1403.7600000000002,0.33,243.73999999999995,0.0,0.0,10.27,38.02
51,GOVERNMENT,BROOKLYN,2024,12,1018.47,0.24,158.17999999999998,0.0,0.0,9.32,-15.05
52,INDUSTRIAL,BROOKLYN,2022,1,1192.92,0.28,199.4,0.0,0.0,11.33,
52,INDUSTRIAL,BROOKLYN,2022,2,1254.9999999999998,0.29,209.38,0.0,0.0,8.35,
52,INDUSTRIAL,BROOKLYN,2022,3,1848.79,0.43,315.76000000000005,0.0,0.0,8.49,
52,INDUSTRIAL,BROOKLYN,2022,4,1339.2400000000002,0.31,221.9,0.0,0.0,8.57,
52,INDUSTRIAL,BROOKLYN,2022,5,1005.87,0.23,169.15000000000003,0.0,0.0,8.67,
52,INDUSTRIAL,BROOKLYN,2022,6,950.3500000000001,0.22,167.37,0.0,0.0,10.37,
52,INDUSTRIAL,BROOKLYN,2022,7,1426.46,0.33,248.69,0.0,0.0,7.41,
52,INDUSTRIAL,BROOKLYN,2022,8,1311.35,0.31,217.62000000000003,0.0,0.0,9.06,
52,INDUSTRIAL,BROOKLYN,2022,9,1399.85,0.33,248.99999999999994,0.0,0.0,10.27,
52,INDUSTRIAL,BROOKLYN,2022,10,1543.3199999999997,0.36,256.94,0.0,0.0,11.33,
52,INDUSTRIAL,BROOKLYN,2022,11,1841.2899999999995,0.43,302.16999999999996,0.0,0.0,9.58,
52,INDUSTRIAL,BROOKLYN,2022,12,1762.4599999999998,0.41,289.54999999999995,0.0,0.0,8.67,
52,INDUSTRIAL,BROOKLYN,2023,1,1184.5500000000002,0.28,182.5,0.0,0.0,7.99,-0.7
52,INDUSTRIAL,BROOKLYN,2023,2,1172.6699999999998,0.27,199.47000000000003,0.0,0.0,10.93,-6.56
52,INDUSTRIAL,BROOKLYN,2023,3,1702.5,0.4,297.74,0.0,0.0,8.97,-7.91
52,INDUSTRIAL,BROOKLYN,2023,4,1141.62,0.27,203.78,0.0,0.0,10.55,-14.76
52,INDUSTRIAL,BROOKLYN,2023,5,941.83,0.22,158.18,0.0,0.0,8.98,-6.37
52,INDUSTRIAL,BROOKLYN,2023,6,2608.48,0.61,465.18999999999994,0.0,0.0,8.25,174.48
52,INDUSTRIAL,BROOKLYN,2023,7,1574.6,0.37,268.73,0.0,0.0,11.24,10.39
52,INDUSTRIAL,BROOKLYN,2023,8,1714.3500000000004,0.4,284.26,0.0,0.0,11.77,30.73
52,INDUSTRIAL,BROOKLYN,2023,9,1281.7900000000002,0.3,204.77,0.0,0.0,11.49,-8.43
52,INDUSTRIAL,BROOKLYN,2023,10,903.32,0.21,147.72000000000003,0.0,0.0,8.27,-41.47
52,INDUSTRIAL,BROOKLYN,2023,11,1185.8200000000002,0.28,201.01999999999998,0.0,0.0,11.07,-35.6
52,INDUSTRIAL,BROOKLYN,2023,12,1647.13,0.38,291.45,0.0,0.0,7.3,-6.54
52,INDUSTRIAL,BROOKLYN,2024,1,1049.6,0.24,188.02999999999997,0.0,0.0,13.64,-11.39
52,INDUSTRIAL,BROOKLYN,2024,2,1494.2399999999998,0.35,278.23999999999995,0.0,0.0,10.0,27.42
52,INDUSTRIAL,BROOKLYN,2024,3,929.1700000000001,0.22,145.03,0.0,0.0,11.17,-45.42
52,INDUSTRIAL,BROOKLYN,2024,4,1023.9499999999999,0.24,166.82,0.0,0.0,11.2,-10.31
52,INDUSTRIAL,BROOKLYN,2024,5,1059.16,0.25,176.11,0.0,0.0,11.57,12.46
52,INDUSTRIAL,BROOKLYN,2024,6,1147.4399999999998,0.27,169.60000000000002,0.0,0.0,10.71,-56.01
52,INDUSTRIAL,BROOKLYN,2024,7,1146.32,0.27,195.41000000000003,0.0,0.0,10.42,-27.2
52,INDUSTRIAL,BROOKLYN,2024,8,1707.0600000000002,0.4,277.92999999999995,0.0,0.0,11.34,-0.43
52,INDUSTRIAL,BROOKLYN,2024,9,875.43,0.2,144.47,0.0,0.0,13.68,-31.7
52,INDUSTRIAL,BROOKLYN,2024,10,1169.44,0.27,186.54000000000002,0.0,0.0,8.73,29.46
52,INDUSTRIAL,BROOKLYN,2024,11,1573.3600000000004,0.37,262.48,0.0,0.0,9.52,32.68
52,INDUSTRIAL,BROOKLYN,2024,12,1135.97,0.26,196.27,0.0,0.0,11.59,-31.03
53,GOVERNMENT,BROOKLYN,2022,1,403.62,0.09,65.42,0.0,0.0,0.0,
53,GOVERNMENT,BROOKLYN,2022,2,270.96000000000004,0.06,46.07,0.0,0.0,0.0,
53,GOVERNMENT,BROOKLYN,2022,3,453.43,0.11,77.32,0.0,0.0,0.0,
53,GOVERNMENT,BROOKLYN,2022,4,395.1,0.09,68.82,0.0,0.0,0.0,
53,GOVERNMENT,BROOKLYN,2022,5,276.7,0.06,48.510000000000005,0.0,0.0,0.0,
53,GOVERNMENT,BROOKLYN,2022,6,316.5,0.07,57.25000000000001,0.0,0.0,0.0,
53,GOVERNMENT,BROOKLYN,2022,7,374.78,0.09,59.400000000000006,0.0,0.0,0.0,
53,GOVERNMENT,BROOKLYN,2022,8,540.12,0.13,84.47000000000001,0.0,0.0,0.0,
53,GOVERNMENT,BROOKLYN,2022,9,435.71,0.1,70.67,0.0,0.0,0.0,
53,GOVERNMENT,BROOKLYN,2022,10,465.96000000000004,0.11,79.69000000000001,0.0,0.0,0.0,
53,GOVERNMENT,BROOKLYN,2022,11,529.61,0.12,92.63999999999999,0.0,0.0,0.0,
53,GOVERNMENT,BROOKLYN,2022,12,401.78,0.09,66.78000000000002,0.0,0.0,0.0,
53,GOVERNMENT,BROOKLYN,2023,1,356.30999999999995,0.08,63.04,0.0,0.0,0.0,-11.72
53,GOVERNMENT,BROOKLYN,2023,2,335.3,0.08,54.94,0.0,0.0,0.0,23.75
53,GOVERNMENT,BROOKLYN,2023,3,458.91,0.11,79.48,0.0,0.0,0.0,1.21
53,GOVERNMENT,BROOKLYN,2023,4,281.56,0.07,50.84,0.0,0.0,0.0,-28.74
53,GOVERNMENT,BROOKLYN,2023,5,286.12999999999994,0.07,42.84,0.0,0.0,0.0,3.41
53,GOVERNMENT,BROOKLYN,2023,6,792.9000000000002,0.18,138.38,0.0,0.0,0.0,150.52
53,GOVERNMENT,BROOKLYN,2023,7,506.70000000000005,0.12,91.27999999999999,0.0,0.0,0.0,35.2
53,GOVERNMENT,BROOKLYN,2023,8,637.68,0.15,104.85000000000004,0.0,0.0,0.0,18.06
53,GOVERNMENT,BROOKLYN,2023,9,263.36,0.06,46.12,0.0,0.0,0.0,-39.56
53,GOVERNMENT,BROOKLYN,2023,10,257.57,0.06,37.349999999999994,0.0,0.0,0.0,-44.72
53,GOVERNMENT,BROOKLYN,2023,11,338.97,0.08,55.06,0.0,0.0,0.0,-36.0
53,GOVERNMENT,BROOKLYN,2023,12,508.88000000000005,0.12,89.29999999999998,0.0,0.0,0.0,26.66
53,GOVERNMENT,BROOKLYN,2024,1,341.97,0.08,60.519999999999996,0.0,0.0,0.0,-4.02
53,GOVERNMENT,BROOKLYN,2024,2,412.4800000000001,0.1,69.39,0.0,0.0,0.0,23.02
53,GOVERNMENT,BROOKLYN,2024,3,309.14,0.07,52.89,0.0,0.0,0.0,-32.64
53,GOVERNMENT,BROOKLYN,2024,4,322.68,0.08,50.71,0.0,0.0,0.0,14.6
53,GOVERNMENT,BROOKLYN,2024,5,323.62999999999994,0.08,54.8,0.0,0.0,0.0,13.11
53,GOVERNMENT,BROOKLYN,2024,6,354.69,0.08,61.45,0.0,0.0,0.0,-55.27
53,GOVERNMENT,BROOKLYN,2024,7,387.75999999999993,0.09,64.62,0.0,0.0,0.0,-23.47
53,GOVERNMENT,BROOKLYN,2024,8,437.88,0.1,77.61,0.0,0.0,0.0,-31.33
53,GOVERNMENT,BROOKLYN,2024,9,252.06999999999996,0.06,46.92,0.0,0.0,0.0,-4.29
53,GOVERNMENT,BROOKLYN,2024,10,315.03999999999996,0.07,52.16000000000001,0.0,0.0,0.0,22.31
53,GOVERNMENT,BROOKLYN,2024,11,484.2899999999999,0.11,81.83000000000001,0.0,0.0,0.0,42.87
53,GOVERNMENT,BROOKLYN,2024,12,350.64,0.08,56.98,0.0,0.0,0.0,-31.1
54,GOVERNMENT,STATEN ISLAND,2022,1,446.3399999999999,0.1,77.56,0.0,0.0,11.63,
54,GOVERNMENT,STATEN ISLAND,2022,2,446.39,0.1,77.44999999999999,0.0,0.0,9.06,
54,GOVERNMENT,STATEN ISLAND,2022,3,679.6100000000001,0.16,123.13,0.0,0.0,9.8,
54,GOVERNMENT,STATEN ISLAND,2022,4,357.96999999999997,0.08,61.260000000000005,0.0,0.0,9.71,
54,GOVERNMENT,STATEN ISLAND,2022,5,345.95000000000005,0.08,55.68,0.0,0.0,8.5,
54,GOVERNMENT,STATEN ISLAND,2022,6,429.90999999999997,0.1,74.02,0.0,0.0,9.67,
54,GOVERNMENT,STATEN ISLAND,2022,7,514.2900000000001,0.12,89.05,0.0,0.0,10.09,
54,GOVERNMENT,STATEN ISLAND,2022,8,456.40999999999997,0.11,85.02000000000001,0.0,0.0,11.9,
54,GOVERNMENT,STATEN ISLAND,2022,9,395.9,0.09,61.150000000000006,0.0,0.0,14.04,
54,GOVERNMENT,STATEN ISLAND,2022,10,470.82000000000005,0.11,81.95,0.0,0.0,7.59,
54,GOVERNMENT,STATEN ISLAND,2022,11,677.2600000000001,0.16,117.46,0.0,0.0,8.37,
54,GOVERNMENT,STATEN ISLAND,2022,12,571.74,0.13,91.34,0.0,0.0,8.18,
54,GOVERNMENT,STATEN ISLAND,2023,1,397.92,0.09,68.49000000000001,0.0,0.0,13.41,-10.85
54,GOVERNMENT,STATEN ISLAND,2023,2,419.32,0.1,69.99,0.0,0.0,10.05,-6.06
54,GOVERNMENT,STATEN ISLAND,2023,3,529.1899999999999,0.12,90.38,0.0,0.0,8.67,-22.13
54,GOVERNMENT,STATEN ISLAND,2023,4,365.77000000000004,0.09,62.92999999999999,0.0,0.0,11.82,2.18
54,GOVERNMENT,STATEN ISLAND,2023,5,387.26,0.09,65.41000000000001,0.0,0.0,10.61,11.94
54,GOVERNMENT,STATEN ISLAND,2023,6,838.4099999999999,0.2,142.53999999999996,0.0,0.0,9.56,95.02
54,GOVERNMENT,STATEN ISLAND,2023,7,478.66,0.11,79.95,0.0,0.0,6.88,-6.93
54,GOVERNMENT,STATEN ISLAND,2023,8,651.91,0.15,119.58999999999999,0.0,0.0,10.79,42.83
54,GOVERNMENT,STATEN ISLAND,2023,9,427.56000000000006,0.1,72.33000000000001,0.0,0.0,11.29,8.0
54,GOVERNMENT,STATEN ISLAND,2023,10,283.15000000000003,0.07,48.75,0.0,0.0,11.76,-39.86
54,GOVERNMENT,STATEN ISLAND,2023,11,427.06,0.1,72.44999999999999,0.0,0.0,10.01,-36.94
54,GOVERNMENT,STATEN ISLAND,2023,12,548.48,0.13,94.40000000000002,0.0,0.0,8.58,-4.07
54,GOVERNMENT,STATEN ISLAND,2024,1,415.1,0.1,65.53,0.0,0.0,8.27,4.32
54,GOVERNMENT,STATEN ISLAND,2024,2,445.78999999999996,0.1,77.74999999999999,0.0,0.0,9.91,6.31
54,GOVERNMENT,STATEN ISLAND,2024,3,372.57,0.09,54.68,0.0,0.0,10.48,-29.6
54,GOVERNMENT,STATEN ISLAND,2024,4,360.53,0.08,59.78999999999999,0.0,0.0,11.14,-1.43
54,GOVERNMENT,STATEN ISLAND,2024,5,380.85,0.09,61.53000000000001,0.0,0.0,10.09,-1.66
54,GOVERNMENT,STATEN ISLAND,2024,6,355.77000000000004,0.08,61.89,0.0,0.0,8.55,-57.57
54,GOVERNMENT,STATEN ISLAND,2024,7,367.14,0.09,69.49000000000001,0.0,0.0,8.67,-23.3
54,GOVERNMENT,STATEN ISLAND,2024,8,597.8100000000002,0.14,102.16000000000001,0.0,0.0,8.95,-8.3
54,GOVERNMENT,STATEN ISLAND,2024,9,219.50000000000003,0.05,38.52,0.0,0.0,11.8,-48.66
54,GOVERNMENT,STATEN ISLAND,2024,10,302.04999999999995,0.07,49.120000000000005,0.0,0.0,12.97,6.67
54,GOVERNMENT,STATEN ISLAND,2024,11,579.1700000000001,0.13,107.7,0.0,0.0,10.71,35.62
54,GOVERNMENT,STATEN ISLAND,2024,12,445.71,0.1,79.14,0.0,0.0,9.71,-18.74
55,MIXED-USE,QUEENS,2022,1,931.93,0.22,153.20000000000005,0.0,0.0,0.0,
55,MIXED-USE,QUEENS,2022,2,769.34,0.18,139.38,0.0,0.0,0.0,
55,MIXED-USE,QUEENS,2022,3,1127.8000000000002,0.26,193.37000000000003,0.0,0.0,0.0,
55,MIXED-USE,QUEENS,2022,4,870.3,0.2,153.74,0.0,0.0,0.0,
55,MIXED-USE,QUEENS,2022,5,651.3900000000001,0.15,102.16999999999999,0.0,0.0,0.0,
55,MIXED-USE,QUEENS,2022,6,807.7400000000001,0.19,127.50999999999998,0.0,0.0,0.0,
55,MIXED-USE,QUEENS,2022,7,903.5799999999999,0.21,151.86999999999998,0.0,0.0,0.0,
55,MIXED-USE,QUEENS,2022,8,1234.7499999999998,0.29,199.32,0.0,0.0,0.0,
55,MIXED-USE,QUEENS,2022,9,885.9199999999998,0.21,156.07000000000002,0.0,0.0,0.0,
55,MIXED-USE,QUEENS,2022,10,1161.3300000000002,0.27,194.02,0.0,0.0,0.0,
55,MIXED-USE,QUEENS,2022,11,1236.8500000000001,0.29,214.73000000000002,0.0,0.0,0.0,
55,MIXED-USE,QUEENS,2022,12,1216.0800000000002,0.28,199.79999999999998,0.0,0.0,0.0,
55,MIXED-USE,QUEENS,2023,1,786.47,0.18,138.64999999999998,0.0,0.0,0.0,-15.61
55,MIXED-USE,QUEENS,2023,2,706.34,0.16,112.83,0.0,0.0,0.0,-8.19
55,MIXED-USE,QUEENS,2023,3,1190.0400000000002,0.28,200.12000000000006,0.0,0.0,0.0,5.52
55,MIXED-USE,QUEENS,2023,4,674.7800000000001,0.16,115.00999999999999,0.0,0.0,0.0,-22.47
55,MIXED-USE,QUEENS,2023,5,725.97,0.17,131.34,0.0,0.0,0.0,11.45
55,MIXED-USE,QUEENS,2023,6,1604.19,0.37,271.97999999999996,0.0,0.0,0.0,98.6
55,MIXED-USE,QUEENS,2023,7,1001.39,0.23,185.35,0.0,0.0,0.0,10.82
55,MIXED-USE,QUEENS,2023,8,1278.25,0.3,229.40000000000003,0.0,0.0,0.0,3.52
55,MIXED-USE,QUEENS,2023,9,748.04,0.17,122.12000000000002,0.0,0.0,0.0,-15.56
55,MIXED-USE,QUEENS,2023,10,535.3100000000001,0.12,93.6,0.0,0.0,0.0,-53.91
55,MIXED-USE,QUEENS,2023,11,882.1199999999999,0.21,152.17000000000002,0.0,0.0,0.0,-28.68
55,MIXED-USE,QUEENS,2023,12,957.4599999999999,0.22,145.03,0.0,0.0,0.0,-21.27
55,MIXED-USE,QUEENS,2024,1,628.84,0.15,106.80999999999999,0.0,0.0,0.0,-20.04
55,MIXED-USE,QUEENS,2024,2,898.5000000000002,0.21,154.64000000000001,0.0,0.0,0.0,27.21
55,MIXED-USE,QUEENS,2024,3,779.8800000000001,0.18,132.44,0.0,0.0,0.0,-34.47
55,MIXED-USE,QUEENS,2024,4,803.39,0.19,128.38,0.0,0.0,0.0,19.06
55,MIXED-USE,QUEENS,2024,5,739.8600000000001,0.17,125.58000000000001,0.0,0.0,0.0,1.91
55,MIXED-USE,QUEENS,2024,6,715.2800000000001,0.17,126.92,0.0,0.0,0.0,-55.41
55,MIXED-USE,QUEENS,2024,7,926.15,0.22,154.77,0.0,0.0,0.0,-7.51
55,MIXED-USE,QUEENS,2024,8,1042.6799999999998,0.24,191.89000000000001,0.0,0.0,0.0,-18.43
55,MIXED-USE,QUEENS,2024,9,620.2299999999999,0.14,106.44,0.0,0.0,0.0,-17.09
55,MIXED-USE,QUEENS,2024,10,600.3000000000001,0.14,96.38,0.0,0.0,0.0,12.14
55,MIXED-USE,QUEENS,2024,11,1222.6299999999999,0.28,204.19,0.0,0.0,0.0,38.6
55,MIXED-USE,QUEENS,2024,12,668.0500000000001,0.16,117.53999999999999,0.0,0.0,0.0,-30.23
56,MIXED-USE,STATEN ISLAND,2022,1,1528.3000000000002,0.36,248.89999999999995,0.0,0.0,8.98,
56,MIXED-USE,STATEN ISLAND,2022,2,1212.91,0.28,209.65000000000003,0.0,0.0,10.71,
56,MIXED-USE,STATEN ISLAND,2022,3,1866.7699999999998,0.43,319.66,0.0,0.0,9.85,
56,MIXED-USE,STATEN ISLAND,2022,4,1183.3100000000002,0.28,207.91000000000003,0.0,0.0,11.17,
56,MIXED-USE,STATEN ISLAND,2022,5,1075.45,0.25,185.37,0.0,0.0,8.87,
56,MIXED-USE,STATEN ISLAND,2022,6,1240.7999999999997,0.29,206.6,0.0,0.0,12.43,
56,MIXED-USE,STATEN ISLAND,2022,7,1494.0900000000001,0.35,260.94000000000005,0.0,0.0,7.73,
56,MIXED-USE,STATEN ISLAND,2022,8,1634.86,0.38,298.4,0.0,0.0,11.88,
56,MIXED-USE,STATEN ISLAND,2022,9,1249.59,0.29,206.01000000000002,0.0,0.0,8.26,
56,MIXED-USE,STATEN ISLAND,2022,10,1644.03,0.38,281.37,0.0,0.0,7.88,
56,MIXED-USE,STATEN ISLAND,2022,11,1912.8300000000002,0.45,344.66,0.0,0.0,10.36,
56,MIXED-USE,STATEN ISLAND,2022,12,1835.1799999999998,0.43,324.63,0.0,0.0,9.38,
56,MIXED-USE,STATEN ISLAND,2023,1,1234.1799999999998,0.29,198.84000000000003,0.0,0.0,9.01,-19.24
56,MIXED-USE,STATEN ISLAND,2023,2,1058.3100000000002,0.25,187.18000000000004,0.0,0.0,12.86,-12.75
56,MIXED-USE,STATEN ISLAND,2023,3,1889.7000000000003,0.44,320.57,0.0,0.0,12.11,1.23
56,MIXED-USE,STATEN ISLAND,2023,4,1161.57,0.27,203.09,0.0,0.0,7.43,-1.84
56,MIXED-USE,STATEN ISLAND,2023,5,979.39,0.23,154.32999999999998,0.0,0.0,10.75,-8.93
56,MIXED-USE,STATEN ISLAND,2023,6,2610.750000000001,0.61,435.89,0.0,0.0,9.34,110.41
56,MIXED-USE,STATEN ISLAND,2023,7,1680.8,0.39,307.93999999999994,0.0,0.0,9.62,12.5
56,MIXED-USE,STATEN ISLAND,2023,8,2191.02,0.51,359.50000000000006,0.0,0.0,9.43,34.02
56,MIXED-USE,STATEN ISLAND,2023,9,1329.9599999999998,0.31,222.23999999999998,0.0,0.0,11.26,6.43
56,MIXED-USE,STATEN ISLAND,2023,10,852.81,0.2,153.01,0.0,0.0,7.97,-48.13
56,MIXED-USE,STATEN ISLAND,2023,11,1173.8400000000001,0.27,204.53000000000003,0.0,0.0,9.89,-38.63
56,MIXED-USE,STATEN ISLAND,2023,12,1729.52,0.4,300.82000000000005,0.0,0.0,11.1,-5.76
56,MIXED-USE,STATEN ISLAND,2024,1,1331.84,0.31,220.54000000000002,0.0,0.0,5.39,7.91
56,MIXED-USE,STATEN ISLAND,2024,2,1175.9700000000003,0.27,203.30999999999997,0.0,0.0,9.64,11.12
56,MIXED-USE,STATEN ISLAND,2024,3,1097.1099999999997,0.26,190.10999999999999,0.0,0.0,9.14,-41.94
56,MIXED-USE,STATEN ISLAND,2024,4,1016.4400000000002,0.24,187.74000000000004,0.0,0.0,10.66,-12.49
56,MIXED-USE,STATEN ISLAND,2024,5,1189.14,0.28,189.12999999999997,0.0,0.0,8.93,21.42
56,MIXED-USE,STATEN ISLAND,2024,6,1239.82,0.29,199.91,0.0,0.0,12.27,-52.51
56,MIXED-USE,STATEN ISLAND,2024,7,1353.9099999999999,0.32,245.86,0.0,0.0,8.67,-19.45
56,MIXED-USE,STATEN ISLAND,2024,8,1689.4600000000005,0.39,283.33,0.0,0.0,10.95,-22.89
56,MIXED-USE,STATEN ISLAND,2024,9,985.7499999999999,0.23,180.07,0.0,0.0,9.09,-25.88
56,MIXED-USE,STATEN ISLAND,2024,10,1213.61,0.28,202.54,0.0,0.0,9.1,42.31
56,MIXED-USE,STATEN ISLAND,2024,11,1721.2799999999997,0.4,285.62,0.0,0.0,11.62,46.64
56,MIXED-USE,STATEN ISLAND,2024,12,1377.4299999999998,0.32,234.20000000000002,0.0,0.0,9.86,-20.36
57,GOVERNMENT,BRONX,2022,1,1443.96,0.34,251.79,0.0,0.0,0.0,
57,GOVERNMENT,BRONX,2022,2,933.72,0.22,165.39,0.0,0.0,0.0,
57,GOVERNMENT,BRONX,2022,3,1890.5000000000002,0.44,322.87999999999994,0.0,0.0,0.0,
57,GOVERNMENT,BRONX,2022,4,1266.9699999999998,0.3,215.03,0.0,0.0,0.0,
57,GOVERNMENT,BRONX,2022,5,928.57,0.22,159.45,0.0,0.0,0.0,
57,GOVERNMENT,BRONX,2022,6,1214.2500000000002,0.28,191.16,0.0,0.0,0.0,
57,GOVERNMENT,BRONX,2022,7,1309.05,0.31,218.3,0.0,0.0,0.0,
57,GOVERNMENT,BRONX,2022,8,1474.49,0.34,253.99,0.0,0.0,0.0,
57,GOVERNMENT,BRONX,2022,9,932.1199999999999,0.22,147.39999999999998,0.0,0.0,0.0,
57,GOVERNMENT,BRONX,2022,10,1291.65,0.3,206.36,0.0,0.0,0.0,
57,GOVERNMENT,BRONX,2022,11,1965.2499999999995,0.46,335.91,0.0,0.0,0.0,
57,GOVERNMENT,BRONX,2022,12,1645.2400000000002,0.38,278.00000000000006,0.0,0.0,0.0,
57,GOVERNMENT,BRONX,2023,1,1151.1999999999998,0.27,194.37,0.0,0.0,0.0,-20.27
57,GOVERNMENT,BRONX,2023,2,1093.93,0.25,196.42000000000002,0.0,0.0,0.0,17.16
57,GOVERNMENT,BRONX,2023,3,1776.1699999999994,0.41,312.24,0.0,0.0,0.0,-6.05
57,GOVERNMENT,BRONX,2023,4,1229.25,0.29,205.81,0.0,0.0,0.0,-2.98
57,GOVERNMENT,BRONX,2023,5,912.82,0.21,147.92000000000002,0.0,0.0,0.0,-1.7
57,GOVERNMENT,BRONX,2023,6,2412.0499999999997,0.56,396.68,0.0,0.0,0.0,98.65
57,GOVERNMENT,BRONX,2023,7,1570.51,0.37,259.54,0.0,0.0,0.0,19.97
57,GOVERNMENT,BRONX,2023,8,1865.24,0.43,325.4199999999999,0.0,0.0,0.0,26.5
57,GOVERNMENT,BRONX,2023,9,1203.08,0.28,210.32999999999998,0.0,0.0,0.0,29.07
57,GOVERNMENT,BRONX,2023,10,885.52,0.21,147.12,0.0,0.0,0.0,-31.44
57,GOVERNMENT,BRONX,2023,11,927.98,0.22,156.07,0.0,0.0,0.0,-52.78
57,GOVERNMENT,BRONX,2023,12,1684.0400000000002,0.39,288.78,0.0,0.0,0.0,2.36
57,GOVERNMENT,BRONX,2024,1,1217.3,0.28,217.42000000000002,0.0,0.0,0.0,5.74
57,GOVERNMENT,BRONX,2024,2,1339.82,0.31,226.24999999999997,0.0,0.0,0.0,22.48
57,GOVERNMENT,BRONX,2024,3,922.6800000000001,0.21,152.71,0.0,0.0,0.0,-48.05
57,GOVERNMENT,BRONX,2024,4,1093.25,0.25,180.32,0.0,0.0,0.0,-11.06
57,GOVERNMENT,BRONX,2024,5,1153.4,0.27,198.32,0.0,0.0,0.0,26.36
57,GOVERNMENT,BRONX,2024,6,1254.44,0.29,206.27,0.0,0.0,0.0,-47.99
57,GOVERNMENT,BRONX,2024,7,1181.47,0.28,191.10999999999999,0.0,0.0,0.0,-24.77
57,GOVERNMENT,BRONX,2024,8,1575.46,0.37,261.34,0.0,0.0,0.0,-15.54
57,GOVERNMENT,BRONX,2024,9,900.7,0.21,160.6,0.0,0.0,0.0,-25.13
57,GOVERNMENT,BRONX,2024,10,982.98,0.23,164.21999999999997,0.0,0.0,0.0,11.01
57,GOVERNMENT,BRONX,2024,11,1564.16,0.36,276.83,0.0,0.0,0.0,68.56
57,GOVERNMENT,BRONX,2024,12,1152.04,0.27,192.43,0.0,0.0,0.0,-31.59
58,RESIDENTIAL HIGH-RISE,QUEENS,2022,1,692.1299999999999,0.16,111.52,0.0,0.0,0.0,
58,RESIDENTIAL HIGH-RISE,QUEENS,2022,2,683.8,0.16,120.91000000000001,0.0,0.0,0.0,
58,RESIDENTIAL HIGH-RISE,QUEENS,2022,3,931.2099999999999,0.22,172.11,0.0,0.0,0.0,
58,RESIDENTIAL HIGH-RISE,QUEENS,2022,4,717.3399999999999,0.17,112.16,0.0,0.0,0.0,
58,RESIDENTIAL HIGH-RISE,QUEENS,2022,5,598.29,0.14,106.22,0.0,0.0,0.0,
58,RESIDENTIAL HIGH-RISE,QUEENS,2022,6,592.0300000000001,0.14,101.29,0.0,0.0,0.0,
58,RESIDENTIAL HIGH-RISE,QUEENS,2022,7,817.77,0.19,152.04,0.0,0.0,0.0,
58,RESIDENTIAL HIGH-RISE,QUEENS,2022,8,946.09,0.22,146.75,0.0,0.0,0.0,
58,RESIDENTIAL HIGH-RISE,QUEENS,2022,9,809.9799999999999,0.19,147.31,0.0,0.0,0.0,
58,RESIDENTIAL HIGH-RISE,QUEENS,2022,10,882.1700000000001,0.21,175.38000000000002,0.0,0.0,0.0,
58,RESIDENTIAL HIGH-RISE,QUEENS,2022,11,1250.16,0.29,208.06,0.0,0.0,0.0,
58,RESIDENTIAL HIGH-RISE,QUEENS,2022,12,1024.54,0.24,168.79,0.0,0.0,0.0,
58,RESIDENTIAL HIGH-RISE,QUEENS,2023,1,706.17,0.16,118.72,0.0,0.0,0.0,2.03
58,RESIDENTIAL HIGH-RISE,QUEENS,2023,2,597.3599999999999,0.14,100.94,0.0,0.0,0.0,-12.64
58,RESIDENTIAL HIGH-RISE,QUEENS,2023,3,1115.3000000000002,0.26,184.64,0.0,0.0,0.0,19.77
58,RESIDENTIAL HIGH-RISE,QUEENS,2023,4,538.97,0.13,97.6,0.0,0.0,0.0,-24.87
58,RESIDENTIAL HIGH-RISE,QUEENS,2023,5,674.91,0.16,113.0,0.0,0.0,0.0,12.81
58,RESIDENTIAL HIGH-RISE,QUEENS,2023,6,1511.5100000000002,0.35,249.76000000000002,0.0,0.0,0.0,155.31
58,RESIDENTIAL HIGH-RISE,QUEENS,2023,7,1023.7900000000001,0.24,169.7,0.0,0.0,0.0,25.19
58,RESIDENTIAL HIGH-RISE,QUEENS,2023,8,1016.1199999999999,0.24,165.75,0.0,0.0,0.0,7.4
58,RESIDENTIAL HIGH-RISE,QUEENS,2023,9,579.7999999999998,0.14,89.22,0.0,0.0,0.0,-28.42
58,RESIDENTIAL HIGH-RISE,QUEENS,2023,10,507.5300000000001,0.12,88.57000000000002,0.0,0.0,0.0,-42.47
58,RESIDENTIAL HIGH-RISE,QUEENS,2023,11,782.85,0.18,131.18,0.0,0.0,0.0,-37.38
58,RESIDENTIAL HIGH-RISE,QUEENS,2023,12,982.3999999999999,0.23,175.23000000000002,0.0,0.0,0.0,-4.11
58,RESIDENTIAL HIGH-RISE,QUEENS,2024,1,741.44,0.17,123.60000000000001,0.0,0.0,0.0,4.99
58,RESIDENTIAL HIGH-RISE,QUEENS,2024,2,834.9400000000002,0.19,148.64,0.0,0.0,0.0,39.77
58,RESIDENTIAL HIGH-RISE,QUEENS,2024,3,720.42,0.17,114.63000000000001,0.0,0.0,0.0,-35.41
58,RESIDENTIAL HIGH-RISE,QUEENS,2024,4,621.0400000000002,0.14,111.81999999999998,0.0,0.0,0.0,15.23
58,RESIDENTIAL HIGH-RISE,QUEENS,2024,5,590.6400000000001,0.14,101.29,0.0,0.0,0.0,-12.49
58,RESIDENTIAL HIGH-RISE,QUEENS,2024,6,851.7,0.2,138.83,0.0,0.0,0.0,-43.65
58,RESIDENTIAL HIGH-RISE,QUEENS,2024,7,789.0699999999999,0.18,122.73000000000002,0.0,0.0,0.0,-22.93
58,RESIDENTIAL HIGH-RISE,QUEENS,2024,8,1027.52,0.24,170.22,0.0,0.0,0.0,1.12
58,RESIDENTIAL HIGH-RISE,QUEENS,2024,9,496.66999999999996,0.12,78.86,0.0,0.0,0.0,-14.34
58,RESIDENTIAL HIGH-RISE,QUEENS,2024,10,664.96,0.15,114.11000000000001,0.0,0.0,0.0,31.02
58,RESIDENTIAL HIGH-RISE,QUEENS,2024,11,1003.33,0.23,167.8,0.0,0.0,0.0,28.16
58,RESIDENTIAL HIGH-RISE,QUEENS,2024,12,789.6499999999999,0.18,125.01999999999998,0.0,0.0,0.0,-19.62
59,RETAIL,BRONX,2022,1,1359.3199999999997,0.32,214.78999999999996,0.0,0.0,0.0,
59,RETAIL,BRONX,2022,2,1193.1299999999999,0.28,193.19,0.0,0.0,0.0,
59,RETAIL,BRONX,2022,3,1544.0700000000002,0.36,277.12000000000006,0.0,0.0,0.0,
59,RETAIL,BRONX,2022,4,1174.6499999999999,0.27,189.01000000000002,0.0,0.0,0.0,
59,RETAIL,BRONX,2022,5,990.31,0.23,173.29,0.0,0.0,0.0,
59,RETAIL,BRONX,2022,6,685.8199999999999,0.16,112.22,0.0,0.0,0.0,
59,RETAIL,BRONX,2022,7,1418.7199999999998,0.33,246.04,0.0,0.0,0.0,
59,RETAIL,BRONX,2022,8,1662.31,0.39,281.10999999999996,0.0,0.0,0.0,
59,RETAIL,BRONX,2022,9,1272.32,0.3,222.74,0.0,0.0,0.0,
59,RETAIL,BRONX,2022,10,1502.0900000000001,0.35,238.22,0.0,0.0,0.0,
59,RETAIL,BRONX,2022,11,1650.2999999999997,0.38,265.5,0.0,0.0,0.0,
59,RETAIL,BRONX,2022,12,1529.06,0.36,239.68999999999997,0.0,0.0,0.0,
59,RETAIL,BRONX,2023,1,1315.5500000000002,0.31,227.4,0.0,0.0,0.0,-3.22
59,RETAIL,BRONX,2023,2,1187.72,0.28,198.79,0.0,0.0,0.0,-0.45
59,RETAIL,BRONX,2023,3,1880.9099999999999,0.44,308.48999999999995,0.0,0.0,0.0,21.82
59,RETAIL,BRONX,2023,4,931.6799999999998,0.22,160.36,0.0,0.0,0.0,-20.68
59,RETAIL,BRONX,2023,5,965.87,0.23,170.74,0.0,0.0,0.0,-2.47
59,RETAIL,BRONX,2023,6,2438.51,0.57,392.18000000000006,0.0,0.0,0.0,255.56
59,RETAIL,BRONX,2023,7,1247.7299999999998,0.29,191.36999999999998,0.0,0.0,0.0,-12.05
59,RETAIL,BRONX,2023,8,1986.3999999999999,0.46,338.51,0.0,0.0,0.0,19.5
59,RETAIL,BRONX,2023,9,1053.67,0.25,173.26999999999998,0.0,0.0,0.0,-17.19
59,RETAIL,BRONX,2023,10,759.56,0.18,127.82000000000002,0.0,0.0,0.0,-49.43
59,RETAIL,BRONX,2023,11,1148.8600000000001,0.27,198.56,0.0,0.0,0.0,-30.38
59,RETAIL,BRONX,2023,12,1362.4599999999998,0.32,244.45,0.0,0.0,0.0,-10.9
59,RETAIL,BRONX,2024,1,1163.31,0.27,190.58,0.0,0.0,0.0,-11.57
59,RETAIL,BRONX,2024,2,1371.72,0.32,251.39999999999998,0.0,0.0,0.0,15.49
59,RETAIL,BRONX,2024,3,880.42,0.21,150.93,0.0,0.0,0.0,-53.19
59,RETAIL,BRONX,2024,4,1071.38,0.25,186.5,0.0,0.0,0.0,14.99
59,RETAIL,BRONX,2024,5,1169.55,0.27,209.39999999999998,0.0,0.0,0.0,21.09
59,RETAIL,BRONX,2024,6,1270.5800000000002,0.3,234.65999999999997,0.0,0.0,0.0,-47.9
59,RETAIL,BRONX,2024,7,1477.8200000000002,0.34,250.07,0.0,0.0,0.0,18.44
59,RETAIL,BRONX,2024,8,1550.57,0.36,245.64999999999998,0.0,0.0,0.0,-21.94
59,RETAIL,BRONX,2024,9,854.8900000000001,0.2,148.62,0.0,0.0,0.0,-18.87
59,RETAIL,BRONX,2024,10,857.37,0.2,153.72,0.0,0.0,0.0,12.88
59,RETAIL,BRONX,2024,11,1514.7900000000002,0.35,247.27,0.0,0.0,0.0,31.85
59,RETAIL,BRONX,2024,12,1177.7,0.27,196.57,0.0,0.0,0.0,-13.56
60,GOVERNMENT,BRONX,2022,1,835.25,0.19,148.67,0.0,0.0,0.0,
60,GOVERNMENT,BRONX,2022,2,656.0999999999999,0.15,121.12000000000002,0.0,0.0,0.0,
60,GOVERNMENT,BRONX,2022,3,1015.7800000000001,0.24,192.73999999999995,0.0,0.0,0.0,
60,GOVERNMENT,BRONX,2022,4,744.16,0.17,126.01000000000002,0.0,0.0,0.0,
60,GOVERNMENT,BRONX,2022,5,476.24,0.11,69.89,0.0,0.0,0.0,
60,GOVERNMENT,BRONX,2022,6,664.49,0.15,108.79,0.0,0.0,0.0,
60,GOVERNMENT,BRONX,2022,7,801.3900000000001,0.19,139.20000000000002,0.0,0.0,0.0,
60,GOVERNMENT,BRONX,2022,8,770.05,0.18,130.32999999999998,0.0,0.0,0.0,
60,GOVERNMENT,BRONX,2022,9,768.8699999999999,0.18,129.65,0.0,0.0,0.0,
60,GOVERNMENT,BRONX,2022,10,886.2499999999999,0.21,152.29,0.0,0.0,0.0,
60,GOVERNMENT,BRONX,2022,11,1078.9199999999998,0.25,175.80999999999997,0.0,0.0,0.0,
60,GOVERNMENT,BRONX,2022,12,973.3100000000001,0.23,166.57999999999998,0.0,0.0,0.0,
60,GOVERNMENT,BRONX,2023,1,730.5500000000001,0.17,123.79999999999998,0.0,0.0,0.0,-12.54
60,GOVERNMENT,BRONX,2023,2,692.67,0.16,110.88000000000001,0.0,0.0,0.0,5.57
60,GOVERNMENT,BRONX,2023,3,987.77,0.23,173.86,0.0,0.0,0.0,-2.76
60,GOVERNMENT,BRONX,2023,4,675.3,0.16,121.39,0.0,0.0,0.0,-9.25
60,GOVERNMENT,BRONX,2023,5,595.6899999999999,0.14,105.14,0.0,0.0,0.0,25.08
60,GOVERNMENT,BRONX,2023,6,1620.32,0.38,270.01000000000005,0.0,0.0,0.0,143.84
60,GOVERNMENT,BRONX,2023,7,854.95,0.2,162.22,0.0,0.0,0.0,6.68
60,GOVERNMENT,BRONX,2023,8,1060.74,0.25,182.92,0.0,0.0,0.0,37.75
60,GOVERNMENT,BRONX,2023,9,808.19,0.19,145.28,0.0,0.0,0.0,5.11
60,GOVERNMENT,BRONX,2023,10,487.72999999999996,0.11,78.50000000000001,0.0,0.0,0.0,-44.97
60,GOVERNMENT,BRONX,2023,11,652.9,0.15,108.19,0.0,0.0,0.0,-39.49
60,GOVERNMENT,BRONX,2023,12,853.3000000000001,0.2,154.01,0.0,0.0,0.0,-12.33
60,GOVERNMENT,BRONX,2024,1,779.9399999999999,0.18,126.84,0.0,0.0,0.0,6.76
60,GOVERNMENT,BRONX,2024,2,687.0,0.16,118.89000000000001,0.0,0.0,0.0,-0.82
60,GOVERNMENT,BRONX,2024,3,609.8799999999999,0.14,100.34,0.0,0.0,0.0,-38.26
60,GOVERNMENT,BRONX,2024,4,612.5600000000001,0.14,89.85,0.0,0.0,0.0,-9.29
60,GOVERNMENT,BRONX,2024,5,714.89,0.17,119.76,0.0,0.0,0.0,20.01
60,GOVERNMENT,BRONX,2024,6,717.54,0.17,110.87000000000002,0.0,0.0,0.0,-55.72
60,GOVERNMENT,BRONX,2024,7,716.5899999999999,0.17,128.43,0.0,0.0,0.0,-16.18
60,GOVERNMENT,BRONX,2024,8,912.45,0.21,158.31,0.0,0.0,0.0,-13.98
60,GOVERNMENT,BRONX,2024,9,492.26000000000005,0.11,86.8,0.0,0.0,0.0,-39.09
60,GOVERNMENT,BRONX,2024,10,577.14,0.13,97.57000000000001,0.0,0.0,0.0,18.33
60,GOVERNMENT,BRONX,2024,11,917.73,0.21,142.87999999999997,0.0,0.0,0.0,40.56
60,GOVERNMENT,BRONX,2024,12,734.74,0.17,118.81,0.0,0.0,0.0,-13.89
61,RETAIL,BROOKLYN,2022,1,1188.4399999999998,0.28,202.17,0.0,0.0,0.0,
61,RETAIL,BROOKLYN,2022,2,1007.1500000000001,0.23,172.96,0.0,0.0,0.0,
61,RETAIL,BROOKLYN,2022,3,1318.11,0.31,232.38,0.0,0.0,0.0,
61,RETAIL,BROOKLYN,2022,4,1120.9899999999998,0.26,185.39000000000001,0.0,0.0,0.0,
61,RETAIL,BROOKLYN,2022,5,712.1999999999999,0.17,115.37,0.0,0.0,0.0,
61,RETAIL,BROOKLYN,2022,6,968.4300000000001,0.23,174.67999999999998,0.0,0.0,0.0,
61,RETAIL,BROOKLYN,2022,7,1166.4,0.27,210.10000000000002,0.0,0.0,0.0,
61,RETAIL,BROOKLYN,2022,8,1375.16,0.32,219.95000000000005,0.0,0.0,0.0,
61,RETAIL,BROOKLYN,2022,9,1136.1500000000003,0.26,206.97000000000003,0.0,0.0,0.0,
61,RETAIL,BROOKLYN,2022,10,1243.8999999999999,0.29,211.50999999999996,0.0,0.0,0.0,
61,RETAIL,BROOKLYN,2022,11,1476.74,0.34,260.16,0.0,0.0,0.0,
61,RETAIL,BROOKLYN,2022,12,1418.71,0.33,250.09999999999997,0.0,0.0,0.0,
61,RETAIL,BROOKLYN,2023,1,1109.01,0.26,194.02,0.0,0.0,0.0,-6.68
61,RETAIL,BROOKLYN,2023,2,784.0799999999999,0.18,143.38,0.0,0.0,0.0,-22.15
61,RETAIL,BROOKLYN,2023,3,1522.9799999999998,0.35,266.25999999999993,0.0,0.0,0.0,15.54
61,RETAIL,BROOKLYN,2023,4,718.98,0.17,122.10000000000001,0.0,0.0,0.0,-35.86
61,RETAIL,BROOKLYN,2023,5,871.62,0.2,148.0,0.0,0.0,0.0,22.38
61,RETAIL,BROOKLYN,2023,6,1630.58,0.38,278.97,0.0,0.0,0.0,68.37
61,RETAIL,BROOKLYN,2023,7,1445.3400000000001,0.34,241.53,0.0,0.0,0.0,23.91
61,RETAIL,BROOKLYN,2023,8,1497.7200000000003,0.35,262.0,0.0,0.0,0.0,8.91
61,RETAIL,BROOKLYN,2023,9,1014.3399999999999,0.24,179.51,0.0,0.0,0.0,-10.72
61,RETAIL,BROOKLYN,2023,10,704.2900000000001,0.16,124.9,0.0,0.0,0.0,-43.38
61,RETAIL,BROOKLYN,2023,11,1000.8699999999999,0.23,167.36,0.0,0.0,0.0,-32.22
61,RETAIL,BROOKLYN,2023,12,1234.76,0.29,219.64000000000001,0.0,0.0,0.0,-12.97
61,RETAIL,BROOKLYN,2024,1,1024.78,0.24,176.25,0.0,0.0,0.0,-7.6
61,RETAIL,BROOKLYN,2024,2,1120.42,0.26,175.92999999999998,0.0,0.0,0.0,42.9
61,RETAIL,BROOKLYN,2024,3,789.08,0.18,123.31,0.0,0.0,0.0,-48.19
61,RETAIL,BROOKLYN,2024,4,715.64,0.17,112.05000000000001,0.0,0.0,0.0,-0.46
61,RETAIL,BROOKLYN,2024,5,820.72,0.19,148.12,0.0,0.0,0.0,-5.84
61,RETAIL,BROOKLYN,2024,6,1094.96,0.26,184.43,0.0,0.0,0.0,-32.85
61,RETAIL,BROOKLYN,2024,7,900.29,0.21,153.27,0.0,0.0,0.0,-37.71
61,RETAIL,BROOKLYN,2024,8,1123.93,0.26,175.43000000000004,0.0,0.0,0.0,-24.96
61,RETAIL,BROOKLYN,2024,9,799.15,0.19,134.8,0.0,0.0,0.0,-21.21
61,RETAIL,BROOKLYN,2024,10,1009.29,0.24,169.92,0.0,0.0,0.0,43.31
61,RETAIL,BROOKLYN,2024,11,1298.1000000000001,0.3,220.68,0.0,0.0,0.0,29.7
61,RETAIL,BROOKLYN,2024,12,1150.02,0.27,206.59999999999997,0.0,0.0,0.0,-6.86
62,INDUSTRIAL,BROOKLYN,2022,1,3070.33,0.72,543.04,0.0,0.0,0.0,
62,INDUSTRIAL,BROOKLYN,2022,2,2615.53,0.61,477.03,0.0,0.0,0.0,
62,INDUSTRIAL,BROOKLYN,2022,3,4196.73,0.98,721.99,0.0,0.0,0.0,
62,INDUSTRIAL,BROOKLYN,2022,4,2860.21,0.67,495.04999999999995,0.0,0.0,0.0,
62,INDUSTRIAL,BROOKLYN,2022,5,1997.9399999999998,0.47,338.28000000000003,0.0,0.0,0.0,
62,INDUSTRIAL,BROOKLYN,2022,6,2744.0800000000004,0.64,479.9200000000001,0.0,0.0,0.0,
62,INDUSTRIAL,BROOKLYN,2022,7,3881.19,0.9,633.6600000000001,0.0,0.0,0.0,
62,INDUSTRIAL,BROOKLYN,2022,8,3886.77,0.91,654.16,0.0,0.0,0.0,
62,INDUSTRIAL,BROOKLYN,2022,9,3268.61,0.76,564.4399999999998,0.0,0.0,0.0,
62,INDUSTRIAL,BROOKLYN,2022,10,3334.810000000001,0.78,555.05,0.0,0.0,0.0,
62,INDUSTRIAL,BROOKLYN,2022,11,4295.97,1.0,750.41,0.0,0.0,0.0,
62,INDUSTRIAL,BROOKLYN,2022,12,3540.01,0.82,607.7300000000001,0.0,0.0,0.0,
62,INDUSTRIAL,BROOKLYN,2023,1,3272.3699999999994,0.76,545.2600000000001,0.0,0.0,0.0,6.58
62,INDUSTRIAL,BROOKLYN,2023,2,2525.07,0.59,470.09000000000003,0.0,0.0,0.0,-3.46
62,INDUSTRIAL,BROOKLYN,2023,3,4275.03,1.0,718.9299999999998,0.0,0.0,0.0,1.87
62,INDUSTRIAL,BROOKLYN,2023,4,2154.7,0.5,344.78999999999996,0.0,0.0,0.0,-24.67
62,INDUSTRIAL,BROOKLYN,2023,5,2524.51,0.59,393.93,0.0,0.0,0.0,26.36
62,INDUSTRIAL,BROOKLYN,2023,6,6003.429999999999,1.4,992.9200000000002,0.0,0.0,0.0,118.78
62,INDUSTRIAL,BROOKLYN,2023,7,3589.689999999999,0.84,617.8199999999999,0.0,0.0,0.0,-7.51
62,INDUSTRIAL,BROOKLYN,2023,8,4340.0,1.01,748.3799999999999,0.0,0.0,0.0,11.66
62,INDUSTRIAL,BROOKLYN,2023,9,2606.0099999999998,0.61,457.35,0.0,0.0,0.0,-20.27
62,INDUSTRIAL,BROOKLYN,2023,10,2239.92,0.52,359.82,0.0,0.0,0.0,-32.83
62,INDUSTRIAL,BROOKLYN,2023,11,2617.5199999999995,0.61,446.7800000000001,0.0,0.0,0.0,-39.07
62,INDUSTRIAL,BROOKLYN,2023,12,2632.86,0.61,423.0400000000001,0.0,0.0,0.0,-25.63
62,INDUSTRIAL,BROOKLYN,2024,1,2941.0699999999997,0.69,486.09000000000003,0.0,0.0,0.0,-10.12
62,INDUSTRIAL,BROOKLYN,2024,2,3427.6099999999997,0.8,632.2400000000001,0.0,0.0,0.0,35.74
62,INDUSTRIAL,BROOKLYN,2024,3,2452.32,0.57,420.2800000000001,0.0,0.0,0.0,-42.64
62,INDUSTRIAL,BROOKLYN,2024,4,2647.7400000000002,0.62,465.73999999999995,0.0,0.0,0.0,22.88
62,INDUSTRIAL,BROOKLYN,2024,5,2643.1,0.62,477.81999999999994,0.0,0.0,0.0,4.7
62,INDUSTRIAL,BROOKLYN,2024,6,3110.4300000000003,0.72,535.12,0.0,0.0,0.0,-48.19
62,INDUSTRIAL,BROOKLYN,2024,7,3291.4600000000005,0.77,556.73,0.0,0.0,0.0,-8.31
62,INDUSTRIAL,BROOKLYN,2024,8,3453.12,0.8,571.98,0.0,0.0,0.0,-20.44
62,INDUSTRIAL,BROOKLYN,2024,9,1509.2000000000003,0.35,247.2,0.0,0.0,0.0,-42.09
62,INDUSTRIAL,BROOKLYN,2024,10,2691.5,0.63,453.91,0.0,0.0,0.0,20.16
62,INDUSTRIAL,BROOKLYN,2024,11,3480.97,0.81,609.65,0.0,0.0,0.0,32.99
62,INDUSTRIAL,BROOKLYN,2024,12,2788.94,0.65,471.96,0.0,0.0,0.0,5.93
63,MIXED-USE,STATEN ISLAND,2022,1,1140.63,0.27,203.34000000000003,0.0,0.0,12.12,
63,MIXED-USE,STATEN ISLAND,2022,2,1133.69,0.26,197.73999999999998,0.0,0.0,10.45,
63,MIXED-USE,STATEN ISLAND,2022,3,1591.2799999999997,0.37,256.09000000000003,0.0,0.0,9.05,
63,MIXED-USE,STATEN ISLAND,2022,4,1109.8500000000001,0.26,200.45,0.0,0.0,9.13,
63,MIXED-USE,STATEN ISLAND,2022,5,958.79,0.22,165.71999999999997,0.0,0.0,11.77,
63,MIXED-USE,STATEN ISLAND,2022,6,1126.12,0.26,184.82,0.0,0.0,10.24,
63,MIXED-USE,STATEN ISLAND,2022,7,1168.6599999999999,0.27,191.20000000000002,0.0,0.0,8.93,
63,MIXED-USE,STATEN ISLAND,2022,8,1405.98,0.33,232.53,0.0,0.0,8.28,
63,MIXED-USE,STATEN ISLAND,2022,9,1011.45,0.24,165.50000000000003,0.0,0.0,11.12,
63,MIXED-USE,STATEN ISLAND,2022,10,1366.9499999999998,0.32,240.51,0.0,0.0,6.91,
63,MIXED-USE,STATEN ISLAND,2022,11,1849.55,0.43,340.53000000000003,0.0,0.0,9.32,
63,MIXED-USE,STATEN ISLAND,2022,12,1526.21,0.36,239.06,0.0,0.0,9.16,
63,MIXED-USE,STATEN ISLAND,2023,1,1293.43,0.3,221.86999999999995,0.0,0.0,11.48,13.4
63,MIXED-USE,STATEN ISLAND,2023,2,1141.72,0.27,210.7,0.0,0.0,10.23,0.71
63,MIXED-USE,STATEN ISLAND,2023,3,1614.1499999999999,0.38,262.26000000000005,0.0,0.0,10.39,1.44
63,MIXED-USE,STATEN ISLAND,2023,4,927.4399999999999,0.22,152.82999999999998,0.0,0.0,8.18,-16.44
63,MIXED-USE,STATEN ISLAND,2023,5,1140.96,0.27,183.23000000000002,0.0,0.0,10.88,19.0
63,MIXED-USE,STATEN ISLAND,2023,6,2443.8900000000003,0.57,405.61999999999995,0.0,0.0,10.32,117.02
63,MIXED-USE,STATEN ISLAND,2023,7,1550.8100000000004,0.36,246.92999999999998,0.0,0.0,9.15,32.7
63,MIXED-USE,STATEN ISLAND,2023,8,1833.9199999999998,0.43,307.89000000000004,0.0,0.0,8.68,30.44
63,MIXED-USE,STATEN ISLAND,2023,9,1209.6399999999999,0.28,203.06,0.0,0.0,9.15,19.59
63,MIXED-USE,STATEN ISLAND,2023,10,798.4200000000002,0.19,126.36999999999999,0.0,0.0,13.62,-41.59
63,MIXED-USE,STATEN ISLAND,2023,11,1068.5900000000001,0.25,181.36999999999998,0.0,0.0,9.2,-42.22
63,MIXED-USE,STATEN ISLAND,2023,12,1491.2299999999998,0.35,246.59999999999997,0.0,0.0,7.42,-2.29
63,MIXED-USE,STATEN ISLAND,2024,1,897.46,0.21,152.59,0.0,0.0,11.67,-30.61
63,MIXED-USE,STATEN ISLAND,2024,2,1127.19,0.26,210.79999999999998,0.0,0.0,10.61,-1.27
63,MIXED-USE,STATEN ISLAND,2024,3,1055.19,0.25,194.73,0.0,0.0,10.12,-34.63
63,MIXED-USE,STATEN ISLAND,2024,4,1004.89,0.23,177.44,0.0,0.0,11.77,8.35
63,MIXED-USE,STATEN ISLAND,2024,5,1003.5400000000002,0.23,177.58,0.0,0.0,10.12,-12.04
63,MIXED-USE,STATEN ISLAND,2024,6,1025.4,0.24,168.75,0.0,0.0,10.98,-58.04
63,MIXED-USE,STATEN ISLAND,2024,7,1250.51,0.29,213.79000000000002,0.0,0.0,7.93,-19.36
63,MIXED-USE,STATEN ISLAND,2024,8,1536.7300000000002,0.36,282.94,0.0,0.0,10.16,-16.21
63,MIXED-USE,STATEN ISLAND,2024,9,837.0699999999999,0.2,137.10999999999999,0.0,0.0,13.62,-30.8
63,MIXED-USE,STATEN ISLAND,2024,10,991.1899999999999,0.23,150.84,0.0,0.0,10.62,24.14
63,MIXED-USE,STATEN ISLAND,2024,11,1548.65,0.36,264.59000000000003,0.0,0.0,8.39,44.92
63,MIXED-USE,STATEN ISLAND,2024,12,887.1600000000001,0.21,144.97,0.0,0.0,10.45,-40.51
64,COMMERCIAL OFFICE,BROOKLYN,2022,1,626.1700000000001,0.15,113.29,0.0,0.0,0.0,
64,COMMERCIAL OFFICE,BROOKLYN,2022,2,502.24999999999994,0.12,86.60000000000001,0.0,0.0,0.0,
64,COMMERCIAL OFFICE,BROOKLYN,2022,3,609.9399999999999,0.14,100.41000000000001,0.0,0.0,0.0,
64,COMMERCIAL OFFICE,BROOKLYN,2022,4,483.92999999999995,0.11,87.82999999999998,0.0,0.0,0.0,
64,COMMERCIAL OFFICE,BROOKLYN,2022,5,280.81,0.07,41.32,0.0,0.0,0.0,
64,COMMERCIAL OFFICE,BROOKLYN,2022,6,505.33000000000004,0.12,90.13,0.0,0.0,0.0,
64,COMMERCIAL OFFICE,BROOKLYN,2022,7,571.3100000000001,0.13,97.27000000000001,0.0,0.0,0.0,
64,COMMERCIAL OFFICE,BROOKLYN,2022,8,571.5699999999999,0.13,108.58,0.0,0.0,0.0,
64,COMMERCIAL OFFICE,BROOKLYN,2022,9,572.0,0.13,92.63999999999999,0.0,0.0,0.0,
64,COMMERCIAL OFFICE,BROOKLYN,2022,10,598.96,0.14,99.35999999999999,0.0,0.0,0.0,
64,COMMERCIAL OFFICE,BROOKLYN,2022,11,735.59,0.17,132.18,0.0,0.0,0.0,
64,COMMERCIAL OFFICE,BROOKLYN,2022,12,762.9,0.18,125.37,0.0,0.0,0.0,
64,COMMERCIAL OFFICE,BROOKLYN,2023,1,530.1800000000001,0.12,82.30000000000001,0.0,0.0,0.0,-15.33
64,COMMERCIAL OFFICE,BROOKLYN,2023,2,296.35,0.07,52.32,0.0,0.0,0.0,-41.0
64,COMMERCIAL OFFICE,BROOKLYN,2023,3,727.2900000000001,0.17,121.66999999999999,0.0,0.0,0.0,19.24
64,COMMERCIAL OFFICE,BROOKLYN,2023,4,445.24,0.1,67.91,0.0,0.0,0.0,-7.99
64,COMMERCIAL OFFICE,BROOKLYN,2023,5,441.96,0.1,83.97,0.0,0.0,0.0,57.39
64,COMMERCIAL OFFICE,BROOKLYN,2023,6,997.29,0.23,169.89000000000001,0.0,0.0,0.0,97.35
64,COMMERCIAL OFFICE,BROOKLYN,2023,7,485.27000000000004,0.11,81.78999999999999,0.0,0.0,0.0,-15.06
64,COMMERCIAL OFFICE,BROOKLYN,2023,8,861.47,0.2,139.1,0.0,0.0,0.0,50.72
64,COMMERCIAL OFFICE,BROOKLYN,2023,9,487.6,0.11,83.83000000000001,0.0,0.0,0.0,-14.76
64,COMMERCIAL OFFICE,BROOKLYN,2023,10,399.03,0.09,65.35000000000001,0.0,0.0,0.0,-33.38
64,COMMERCIAL OFFICE,BROOKLYN,2023,11,440.48,0.1,78.62,0.0,0.0,0.0,-40.12
64,COMMERCIAL OFFICE,BROOKLYN,2023,12,587.5999999999999,0.14,100.66999999999999,0.0,0.0,0.0,-22.98
64,COMMERCIAL OFFICE,BROOKLYN,2024,1,507.58,0.12,85.95,0.0,0.0,0.0,-4.26
64,COMMERCIAL OFFICE,BROOKLYN,2024,2,442.19,0.1,70.2,0.0,0.0,0.0,49.21
64,COMMERCIAL OFFICE,BROOKLYN,2024,3,352.48999999999995,0.08,62.06,0.0,0.0,0.0,-51.53
64,COMMERCIAL OFFICE,BROOKLYN,2024,4,469.28,0.11,74.55,0.0,0.0,0.0,5.4
64,COMMERCIAL OFFICE,BROOKLYN,2024,5,516.6500000000001,0.12,85.71000000000001,0.0,0.0,0.0,16.9
64,COMMERCIAL OFFICE,BROOKLYN,2024,6,565.1599999999999,0.13,87.73,0.0,0.0,0.0,-43.33
64,COMMERCIAL OFFICE,BROOKLYN,2024,7,581.38,0.14,99.17999999999999,0.0,0.0,0.0,19.81
64,COMMERCIAL OFFICE,BROOKLYN,2024,8,692.6500000000001,0.16,114.01,0.0,0.0,0.0,-19.6
64,COMMERCIAL OFFICE,BROOKLYN,2024,9,325.46,0.08,55.99,0.0,0.0,0.0,-33.25
64,COMMERCIAL OFFICE,BROOKLYN,2024,10,471.83,0.11,79.37,0.0,0.0,0.0,18.24
64,COMMERCIAL OFFICE,BROOKLYN,2024,11,644.6200000000001,0.15,107.07999999999998,0.0,0.0,0.0,46.34
64,COMMERCIAL OFFICE,BROOKLYN,2024,12,498.04999999999995,0.12,83.77999999999999,0.0,0.0,0.0,-15.24
65,GOVERNMENT,STATEN ISLAND,2022,1,583.24,0.14,94.56,0.0,0.0,0.0,
65,GOVERNMENT,STATEN ISLAND,2022,2,552.0600000000001,0.13,97.91,0.0,0.0,0.0,
65,GOVERNMENT,STATEN ISLAND,2022,3,978.71,0.23,165.26,0.0,0.0,0.0,
65,GOVERNMENT,STATEN ISLAND,2022,4,623.16,0.15,104.68999999999998,0.0,0.0,0.0,
65,GOVERNMENT,STATEN ISLAND,2022,5,523.0000000000001,0.12,89.87000000000002,0.0,0.0,0.0,
65,GOVERNMENT,STATEN ISLAND,2022,6,482.31000000000006,0.11,89.11,0.0,0.0,0.0,
65,GOVERNMENT,STATEN ISLAND,2022,7,641.75,0.15,115.11000000000001,0.0,0.0,0.0,
65,GOVERNMENT,STATEN ISLAND,2022,8,739.8900000000001,0.17,135.26999999999998,0.0,0.0,0.0,
65,GOVERNMENT,STATEN ISLAND,2022,9,756.1500000000001,0.18,127.11000000000001,0.0,0.0,0.0,
65,GOVERNMENT,STATEN ISLAND,2022,10,813.9899999999999,0.19,138.19,0.0,0.0,0.0,
65,GOVERNMENT,STATEN ISLAND,2022,11,916.5900000000001,0.21,168.39999999999998,0.0,0.0,0.0,
65,GOVERNMENT,STATEN ISLAND,2022,12,896.5,0.21,157.85999999999999,0.0,0.0,0.0,
65,GOVERNMENT,STATEN ISLAND,2023,1,570.9200000000001,0.13,101.28,0.0,0.0,0.0,-2.11
65,GOVERNMENT,STATEN ISLAND,2023,2,500.37,0.12,88.53999999999999,0.0,0.0,0.0,-9.36
65,GOVERNMENT,STATEN ISLAND,2023,3,861.44,0.2,145.2,0.0,0.0,0.0,-11.98
65,GOVERNMENT,STATEN ISLAND,2023,4,559.01,0.13,95.47,0.0,0.0,0.0,-10.29
65,GOVERNMENT,STATEN ISLAND,2023,5,521.37,0.12,93.14000000000001,0.0,0.0,0.0,-0.31
65,GOVERNMENT,STATEN ISLAND,2023,6,1388.0500000000002,0.32,239.38,0.0,0.0,0.0,187.79
65,GOVERNMENT,STATEN ISLAND,2023,7,881.94,0.21,147.39999999999998,0.0,0.0,0.0,37.43
65,GOVERNMENT,STATEN ISLAND,2023,8,1133.9499999999998,0.26,199.32999999999998,0.0,0.0,0.0,53.26
65,GOVERNMENT,STATEN ISLAND,2023,9,595.76,0.14,99.94,0.0,0.0,0.0,-21.21
65,GOVERNMENT,STATEN ISLAND,2023,10,425.93,0.1,73.80999999999999,0.0,0.0,0.0,-47.67
65,GOVERNMENT,STATEN ISLAND,2023,11,627.0400000000001,0.15,104.71000000000001,0.0,0.0,0.0,-31.59
65,GOVERNMENT,STATEN ISLAND,2023,12,770.31,0.18,126.26,0.0,0.0,0.0,-14.08
65,GOVERNMENT,STATEN ISLAND,2024,1,628.7,0.15,103.76999999999998,0.0,0.0,0.0,10.12
65,GOVERNMENT,STATEN ISLAND,2024,2,772.77,0.18,125.6,0.0,0.0,0.0,54.44
65,GOVERNMENT,STATEN ISLAND,2024,3,491.18,0.11,93.21,0.0,0.0,0.0,-42.98
65,GOVERNMENT,STATEN ISLAND,2024,4,481.51000000000005,0.11,83.36000000000001,0.0,0.0,0.0,-13.86
65,GOVERNMENT,STATEN ISLAND,2024,5,545.99,0.13,88.14000000000001,0.0,0.0,0.0,4.72
65,GOVERNMENT,STATEN ISLAND,2024,6,582.35,0.14,106.58,0.0,0.0,0.0,-58.05
65,GOVERNMENT,STATEN ISLAND,2024,7,733.32,0.17,112.67999999999999,0.0,0.0,0.0,-16.85
65,GOVERNMENT,STATEN ISLAND,2024,8,784.85,0.18,129.2,0.0,0.0,0.0,-30.79
65,GOVERNMENT,STATEN ISLAND,2024,9,468.72999999999996,0.11,80.72999999999999,0.0,0.0,0.0,-21.32
65,GOVERNMENT,STATEN ISLAND,2024,10,522.2,0.12,89.22999999999999,0.0,0.0,0.0,22.6
65,GOVERNMENT,STATEN ISLAND,2024,11,832.0899999999999,0.19,148.22000000000006,0.0,0.0,0.0,32.7
65,GOVERNMENT,STATEN ISLAND,2024,12,748.65,0.17,133.99,0.0,0.0,0.0,-2.81
66,GOVERNMENT,MANHATTAN,2022,1,329.15,0.08,51.39,0.0,0.0,0.0,
66,GOVERNMENT,MANHATTAN,2022,2,238.33999999999997,0.06,44.38,0.0,0.0,0.0,
66,GOVERNMENT,MANHATTAN,2022,3,436.42,0.1,72.14,0.0,0.0,0.0,
66,GOVERNMENT,MANHATTAN,2022,4,294.69,0.07,48.910000000000004,0.0,0.0,0.0,
66,GOVERNMENT,MANHATTAN,2022,5,166.80999999999997,0.04,30.61,0.0,0.0,0.0,
66,GOVERNMENT,MANHATTAN,2022,6,235.76,0.05,40.5,0.0,0.0,0.0,
66,GOVERNMENT,MANHATTAN,2022,7,348.22,0.08,57.11,0.0,0.0,0.0,
66,GOVERNMENT,MANHATTAN,2022,8,384.76,0.09,62.870000000000005,0.0,0.0,0.0,
66,GOVERNMENT,MANHATTAN,2022,9,307.79,0.07,44.07000000000001,0.0,0.0,0.0,
66,GOVERNMENT,MANHATTAN,2022,10,340.24,0.08,60.32,0.0,0.0,0.0,
66,GOVERNMENT,MANHATTAN,2022,11,441.2000000000001,0.1,77.41000000000003,0.0,0.0,0.0,
66,GOVERNMENT,MANHATTAN,2022,12,331.02,0.08,60.239999999999995,0.0,0.0,0.0,
66,GOVERNMENT,MANHATTAN,2023,1,297.49999999999994,0.07,47.71,0.0,0.0,0.0,-9.62
66,GOVERNMENT,MANHATTAN,2023,2,268.09999999999997,0.06,44.24,0.0,0.0,0.0,12.49
66,GOVERNMENT,MANHATTAN,2023,3,464.43999999999994,0.11,80.03,0.0,0.0,0.0,6.42
66,GOVERNMENT,MANHATTAN,2023,4,220.43999999999997,0.05,37.82000000000001,0.0,0.0,0.0,-25.2
66,GOVERNMENT,MANHATTAN,2023,5,253.49,0.06,45.099999999999994,0.0,0.0,0.0,51.96
66,GOVERNMENT,MANHATTAN,2023,6,584.7,0.14,95.76,0.0,0.0,0.0,148.01
66,GOVERNMENT,MANHATTAN,2023,7,370.33,0.09,61.35,0.0,0.0,0.0,6.35
66,GOVERNMENT,MANHATTAN,2023,8,454.14000000000004,0.11,78.17,0.0,0.0,0.0,18.03
66,GOVERNMENT,MANHATTAN,2023,9,263.24,0.06,44.4,0.0,0.0,0.0,-14.47
66,GOVERNMENT,MANHATTAN,2023,10,217.6,0.05,44.349999999999994,0.0,0.0,0.0,-36.05
66,GOVERNMENT,MANHATTAN,2023,11,244.52999999999994,0.06,41.83,0.0,0.0,0.0,-44.58
66,GOVERNMENT,MANHATTAN,2023,12,419.63000000000005,0.1,68.54,0.0,0.0,0.0,26.77
66,GOVERNMENT,MANHATTAN,2024,1,321.57,0.07,53.00000000000001,0.0,0.0,0.0,8.09
66,GOVERNMENT,MANHATTAN,2024,2,344.03000000000003,0.08,56.75000000000001,0.0,0.0,0.0,28.32
66,GOVERNMENT,MANHATTAN,2024,3,237.82000000000002,0.06,43.489999999999995,0.0,0.0,0.0,-48.79
66,GOVERNMENT,MANHATTAN,2024,4,272.81000000000006,0.06,48.24999999999999,0.0,0.0,0.0,23.76
66,GOVERNMENT,MANHATTAN,2024,5,251.00000000000003,0.06,43.36,0.0,0.0,0.0,-0.98
66,GOVERNMENT,MANHATTAN,2024,6,312.46999999999997,0.07,47.79,0.0,0.0,0.0,-46.56
66,GOVERNMENT,MANHATTAN,2024,7,342.59000000000003,0.08,60.400000000000006,0.0,0.0,0.0,-7.49
66,GOVERNMENT,MANHATTAN,2024,8,393.53999999999996,0.09,70.19,0.0,0.0,0.0,-13.34
66,GOVERNMENT,MANHATTAN,2024,9,218.04,0.05,34.78,0.0,0.0,0.0,-17.17
66,GOVERNMENT,MANHATTAN,2024,10,259.23999999999995,0.06,46.11,0.0,0.0,0.0,19.14
66,GOVERNMENT,MANHATTAN,2024,11,355.18999999999994,0.08,57.120000000000005,0.0,0.0,0.0,45.25
66,GOVERNMENT,MANHATTAN,2024,12,297.92999999999995,0.07,50.43,0.0,0.0,0.0,-29.0
67,COMMERCIAL OFFICE,MANHATTAN,2022,1,1616.2200000000003,0.38,268.78000000000003,0.0,0.0,0.0,
67,COMMERCIAL OFFICE,MANHATTAN,2022,2,1361.12,0.32,220.23,0.0,0.0,0.0,
67,COMMERCIAL OFFICE,MANHATTAN,2022,3,2101.08,0.49,352.31999999999994,0.0,0.0,0.0,
67,COMMERCIAL OFFICE,MANHATTAN,2022,4,1614.1100000000001,0.38,273.42,0.0,0.0,0.0,
67,COMMERCIAL OFFICE,MANHATTAN,2022,5,1173.74,0.27,190.94,0.0,0.0,0.0,
67,COMMERCIAL OFFICE,MANHATTAN,2022,6,1576.3899999999999,0.37,245.06,0.0,0.0,0.0,
67,COMMERCIAL OFFICE,MANHATTAN,2022,7,1617.4500000000003,0.38,267.33,0.0,0.0,0.0,
67,COMMERCIAL OFFICE,MANHATTAN,2022,8,1993.04,0.46,353.74,0.0,0.0,0.0,
67,COMMERCIAL OFFICE,MANHATTAN,2022,9,1538.4299999999998,0.36,269.48,0.0,0.0,0.0,
67,COMMERCIAL OFFICE,MANHATTAN,2022,10,1935.18,0.45,332.36000000000007,0.0,0.0,0.0,
67,COMMERCIAL OFFICE,MANHATTAN,2022,11,2453.230000000001,0.57,427.96000000000004,0.0,0.0,0.0,
67,COMMERCIAL OFFICE,MANHATTAN,2022,12,1780.04,0.41,304.15999999999997,0.0,0.0,0.0,
67,COMMERCIAL OFFICE,MANHATTAN,2023,1,1615.6,0.38,279.47999999999996,0.0,0.0,0.0,-0.04
67,COMMERCIAL OFFICE,MANHATTAN,2023,2,1328.44,0.31,222.32,0.0,0.0,0.0,-2.4
67,COMMERCIAL OFFICE,MANHATTAN,2023,3,2247.26,0.52,376.96999999999997,0.0,0.0,0.0,6.96
67,COMMERCIAL OFFICE,MANHATTAN,2023,4,1481.06,0.35,260.69,0.0,0.0,0.0,-8.24
67,COMMERCIAL OFFICE,MANHATTAN,2023,5,1378.63,0.32,240.44000000000005,0.0,0.0,0.0,17.46
67,COMMERCIAL OFFICE,MANHATTAN,2023,6,3286.2900000000004,0.77,579.9099999999999,0.0,0.0,0.0,108.47
67,COMMERCIAL OFFICE,MANHATTAN,2023,7,1962.1999999999998,0.46,334.44000000000005,0.0,0.0,0.0,21.31
67,COMMERCIAL OFFICE,MANHATTAN,2023,8,2582.2000000000007,0.6,428.3699999999999,0.0,0.0,0.0,29.56
67,COMMERCIAL OFFICE,MANHATTAN,2023,9,1358.65,0.32,232.93000000000004,0.0,0.0,0.0,-11.69
67,COMMERCIAL OFFICE,MANHATTAN,2023,10,1029.4,0.24,177.76,0.0,0.0,0.0,-46.81
67,COMMERCIAL OFFICE,MANHATTAN,2023,11,1220.9800000000002,0.28,206.37,0.0,0.0,0.0,-50.23
67,COMMERCIAL OFFICE,MANHATTAN,2023,12,2099.89,0.49,354.84,0.0,0.0,0.0,17.97
67,COMMERCIAL OFFICE,MANHATTAN,2024,1,1499.56,0.35,258.7,0.0,0.0,0.0,-7.18
67,COMMERCIAL OFFICE,MANHATTAN,2024,2,1270.1399999999999,0.3,195.18,0.0,0.0,0.0,-4.39
67,COMMERCIAL OFFICE,MANHATTAN,2024,3,1435.79,0.33,250.36000000000004,0.0,0.0,0.0,-36.11
67,COMMERCIAL OFFICE,MANHATTAN,2024,4,1462.55,0.34,276.48,0.0,0.0,0.0,-1.25
67,COMMERCIAL OFFICE,MANHATTAN,2024,5,1568.7800000000002,0.37,264.26,0.0,0.0,0.0,13.79
67,COMMERCIAL OFFICE,MANHATTAN,2024,6,1335.25,0.31,231.61999999999998,0.0,0.0,0.0,-59.37
67,COMMERCIAL OFFICE,MANHATTAN,2024,7,1671.6,0.39,300.15000000000003,0.0,0.0,0.0,-14.81
67,COMMERCIAL OFFICE,MANHATTAN,2024,8,2295.2499999999995,0.53,384.15000000000003,0.0,0.0,0.0,-11.11
67,COMMERCIAL OFFICE,MANHATTAN,2024,9,1173.93,0.27,187.76000000000002,0.0,0.0,0.0,-13.6
67,COMMERCIAL OFFICE,MANHATTAN,2024,10,1334.6100000000001,0.31,226.91000000000003,0.0,0.0,0.0,29.65
67,COMMERCIAL OFFICE,MANHATTAN,2024,11,2162.44,0.5,349.76,0.0,0.0,0.0,77.11
67,COMMERCIAL OFFICE,MANHATTAN,2024,12,1455.15,0.34,256.7,0.0,0.0,0.0,-30.7
68,GOVERNMENT,STATEN ISLAND,2022,1,499.05,0.12,82.91000000000001,0.0,0.0,0.0,
68,GOVERNMENT,STATEN ISLAND,2022,2,484.52,0.11,87.1,0.0,0.0,0.0,
68,GOVERNMENT,STATEN ISLAND,2022,3,798.16,0.19,137.85999999999999,0.0,0.0,0.0,
68,GOVERNMENT,STATEN ISLAND,2022,4,613.55,0.14,108.11,0.0,0.0,0.0,
68,GOVERNMENT,STATEN ISLAND,2022,5,506.46,0.12,84.27,0.0,0.0,0.0,
68,GOVERNMENT,STATEN ISLAND,2022,6,607.09,0.14,100.24,0.0,0.0,0.0,
68,GOVERNMENT,STATEN ISLAND,2022,7,701.2500000000001,0.16,115.85999999999999,0.0,0.0,0.0,
68,GOVERNMENT,STATEN ISLAND,2022,8,710.01,0.17,126.18,0.0,0.0,0.0,
68,GOVERNMENT,STATEN ISLAND,2022,9,555.26,0.13,99.41000000000001,0.0,0.0,0.0,
68,GOVERNMENT,STATEN ISLAND,2022,10,685.2,0.16,119.44999999999997,0.0,0.0,0.0,
68,GOVERNMENT,STATEN ISLAND,2022,11,789.91,0.18,142.09,0.0,0.0,0.0,
68,GOVERNMENT,STATEN ISLAND,2022,12,753.13,0.18,131.37,0.0,0.0,0.0,
68,GOVERNMENT,STATEN ISLAND,2023,1,567.47,0.13,90.98,0.0,0.0,0.0,13.71
68,GOVERNMENT,STATEN ISLAND,2023,2,402.31,0.09,66.28,0.0,0.0,0.0,-16.97
68,GOVERNMENT,STATEN ISLAND,2023,3,860.2199999999999,0.2,149.41,0.0,0.0,0.0,7.78
68,GOVERNMENT,STATEN ISLAND,2023,4,445.76,0.1,73.25999999999999,0.0,0.0,0.0,-27.35
68,GOVERNMENT,STATEN ISLAND,2023,5,505.0799999999999,0.12,82.76000000000002,0.0,0.0,0.0,-0.27
68,GOVERNMENT,STATEN ISLAND,2023,6,1170.06,0.27,206.98999999999998,0.0,0.0,0.0,92.73
68,GOVERNMENT,STATEN ISLAND,2023,7,745.21,0.17,129.55,0.0,0.0,0.0,6.27
68,GOVERNMENT,STATEN ISLAND,2023,8,975.61,0.23,168.97,0.0,0.0,0.0,37.41
68,GOVERNMENT,STATEN ISLAND,2023,9,596.55,0.14,104.75999999999999,0.0,0.0,0.0,7.44
68,GOVERNMENT,STATEN ISLAND,2023,10,426.06,0.1,66.29,0.0,0.0,0.0,-37.82
68,GOVERNMENT,STATEN ISLAND,2023,11,590.6899999999999,0.14,102.08999999999999,0.0,0.0,0.0,-25.22
68,GOVERNMENT,STATEN ISLAND,2023,12,731.6999999999999,0.17,125.67,0.0,0.0,0.0,-2.85
68,GOVERNMENT,STATEN ISLAND,2024,1,717.1599999999999,0.17,123.64999999999999,0.0,0.0,0.0,26.38
68,GOVERNMENT,STATEN ISLAND,2024,2,538.3599999999999,0.13,94.88000000000001,0.0,0.0,0.0,33.82
68,GOVERNMENT,STATEN ISLAND,2024,3,478.66999999999996,0.11,76.4,0.0,0.0,0.0,-44.35
68,GOVERNMENT,STATEN ISLAND,2024,4,525.6200000000001,0.12,87.22999999999999,0.0,0.0,0.0,17.92
68,GOVERNMENT,STATEN ISLAND,2024,5,595.26,0.14,97.18,0.0,0.0,0.0,17.85
68,GOVERNMENT,STATEN ISLAND,2024,6,568.7900000000001,0.13,97.78,0.0,0.0,0.0,-51.39
68,GOVERNMENT,STATEN ISLAND,2024,7,601.54,0.14,109.51,0.0,0.0,0.0,-19.28
68,GOVERNMENT,STATEN ISLAND,2024,8,587.93,0.14,101.13,0.0,0.0,0.0,-39.74
68,GOVERNMENT,STATEN ISLAND,2024,9,415.70000000000005,0.1,71.99000000000001,0.0,0.0,0.0,-30.32
68,GOVERNMENT,STATEN ISLAND,2024,10,539.25,0.13,96.58,0.0,0.0,0.0,26.57
68,GOVERNMENT,STATEN ISLAND,2024,11,719.52,0.17,123.24999999999997,0.0,0.0,0.0,21.81
68,GOVERNMENT,STATEN ISLAND,2024,12,378.1,0.09,64.78999999999999,0.0,0.0,0.0,-48.33
69,RETAIL,BROOKLYN,2022,1,1011.0799999999999,0.24,177.45000000000002,0.0,0.0,0.0,
69,RETAIL,BROOKLYN,2022,2,799.87,0.19,130.51,0.0,0.0,0.0,
69,RETAIL,BROOKLYN,2022,3,1064.8400000000001,0.25,180.45000000000005,0.0,0.0,0.0,
69,RETAIL,BROOKLYN,2022,4,700.6000000000001,0.16,123.17,0.0,0.0,0.0,
69,RETAIL,BROOKLYN,2022,5,742.2399999999999,0.17,123.64,0.0,0.0,0.0,
69,RETAIL,BROOKLYN,2022,6,677.13,0.16,121.71000000000001,0.0,0.0,0.0,
69,RETAIL,BROOKLYN,2022,7,897.6199999999999,0.21,151.61,0.0,0.0,0.0,
69,RETAIL,BROOKLYN,2022,8,1085.3,0.25,189.5,0.0,0.0,0.0,
69,RETAIL,BROOKLYN,2022,9,733.0500000000001,0.17,125.92,0.0,0.0,0.0,
69,RETAIL,BROOKLYN,2022,10,1111.25,0.26,184.17,0.0,0.0,0.0,
69,RETAIL,BROOKLYN,2022,11,1142.88,0.27,195.0,0.0,0.0,0.0,
69,RETAIL,BROOKLYN,2022,12,1059.49,0.25,176.59000000000003,0.0,0.0,0.0,
69,RETAIL,BROOKLYN,2023,1,913.2999999999998,0.21,157.91000000000003,0.0,0.0,0.0,-9.67
69,RETAIL,BROOKLYN,2023,2,556.84,0.13,93.86000000000001,0.0,0.0,0.0,-30.38
69,RETAIL,BROOKLYN,2023,3,1210.4899999999998,0.28,202.79,0.0,0.0,0.0,13.68
69,RETAIL,BROOKLYN,2023,4,734.2500000000001,0.17,129.82,0.0,0.0,0.0,4.8
69,RETAIL,BROOKLYN,2023,5,613.0600000000001,0.14,102.96,0.0,0.0,0.0,-17.4
69,RETAIL,BROOKLYN,2023,6,1805.83,0.42,292.04,0.0,0.0,0.0,166.69
69,RETAIL,BROOKLYN,2023,7,966.8300000000002,0.23,153.29999999999998,0.0,0.0,0.0,7.71
69,RETAIL,BROOKLYN,2023,8,1527.3699999999997,0.36,259.41999999999996,0.0,0.0,0.0,40.73
69,RETAIL,BROOKLYN,2023,9,871.08,0.2,146.09,0.0,0.0,0.0,18.83
69,RETAIL,BROOKLYN,2023,10,547.24,0.13,85.44,0.0,0.0,0.0,-50.75
69,RETAIL,BROOKLYN,2023,11,682.59,0.16,118.75999999999999,0.0,0.0,0.0,-40.27
69,RETAIL,BROOKLYN,2023,12,1182.5,0.28,201.06,0.0,0.0,0.0,11.61
69,RETAIL,BROOKLYN,2024,1,841.82,0.2,129.8,0.0,0.0,0.0,-7.83
69,RETAIL,BROOKLYN,2024,2,998.4499999999999,0.23,166.08999999999997,0.0,0.0,0.0,79.31
69,RETAIL,BROOKLYN,2024,3,552.3100000000001,0.13,92.06,0.0,0.0,0.0,-54.37
69,RETAIL,BROOKLYN,2024,4,725.44,0.17,129.67999999999998,0.0,0.0,0.0,-1.2
69,RETAIL,BROOKLYN,2024,5,791.56,0.18,120.51999999999998,0.0,0.0,0.0,29.12
69,RETAIL,BROOKLYN,2024,6,727.04,0.17,115.72999999999999,0.0,0.0,0.0,-59.74
69,RETAIL,BROOKLYN,2024,7,1007.24,0.23,185.49999999999997,0.0,0.0,0.0,4.18
69,RETAIL,BROOKLYN,2024,8,1022.4499999999999,0.24,185.31,0.0,0.0,0.0,-33.06
69,RETAIL,BROOKLYN,2024,9,556.8100000000001,0.13,92.64,0.0,0.0,0.0,-36.08
69,RETAIL,BROOKLYN,2024,10,779.04,0.18,135.96,0.0,0.0,0.0,42.36
69,RETAIL,BROOKLYN,2024,11,1131.8999999999999,0.26,188.41000000000003,0.0,0.0,0.0,65.82
69,RETAIL,BROOKLYN,2024,12,806.88,0.19,135.12,0.0,0.0,0.0,-31.76
70,RESIDENTIAL HIGH-RISE,QUEENS,2022,1,414.8,0.1,73.58,0.0,0.0,9.96,
70,RESIDENTIAL HIGH-RISE,QUEENS,2022,2,308.84999999999997,0.07,48.940000000000005,0.0,0.0,11.72,
70,RESIDENTIAL HIGH-RISE,QUEENS,2022,3,573.9499999999999,0.13,101.46999999999998,0.0,0.0,9.95,
70,RESIDENTIAL HIGH-RISE,QUEENS,2022,4,396.35999999999996,0.09,69.54,0.0,0.0,7.3,
70,RESIDENTIAL HIGH-RISE,QUEENS,2022,5,299.73999999999995,0.07,49.470000000000006,0.0,0.0,10.4,
70,RESIDENTIAL HIGH-RISE,QUEENS,2022,6,332.3399999999999,0.08,53.88,0.0,0.0,15.59,
70,RESIDENTIAL HIGH-RISE,QUEENS,2022,7,443.02,0.1,75.86999999999999,0.0,0.0,10.28,
70,RESIDENTIAL HIGH-RISE,QUEENS,2022,8,549.4000000000001,0.13,90.67,0.0,0.0,8.76,
70,RESIDENTIAL HIGH-RISE,QUEENS,2022,9,390.31,0.09,74.32,0.0,0.0,8.25,
70,RESIDENTIAL HIGH-RISE,QUEENS,2022,10,522.59,0.12,87.43,0.0,0.0,11.91,
70,RESIDENTIAL HIGH-RISE,QUEENS,2022,11,562.6400000000001,0.13,105.24,0.0,0.0,9.49,
70,RESIDENTIAL HIGH-RISE,QUEENS,2022,12,472.12,0.11,75.05,0.0,0.0,11.78,
70,RESIDENTIAL HIGH-RISE,QUEENS,2023,1,405.76000000000005,0.09,61.81000000000001,0.0,0.0,9.02,-2.18
70,RESIDENTIAL HIGH-RISE,QUEENS,2023,2,352.53000000000003,0.08,56.43000000000001,0.0,0.0,9.78,14.14
70,RESIDENTIAL HIGH-RISE,QUEENS,2023,3,557.99,0.13,98.79999999999998,0.0,0.0,10.48,-2.78
70,RESIDENTIAL HIGH-RISE,QUEENS,2023,4,294.14000000000004,0.07,48.59999999999999,0.0,0.0,11.66,-25.79
70,RESIDENTIAL HIGH-RISE,QUEENS,2023,5,372.01,0.09,67.39,0.0,0.0,9.9,24.11
70,RESIDENTIAL HIGH-RISE,QUEENS,2023,6,762.1800000000001,0.18,142.4,0.0,0.0,8.93,129.34
70,RESIDENTIAL HIGH-RISE,QUEENS,2023,7,541.34,0.13,97.3,0.0,0.0,10.86,22.19
70,RESIDENTIAL HIGH-RISE,QUEENS,2023,8,617.3300000000002,0.14,96.8,0.0,0.0,8.99,12.36
70,RESIDENTIAL HIGH-RISE,QUEENS,2023,9,398.3000000000001,0.09,65.44999999999999,0.0,0.0,9.62,2.05
70,RESIDENTIAL HIGH-RISE,QUEENS,2023,10,278.78000000000003,0.06,48.76,0.0,0.0,6.19,-46.65
70,RESIDENTIAL HIGH-RISE,QUEENS,2023,11,341.31,0.08,56.959999999999994,0.0,0.0,10.42,-39.34
70,RESIDENTIAL HIGH-RISE,QUEENS,2023,12,523.83,0.12,82.10999999999999,0.0,0.0,7.69,10.95
70,RESIDENTIAL HIGH-RISE,QUEENS,2024,1,392.41999999999996,0.09,60.74000000000001,0.0,0.0,11.77,-3.29
70,RESIDENTIAL HIGH-RISE,QUEENS,2024,2,441.2,0.1,73.19,0.0,0.0,9.47,25.15
70,RESIDENTIAL HIGH-RISE,QUEENS,2024,3,304.03000000000003,0.07,53.21000000000001,0.0,0.0,9.27,-45.51
70,RESIDENTIAL HIGH-RISE,QUEENS,2024,4,316.60999999999996,0.07,51.55,0.0,0.0,7.84,7.64
70,RESIDENTIAL HIGH-RISE,QUEENS,2024,5,353.84999999999997,0.08,60.349999999999994,0.0,0.0,8.15,-4.88
70,RESIDENTIAL HIGH-RISE,QUEENS,2024,6,392.23,0.09,66.19999999999999,0.0,0.0,12.07,-48.54
70,RESIDENTIAL HIGH-RISE,QUEENS,2024,7,454.19,0.11,76.23,0.0,0.0,8.25,-16.1
70,RESIDENTIAL HIGH-RISE,QUEENS,2024,8,495.01,0.12,91.94999999999999,0.0,0.0,8.24,-19.81
70,RESIDENTIAL HIGH-RISE,QUEENS,2024,9,227.22,0.05,36.629999999999995,0.0,0.0,7.34,-42.95
70,RESIDENTIAL HIGH-RISE,QUEENS,2024,10,346.02,0.08,58.540000000000006,0.0,0.0,6.94,24.12
70,RESIDENTIAL HIGH-RISE,QUEENS,2024,11,470.47,0.11,85.14,0.0,0.0,10.66,37.84
70,RESIDENTIAL HIGH-RISE,QUEENS,2024,12,394.31,0.09,64.56000000000002,0.0,0.0,10.65,-24.73
71,COMMERCIAL OFFICE,BRONX,2022,1,163.9,0.04,28.92,0.0,0.0,0.0,
71,COMMERCIAL OFFICE,BRONX,2022,2,132.61999999999998,0.03,24.130000000000003,0.0,0.0,0.0,
71,COMMERCIAL OFFICE,BRONX,2022,3,205.73000000000002,0.05,33.870000000000005,0.0,0.0,0.0,
71,COMMERCIAL OFFICE,BRONX,2022,4,154.11999999999998,0.04,29.08,0.0,0.0,0.0,
71,COMMERCIAL OFFICE,BRONX,2022,5,114.28,0.03,18.14,0.0,0.0,0.0,
71,COMMERCIAL OFFICE,BRONX,2022,6,132.76000000000002,0.03,21.35,0.0,0.0,0.0,
71,COMMERCIAL OFFICE,BRONX,2022,7,160.78,0.04,30.880000000000003,0.0,0.0,0.0,
71,COMMERCIAL OFFICE,BRONX,2022,8,178.46,0.04,29.439999999999998,0.0,0.0,0.0,
71,COMMERCIAL OFFICE,BRONX,2022,9,165.76999999999998,0.04,28.33,0.0,0.0,0.0,
71,COMMERCIAL OFFICE,BRONX,2022,10,180.67000000000002,0.04,29.89,0.0,0.0,0.0,
71,COMMERCIAL OFFICE,BRONX,2022,11,211.14,0.05,35.06000000000001,0.0,0.0,0.0,
71,COMMERCIAL OFFICE,BRONX,2022,12,170.13,0.04,29.069999999999997,0.0,0.0,0.0,
71,COMMERCIAL OFFICE,BRONX,2023,1,172.53999999999996,0.04,29.33,0.0,0.0,0.0,5.27
71,COMMERCIAL OFFICE,BRONX,2023,2,131.79999999999998,0.03,20.96,0.0,0.0,0.0,-0.62
71,COMMERCIAL OFFICE,BRONX,2023,3,191.23000000000002,0.04,30.59,0.0,0.0,0.0,-7.05
71,COMMERCIAL OFFICE,BRONX,2023,4,132.71,0.03,21.89,0.0,0.0,0.0,-13.89
71,COMMERCIAL OFFICE,BRONX,2023,5,123.05,0.03,20.310000000000002,0.0,0.0,0.0,7.67
71,COMMERCIAL OFFICE,BRONX,2023,6,296.40000000000003,0.07,49.519999999999996,0.0,0.0,0.0,123.26
71,COMMERCIAL OFFICE,BRONX,2023,7,188.45999999999998,0.04,32.66,0.0,0.0,0.0,17.22
71,COMMERCIAL OFFICE,BRONX,2023,8,260.24,0.06,44.73,0.0,0.0,0.0,45.83
71,COMMERCIAL OFFICE,BRONX,2023,9,161.16,0.04,27.250000000000004,0.0,0.0,0.0,-2.78
71,COMMERCIAL OFFICE,BRONX,2023,10,116.95000000000002,0.03,18.03,0.0,0.0,0.0,-35.27
71,COMMERCIAL OFFICE,BRONX,2023,11,139.73,0.03,24.729999999999997,0.0,0.0,0.0,-33.82
71,COMMERCIAL OFFICE,BRONX,2023,12,190.15000000000003,0.04,31.74,0.0,0.0,0.0,11.77
71,COMMERCIAL OFFICE,BRONX,2024,1,122.78999999999999,0.03,18.31,0.0,0.0,0.0,-28.83
71,COMMERCIAL OFFICE,BRONX,2024,2,180.18,0.04,32.68,0.0,0.0,0.0,36.71
71,COMMERCIAL OFFICE,BRONX,2024,3,111.02000000000001,0.03,17.84,0.0,0.0,0.0,-41.94
71,COMMERCIAL OFFICE,BRONX,2024,4,115.92,0.03,20.44,0.0,0.0,0.0,-12.65
71,COMMERCIAL OFFICE,BRONX,2024,5,135.11,0.03,24.160000000000004,0.0,0.0,0.0,9.8
71,COMMERCIAL OFFICE,BRONX,2024,6,138.21999999999997,0.03,23.43,0.0,0.0,0.0,-53.37
71,COMMERCIAL OFFICE,BRONX,2024,7,159.76,0.04,28.56,0.0,0.0,0.0,-15.23
71,COMMERCIAL OFFICE,BRONX,2024,8,201.73999999999998,0.05,34.6,0.0,0.0,0.0,-22.48
71,COMMERCIAL OFFICE,BRONX,2024,9,113.74,0.03,20.5,0.0,0.0,0.0,-29.42
71,COMMERCIAL OFFICE,BRONX,2024,10,138.5,0.03,23.269999999999996,0.0,0.0,0.0,18.43
71,COMMERCIAL OFFICE,BRONX,2024,11,190.50999999999996,0.04,33.71,0.0,0.0,0.0,36.34
71,COMMERCIAL OFFICE,BRONX,2024,12,158.15,0.04,28.010000000000005,0.0,0.0,0.0,-16.83
72,INDUSTRIAL,BRONX,2022,1,2680.58,0.62,445.21000000000004,0.0,0.0,0.0,
72,INDUSTRIAL,BRONX,2022,2,2465.61,0.57,412.7,0.0,0.0,0.0,
72,INDUSTRIAL,BRONX,2022,3,3570.42,0.83,653.88,0.0,0.0,0.0,
72,INDUSTRIAL,BRONX,2022,4,3051.62,0.71,534.42,0.0,0.0,0.0,
72,INDUSTRIAL,BRONX,2022,5,2319.21,0.54,416.84000000000003,0.0,0.0,0.0,
72,INDUSTRIAL,BRONX,2022,6,3009.09,0.7,557.15,0.0,0.0,0.0,
72,INDUSTRIAL,BRONX,2022,7,3113.89,0.73,600.02,0.0,0.0,0.0,
72,INDUSTRIAL,BRONX,2022,8,3799.9000000000005,0.89,674.59,0.0,0.0,0.0,
72,INDUSTRIAL,BRONX,2022,9,2936.42,0.68,494.81000000000006,0.0,0.0,0.0,
72,INDUSTRIAL,BRONX,2022,10,4173.360000000001,0.97,702.32,0.0,0.0,0.0,
72,INDUSTRIAL,BRONX,2022,11,4655.2300000000005,1.08,750.97,0.0,0.0,0.0,
72,INDUSTRIAL,BRONX,2022,12,3734.93,0.87,614.3499999999999,0.0,0.0,0.0,
72,INDUSTRIAL,BRONX,2023,1,2898.6499999999996,0.68,502.12,0.0,0.0,0.0,8.14
72,INDUSTRIAL,BRONX,2023,2,2290.29,0.53,377.63,0.0,0.0,0.0,-7.11
72,INDUSTRIAL,BRONX,2023,3,3847.5,0.9,675.47,0.0,0.0,0.0,7.76
72,INDUSTRIAL,BRONX,2023,4,2106.58,0.49,338.85,0.0,0.0,0.0,-30.97
72,INDUSTRIAL,BRONX,2023,5,2687.8900000000003,0.63,434.5900000000001,0.0,0.0,0.0,15.9
72,INDUSTRIAL,BRONX,2023,6,5649.19,1.32,940.94,0.0,0.0,0.0,87.74
72,INDUSTRIAL,BRONX,2023,7,3112.7799999999997,0.73,568.3799999999999,0.0,0.0,0.0,-0.04
72,INDUSTRIAL,BRONX,2023,8,5482.579999999999,1.28,917.5600000000002,0.0,0.0,0.0,44.28
72,INDUSTRIAL,BRONX,2023,9,2709.6800000000003,0.63,473.2,0.0,0.0,0.0,-7.72
72,INDUSTRIAL,BRONX,2023,10,2082.72,0.49,353.82000000000005,0.0,0.0,0.0,-50.09
72,INDUSTRIAL,BRONX,2023,11,2678.68,0.62,441.19000000000005,0.0,0.0,0.0,-42.46
72,INDUSTRIAL,BRONX,2023,12,4290.81,1.0,760.1700000000001,0.0,0.0,0.0,14.88
72,INDUSTRIAL,BRONX,2024,1,2454.4299999999994,0.57,399.84999999999997,0.0,0.0,0.0,-15.33
72,INDUSTRIAL,BRONX,2024,2,3310.83,0.77,526.24,0.0,0.0,0.0,44.56
72,INDUSTRIAL,BRONX,2024,3,2551.03,0.59,475.37999999999994,0.0,0.0,0.0,-33.7
72,INDUSTRIAL,BRONX,2024,4,2602.7899999999995,0.61,445.35,0.0,0.0,0.0,23.56
72,INDUSTRIAL,BRONX,2024,5,2215.89,0.52,356.22,0.0,0.0,0.0,-17.56
72,INDUSTRIAL,BRONX,2024,6,3274.7099999999996,0.76,530.79,0.0,0.0,0.0,-42.03
72,INDUSTRIAL,BRONX,2024,7,2963.7799999999997,0.69,481.27,0.0,0.0,0.0,-4.79
72,INDUSTRIAL,BRONX,2024,8,3889.9700000000003,0.91,607.8100000000001,0.0,0.0,0.0,-29.05
72,INDUSTRIAL,BRONX,2024,9,2151.3999999999996,0.5,364.85,0.0,0.0,0.0,-20.6
72,INDUSTRIAL,BRONX,2024,10,2825.2900000000004,0.66,453.24999999999994,0.0,0.0,0.0,35.65
72,INDUSTRIAL,BRONX,2024,11,3648.7199999999993,0.85,618.74,0.0,0.0,0.0,36.21
72,INDUSTRIAL,BRONX,2024,12,3218.3500000000004,0.75,532.75,0.0,0.0,0.0,-24.99
73,INDUSTRIAL,BRONX,2022,1,1245.04,0.29,206.39999999999998,0.0,0.0,0.0,
73,INDUSTRIAL,BRONX,2022,2,909.4300000000001,0.21,167.09,0.0,0.0,0.0,
73,INDUSTRIAL,BRONX,2022,3,1519.87,0.35,271.3,0.0,0.0,0.0,
73,INDUSTRIAL,BRONX,2022,4,1175.73,0.27,214.02999999999997,0.0,0.0,0.0,
73,INDUSTRIAL,BRONX,2022,5,730.4399999999998,0.17,127.49999999999999,0.0,0.0,0.0,
73,INDUSTRIAL,BRONX,2022,6,947.1500000000001,0.22,154.39000000000001,0.0,0.0,0.0,
73,INDUSTRIAL,BRONX,2022,7,1201.82,0.28,190.76,0.0,0.0,0.0,
73,INDUSTRIAL,BRONX,2022,8,1101.94,0.26,195.14000000000001,0.0,0.0,0.0,
73,INDUSTRIAL,BRONX,2022,9,1048.88,0.24,191.33999999999997,0.0,0.0,0.0,
73,INDUSTRIAL,BRONX,2022,10,1204.91,0.28,201.69,0.0,0.0,0.0,
73,INDUSTRIAL,BRONX,2022,11,1527.5100000000002,0.36,269.69,0.0,0.0,0.0,
73,INDUSTRIAL,BRONX,2022,12,1414.3899999999999,0.33,221.48999999999995,0.0,0.0,0.0,
73,INDUSTRIAL,BRONX,2023,1,808.5,0.19,144.26,0.0,0.0,0.0,-35.06
73,INDUSTRIAL,BRONX,2023,2,823.69,0.19,141.13,0.0,0.0,0.0,-9.43
73,INDUSTRIAL,BRONX,2023,3,1492.88,0.35,258.69,0.0,0.0,0.0,-1.78
73,INDUSTRIAL,BRONX,2023,4,921.18,0.21,158.07000000000002,0.0,0.0,0.0,-21.65
73,INDUSTRIAL,BRONX,2023,5,913.28,0.21,156.05,0.0,0.0,0.0,25.03
73,INDUSTRIAL,BRONX,2023,6,2077.4500000000003,0.48,337.10999999999996,0.0,0.0,0.0,119.34
73,INDUSTRIAL,BRONX,2023,7,1362.2399999999998,0.32,215.20999999999998,0.0,0.0,0.0,13.35
73,INDUSTRIAL,BRONX,2023,8,1944.56,0.45,318.94000000000005,0.0,0.0,0.0,76.47
73,INDUSTRIAL,BRONX,2023,9,1035.7099999999998,0.24,180.35000000000002,0.0,0.0,0.0,-1.26
73,INDUSTRIAL,BRONX,2023,10,741.3899999999999,0.17,125.02000000000001,0.0,0.0,0.0,-38.47
73,INDUSTRIAL,BRONX,2023,11,1043.21,0.24,187.34,0.0,0.0,0.0,-31.71
73,INDUSTRIAL,BRONX,2023,12,1572.7099999999998,0.37,271.91,0.0,0.0,0.0,11.19
73,INDUSTRIAL,BRONX,2024,1,1154.02,0.27,192.18000000000004,0.0,0.0,0.0,42.74
73,INDUSTRIAL,BRONX,2024,2,1186.2199999999998,0.28,195.74,0.0,0.0,0.0,44.01
73,INDUSTRIAL,BRONX,2024,3,925.7100000000002,0.22,152.55,0.0,0.0,0.0,-37.99
73,INDUSTRIAL,BRONX,2024,4,926.11,0.22,173.48,0.0,0.0,0.0,0.54
73,INDUSTRIAL,BRONX,2024,5,991.7799999999999,0.23,181.42999999999998,0.0,0.0,0.0,8.6
73,INDUSTRIAL,BRONX,2024,6,1055.3300000000002,0.25,163.55,0.0,0.0,0.0,-49.2
73,INDUSTRIAL,BRONX,2024,7,1192.0100000000002,0.28,207.04,0.0,0.0,0.0,-12.5
73,INDUSTRIAL,BRONX,2024,8,1239.38,0.29,206.66,0.0,0.0,0.0,-36.26
73,INDUSTRIAL,BRONX,2024,9,705.74,0.16,120.74000000000001,0.0,0.0,0.0,-31.86
73,INDUSTRIAL,BRONX,2024,10,1017.92,0.24,170.97,0.0,0.0,0.0,37.3
73,INDUSTRIAL,BRONX,2024,11,1359.5300000000002,0.32,245.32999999999998,0.0,0.0,0.0,30.32
73,INDUSTRIAL,BRONX,2024,12,1176.87,0.27,192.75,0.0,0.0,0.0,-25.17
74,GOVERNMENT,STATEN ISLAND,2022,1,649.08,0.15,105.1,0.0,0.0,0.0,
74,GOVERNMENT,STATEN ISLAND,2022,2,647.47,0.15,116.69000000000001,0.0,0.0,0.0,
74,GOVERNMENT,STATEN ISLAND,2022,3,853.3699999999999,0.2,139.72,0.0,0.0,0.0,
74,GOVERNMENT,STATEN ISLAND,2022,4,557.7900000000001,0.13,101.16000000000003,0.0,0.0,0.0,
74,GOVERNMENT,STATEN ISLAND,2022,5,488.14000000000004,0.11,83.00000000000001,0.0,0.0,0.0,
74,GOVERNMENT,STATEN ISLAND,2022,6,510.78999999999996,0.12,81.72,0.0,0.0,0.0,
74,GOVERNMENT,STATEN ISLAND,2022,7,678.9000000000001,0.16,107.25000000000001,0.0,0.0,0.0,
74,GOVERNMENT,STATEN ISLAND,2022,8,819.77,0.19,150.12000000000003,0.0,0.0,0.0,
74,GOVERNMENT,STATEN ISLAND,2022,9,593.69,0.14,108.61,0.0,0.0,0.0,
74,GOVERNMENT,STATEN ISLAND,2022,10,791.88,0.18,132.41,0.0,0.0,0.0,
74,GOVERNMENT,STATEN ISLAND,2022,11,951.7700000000001,0.22,154.48999999999995,0.0,0.0,0.0,
74,GOVERNMENT,STATEN ISLAND,2022,12,818.91,0.19,130.55,0.0,0.0,0.0,
74,GOVERNMENT,STATEN ISLAND,2023,1,731.69,0.17,131.39000000000001,0.0,0.0,0.0,12.73
74,GOVERNMENT,STATEN ISLAND,2023,2,546.54,0.13,89.33,0.0,0.0,0.0,-15.59
74,GOVERNMENT,STATEN ISLAND,2023,3,892.25,0.21,141.57,0.0,0.0,0.0,4.56
74,GOVERNMENT,STATEN ISLAND,2023,4,559.8100000000001,0.13,95.19999999999999,0.0,0.0,0.0,0.36
74,GOVERNMENT,STATEN ISLAND,2023,5,555.71,0.13,83.85000000000001,0.0,0.0,0.0,13.84
74,GOVERNMENT,STATEN ISLAND,2023,6,1307.91,0.3,235.51,0.0,0.0,0.0,156.06
74,GOVERNMENT,STATEN ISLAND,2023,7,790.0000000000001,0.18,134.43,0.0,0.0,0.0,16.36
74,GOVERNMENT,STATEN ISLAND,2023,8,772.6100000000001,0.18,125.91,0.0,0.0,0.0,-5.75
74,GOVERNMENT,STATEN ISLAND,2023,9,686.49,0.16,121.24000000000001,0.0,0.0,0.0,15.63
74,GOVERNMENT,STATEN ISLAND,2023,10,413.32,0.1,70.72,0.0,0.0,0.0,-47.81
74,GOVERNMENT,STATEN ISLAND,2023,11,612.53,0.14,100.28,0.0,0.0,0.0,-35.64
74,GOVERNMENT,STATEN ISLAND,2023,12,828.29,0.19,133.14000000000001,0.0,0.0,0.0,1.15
74,GOVERNMENT,STATEN ISLAND,2024,1,643.9599999999999,0.15,113.57000000000002,0.0,0.0,0.0,-11.99
74,GOVERNMENT,STATEN ISLAND,2024,2,605.9699999999999,0.14,105.05000000000001,0.0,0.0,0.0,10.87
74,GOVERNMENT,STATEN ISLAND,2024,3,497.71999999999997,0.12,90.83,0.0,0.0,0.0,-44.22
74,GOVERNMENT,STATEN ISLAND,2024,4,564.46,0.13,107.37,0.0,0.0,0.0,0.83
74,GOVERNMENT,STATEN ISLAND,2024,5,567.3299999999999,0.13,96.65,0.0,0.0,0.0,2.09
74,GOVERNMENT,STATEN ISLAND,2024,6,664.5799999999999,0.15,111.36999999999999,0.0,0.0,0.0,-49.19
74,GOVERNMENT,STATEN ISLAND,2024,7,682.13,0.16,116.11999999999999,0.0,0.0,0.0,-13.65
74,GOVERNMENT,STATEN ISLAND,2024,8,747.3000000000001,0.17,128.21,0.0,0.0,0.0,-3.28
74,GOVERNMENT,STATEN ISLAND,2024,9,497.83,0.12,88.54,0.0,0.0,0.0,-27.48
74,GOVERNMENT,STATEN ISLAND,2024,10,485.13,0.11,88.5,0.0,0.0,0.0,17.37
74,GOVERNMENT,STATEN ISLAND,2024,11,849.34,0.2,129.42,0.0,0.0,0.0,38.66
74,GOVERNMENT,STATEN ISLAND,2024,12,613.0600000000001,0.14,104.00999999999999,0.0,0.0,0.0,-25.98
75,RESIDENTIAL HIGH-RISE,BRONX,2022,1,900.3199999999999,0.21,152.10999999999999,0.0,0.0,0.0,
75,RESIDENTIAL HIGH-RISE,BRONX,2022,2,848.22,0.2,149.16,0.0,0.0,0.0,
75,RESIDENTIAL HIGH-RISE,BRONX,2022,3,1240.86,0.29,210.63,0.0,0.0,0.0,
75,RESIDENTIAL HIGH-RISE,BRONX,2022,4,903.7,0.21,149.91,0.0,0.0,0.0,
75,RESIDENTIAL HIGH-RISE,BRONX,2022,5,661.39,0.15,101.98999999999998,0.0,0.0,0.0,
75,RESIDENTIAL HIGH-RISE,BRONX,2022,6,776.6800000000001,0.18,126.13000000000001,0.0,0.0,0.0,
75,RESIDENTIAL HIGH-RISE,BRONX,2022,7,929.8200000000002,0.22,159.99999999999997,0.0,0.0,0.0,
75,RESIDENTIAL HIGH-RISE,BRONX,2022,8,1063.58,0.25,168.32999999999998,0.0,0.0,0.0,
75,RESIDENTIAL HIGH-RISE,BRONX,2022,9,894.17,0.21,158.04999999999998,0.0,0.0,0.0,
75,RESIDENTIAL HIGH-RISE,BRONX,2022,10,1057.2799999999997,0.25,176.2,0.0,0.0,0.0,
75,RESIDENTIAL HIGH-RISE,BRONX,2022,11,1251.5900000000001,0.29,217.01000000000002,0.0,0.0,0.0,
75,RESIDENTIAL HIGH-RISE,BRONX,2022,12,1222.19,0.28,203.05000000000004,0.0,0.0,0.0,
75,RESIDENTIAL HIGH-RISE,BRONX,2023,1,961.5500000000001,0.22,159.64000000000001,0.0,0.0,0.0,6.8
75,RESIDENTIAL HIGH-RISE,BRONX,2023,2,736.5500000000001,0.17,130.62,0.0,0.0,0.0,-13.17
75,RESIDENTIAL HIGH-RISE,BRONX,2023,3,1226.7299999999998,0.29,204.42000000000004,0.0,0.0,0.0,-1.14
75,RESIDENTIAL HIGH-RISE,BRONX,2023,4,638.85,0.15,103.38,0.0,0.0,0.0,-29.31
75,RESIDENTIAL HIGH-RISE,BRONX,2023,5,726.2800000000001,0.17,127.64000000000001,0.0,0.0,0.0,9.81
75,RESIDENTIAL HIGH-RISE,BRONX,2023,6,1810.15,0.42,309.51,0.0,0.0,0.0,133.06
75,RESIDENTIAL HIGH-RISE,BRONX,2023,7,1073.65,0.25,175.04999999999998,0.0,0.0,0.0,15.47
75,RESIDENTIAL HIGH-RISE,BRONX,2023,8,1304.1200000000001,0.3,218.89999999999998,0.0,0.0,0.0,22.62
75,RESIDENTIAL HIGH-RISE,BRONX,2023,9,703.1699999999998,0.16,115.55999999999997,0.0,0.0,0.0,-21.36
75,RESIDENTIAL HIGH-RISE,BRONX,2023,10,526.38,0.12,96.24000000000001,0.0,0.0,0.0,-50.21
75,RESIDENTIAL HIGH-RISE,BRONX,2023,11,763.5699999999999,0.18,131.38000000000002,0.0,0.0,0.0,-38.99
75,RESIDENTIAL HIGH-RISE,BRONX,2023,12,1060.9099999999999,0.25,174.58999999999997,0.0,0.0,0.0,-13.2
75,RESIDENTIAL HIGH-RISE,BRONX,2024,1,835.52,0.19,145.11,0.0,0.0,0.0,-13.11
75,RESIDENTIAL HIGH-RISE,BRONX,2024,2,893.44,0.21,147.23000000000002,0.0,0.0,0.0,21.3
75,RESIDENTIAL HIGH-RISE,BRONX,2024,3,622.69,0.15,103.46000000000001,0.0,0.0,0.0,-49.24
75,RESIDENTIAL HIGH-RISE,BRONX,2024,4,688.3900000000001,0.16,118.37,0.0,0.0,0.0,7.75
75,RESIDENTIAL HIGH-RISE,BRONX,2024,5,740.22,0.17,114.98,0.0,0.0,0.0,1.92
75,RESIDENTIAL HIGH-RISE,BRONX,2024,6,912.15,0.21,163.07,0.0,0.0,0.0,-49.61
75,RESIDENTIAL HIGH-RISE,BRONX,2024,7,910.8299999999999,0.21,142.97,0.0,0.0,0.0,-15.17
75,RESIDENTIAL HIGH-RISE,BRONX,2024,8,1144.31,0.27,206.69999999999996,0.0,0.0,0.0,-12.25
75,RESIDENTIAL HIGH-RISE,BRONX,2024,9,612.8199999999999,0.14,106.73999999999998,0.0,0.0,0.0,-12.85
75,RESIDENTIAL HIGH-RISE,BRONX,2024,10,760.16,0.18,132.6,0.0,0.0,0.0,44.41
75,RESIDENTIAL HIGH-RISE,BRONX,2024,11,1116.1100000000001,0.26,195.25999999999996,0.0,0.0,0.0,46.17
75,RESIDENTIAL HIGH-RISE,BRONX,2024,12,734.2099999999998,0.17,122.54000000000002,0.0,0.0,0.0,-30.79
76,MIXED-USE,MANHATTAN,2022,1,783.82,0.18,141.17,0.0,0.0,0.0,
76,MIXED-USE,MANHATTAN,2022,2,774.9100000000001,0.18,121.89000000000001,0.0,0.0,0.0,
76,MIXED-USE,MANHATTAN,2022,3,1164.5,0.27,215.51999999999998,0.0,0.0,0.0,
76,MIXED-USE,MANHATTAN,2022,4,892.47,0.21,143.30999999999997,0.0,0.0,0.0,
76,MIXED-USE,MANHATTAN,2022,5,528.9899999999999,0.12,94.35999999999999,0.0,0.0,0.0,
76,MIXED-USE,MANHATTAN,2022,6,839.33,0.2,132.27,0.0,0.0,0.0,
76,MIXED-USE,MANHATTAN,2022,7,858.99,0.2,153.45,0.0,0.0,0.0,
76,MIXED-USE,MANHATTAN,2022,8,1099.28,0.26,178.75,0.0,0.0,0.0,
76,MIXED-USE,MANHATTAN,2022,9,875.87,0.2,154.64000000000004,0.0,0.0,0.0,
76,MIXED-USE,MANHATTAN,2022,10,964.27,0.22,151.48000000000002,0.0,0.0,0.0,
76,MIXED-USE,MANHATTAN,2022,11,1214.0,0.28,207.93000000000004,0.0,0.0,0.0,
76,MIXED-USE,MANHATTAN,2022,12,1013.8699999999999,0.24,162.78000000000003,0.0,0.0,0.0,
76,MIXED-USE,MANHATTAN,2023,1,881.3,0.21,151.72,0.0,0.0,0.0,12.44
76,MIXED-USE,MANHATTAN,2023,2,675.43,0.16,114.15,0.0,0.0,0.0,-12.84
76,MIXED-USE,MANHATTAN,2023,3,1124.61,0.26,210.76,0.0,0.0,0.0,-3.43
76,MIXED-USE,MANHATTAN,2023,4,602.3699999999999,0.14,108.22,0.0,0.0,0.0,-32.51
76,MIXED-USE,MANHATTAN,2023,5,606.5899999999999,0.14,109.96000000000001,0.0,0.0,0.0,14.67
76,MIXED-USE,MANHATTAN,2023,6,1672.4900000000005,0.39,300.59999999999997,0.0,0.0,0.0,99.26
76,MIXED-USE,MANHATTAN,2023,7,1050.2,0.24,184.67,0.0,0.0,0.0,22.26
76,MIXED-USE,MANHATTAN,2023,8,1451.25,0.34,247.56,0.0,0.0,0.0,32.02
76,MIXED-USE,MANHATTAN,2023,9,795.11,0.19,123.31,0.0,0.0,0.0,-9.22
76,MIXED-USE,MANHATTAN,2023,10,617.71,0.14,98.98,0.0,0.0,0.0,-35.94
76,MIXED-USE,MANHATTAN,2023,11,699.77,0.16,119.67999999999998,0.0,0.0,0.0,-42.36
76,MIXED-USE,MANHATTAN,2023,12,1048.73,0.24,177.72,0.0,0.0,0.0,3.44
76,MIXED-USE,MANHATTAN,2024,1,717.0300000000001,0.17,115.73,0.0,0.0,0.0,-18.64
76,MIXED-USE,MANHATTAN,2024,2,769.86,0.18,132.92,0.0,0.0,0.0,13.98
76,MIXED-USE,MANHATTAN,2024,3,602.71,0.14,106.97,0.0,0.0,0.0,-46.41
76,MIXED-USE,MANHATTAN,2024,4,700.5300000000001,0.16,122.7,0.0,0.0,0.0,16.3
76,MIXED-USE,MANHATTAN,2024,5,744.99,0.17,122.22000000000001,0.0,0.0,0.0,22.82
76,MIXED-USE,MANHATTAN,2024,6,649.62,0.15,113.87,0.0,0.0,0.0,-61.16
76,MIXED-USE,MANHATTAN,2024,7,863.5699999999999,0.2,140.32999999999998,0.0,0.0,0.0,-17.77
76,MIXED-USE,MANHATTAN,2024,8,1063.0199999999998,0.25,177.42,0.0,0.0,0.0,-26.75
76,MIXED-USE,MANHATTAN,2024,9,559.17,0.13,95.77999999999999,0.0,0.0,0.0,-29.67
76,MIXED-USE,MANHATTAN,2024,10,680.8500000000001,0.16,116.01000000000002,0.0,0.0,0.0,10.22
76,MIXED-USE,MANHATTAN,2024,11,1115.0800000000002,0.26,190.71999999999997,0.0,0.0,0.0,59.35
76,MIXED-USE,MANHATTAN,2024,12,783.39,0.18,136.35000000000002,0.0,0.0,0.0,-25.3
77,INDUSTRIAL,BROOKLYN,2022,1,241.99999999999997,0.06,39.08,0.0,0.0,10.27,
77,INDUSTRIAL,BROOKLYN,2022,2,187.26,0.04,29.52,0.0,0.0,10.23,
77,INDUSTRIAL,BROOKLYN,2022,3,289.4600000000001,0.07,49.86,0.0,0.0,9.9,
77,INDUSTRIAL,BROOKLYN,2022,4,171.79,0.04,29.240000000000006,0.0,0.0,8.88,
77,INDUSTRIAL,BROOKLYN,2022,5,168.73,0.04,28.509999999999998,0.0,0.0,10.02,
77,INDUSTRIAL,BROOKLYN,2022,6,186.2,0.04,29.560000000000002,0.0,0.0,11.06,
77,INDUSTRIAL,BROOKLYN,2022,7,247.93999999999994,0.06,40.790000000000006,0.0,0.0,9.76,
77,INDUSTRIAL,BROOKLYN,2022,8,275.69000000000005,0.06,43.26,0.0,0.0,8.87,
77,INDUSTRIAL,BROOKLYN,2022,9,243.83999999999997,0.06,37.51,0.0,0.0,8.91,
77,INDUSTRIAL,BROOKLYN,2022,10,279.98,0.07,48.519999999999996,0.0,0.0,8.25,
77,INDUSTRIAL,BROOKLYN,2022,11,283.2300000000001,0.07,47.239999999999995,0.0,0.0,8.36,
77,INDUSTRIAL,BROOKLYN,2022,12,286.3,0.07,49.699999999999996,0.0,0.0,8.9,
77,INDUSTRIAL,BROOKLYN,2023,1,227.21999999999997,0.05,38.720000000000006,0.0,0.0,12.99,-6.11
77,INDUSTRIAL,BROOKLYN,2023,2,157.89999999999998,0.04,25.94,0.0,0.0,8.35,-15.68
77,INDUSTRIAL,BROOKLYN,2023,3,279.60999999999996,0.07,43.34999999999999,0.0,0.0,11.53,-3.4
77,INDUSTRIAL,BROOKLYN,2023,4,145.7,0.03,24.37,0.0,0.0,4.7,-15.19
77,INDUSTRIAL,BROOKLYN,2023,5,194.07,0.05,33.620000000000005,0.0,0.0,8.35,15.02
77,INDUSTRIAL,BROOKLYN,2023,6,444.55000000000007,0.1,77.80000000000001,0.0,0.0,8.96,138.75
77,INDUSTRIAL,BROOKLYN,2023,7,266.28,0.06,43.71,0.0,0.0,10.67,7.4
77,INDUSTRIAL,BROOKLYN,2023,8,319.21000000000004,0.07,53.32,0.0,0.0,10.07,15.79
77,INDUSTRIAL,BROOKLYN,2023,9,186.82,0.04,32.66,0.0,0.0,7.56,-23.38
77,INDUSTRIAL,BROOKLYN,2023,10,141.99,0.03,23.25,0.0,0.0,10.06,-49.29
77,INDUSTRIAL,BROOKLYN,2023,11,214.54,0.05,39.410000000000004,0.0,0.0,12.25,-24.25
77,INDUSTRIAL,BROOKLYN,2023,12,307.37,0.07,52.93,0.0,0.0,11.77,7.36
77,INDUSTRIAL,BROOKLYN,2024,1,222.67,0.05,37.06,0.0,0.0,12.08,-2.0
77,INDUSTRIAL,BROOKLYN,2024,2,228.45,0.05,39.35,0.0,0.0,8.3,44.68
77,INDUSTRIAL,BROOKLYN,2024,3,141.24,0.03,23.1,0.0,0.0,12.46,-49.49
77,INDUSTRIAL,BROOKLYN,2024,4,195.85000000000002,0.05,32.45,0.0,0.0,9.56,34.42
77,INDUSTRIAL,BROOKLYN,2024,5,214.86,0.05,32.36,0.0,0.0,13.93,10.71
77,INDUSTRIAL,BROOKLYN,2024,6,209.01,0.05,35.239999999999995,0.0,0.0,10.94,-52.98
77,INDUSTRIAL,BROOKLYN,2024,7,215.14,0.05,35.31999999999999,0.0,0.0,11.68,-19.21
77,INDUSTRIAL,BROOKLYN,2024,8,236.14,0.06,40.760000000000005,0.0,0.0,9.5,-26.02
77,INDUSTRIAL,BROOKLYN,2024,9,129.95,0.03,22.599999999999998,0.0,0.0,12.29,-30.44
77,INDUSTRIAL,BROOKLYN,2024,10,207.42000000000002,0.05,35.279999999999994,0.0,0.0,13.0,46.08
77,INDUSTRIAL,BROOKLYN,2024,11,247.85000000000002,0.06,43.169999999999995,0.0,0.0,9.66,15.53
77,INDUSTRIAL,BROOKLYN,2024,12,185.92,0.04,33.660000000000004,0.0,0.0,12.92,-39.51
78,INDUSTRIAL,QUEENS,2022,1,1127.72,0.26,181.31,0.0,0.0,12.36,
78,INDUSTRIAL,QUEENS,2022,2,863.0200000000001,0.2,148.3,0.0,0.0,10.64,
78,INDUSTRIAL,QUEENS,2022,3,1212.9099999999999,0.28,207.29,0.0,0.0,9.08,
78,INDUSTRIAL,QUEENS,2022,4,630.61,0.15,104.93999999999998,0.0,0.0,8.28,
78,INDUSTRIAL,QUEENS,2022,5,650.25,0.15,117.37,0.0,0.0,10.58,
78,INDUSTRIAL,QUEENS,2022,6,1000.63,0.23,193.36,0.0,0.0,8.41,
78,INDUSTRIAL,QUEENS,2022,7,956.41,0.22,155.46,0.0,0.0,8.02,
78,INDUSTRIAL,QUEENS,2022,8,1352.4400000000003,0.32,232.2,0.0,0.0,11.27,
78,INDUSTRIAL,QUEENS,2022,9,1044.05,0.24,181.56,0.0,0.0,11.68,
78,INDUSTRIAL,QUEENS,2022,10,1368.5399999999997,0.32,233.83999999999997,0.0,0.0,10.98,
78,INDUSTRIAL,QUEENS,2022,11,1540.69,0.36,266.37,0.0,0.0,7.84,
78,INDUSTRIAL,QUEENS,2022,12,1514.4099999999996,0.35,251.27999999999997,0.0,0.0,7.91,
78,INDUSTRIAL,QUEENS,2023,1,1095.02,0.26,179.04000000000002,0.0,0.0,9.98,-2.9
78,INDUSTRIAL,QUEENS,2023,2,903.77,0.21,141.98999999999998,0.0,0.0,9.96,4.72
78,INDUSTRIAL,QUEENS,2023,3,1535.9199999999996,0.36,270.62,0.0,0.0,11.96,26.63
78,INDUSTRIAL,QUEENS,2023,4,800.77,0.19,132.10999999999999,0.0,0.0,9.69,26.98
78,INDUSTRIAL,QUEENS,2023,5,852.3299999999999,0.2,142.84,0.0,0.0,8.93,31.08
78,INDUSTRIAL,QUEENS,2023,6,2009.99,0.47,353.0900000000001,0.0,0.0,8.66,100.87
78,INDUSTRIAL,QUEENS,2023,7,1080.74,0.25,194.17000000000002,0.0,0.0,7.81,13.0
78,INDUSTRIAL,QUEENS,2023,8,1917.7099999999998,0.45,292.7699999999999,0.0,0.0,9.06,41.8
78,INDUSTRIAL,QUEENS,2023,9,1065.6,0.25,180.25999999999996,0.0,0.0,9.4,2.06
78,INDUSTRIAL,QUEENS,2023,10,660.16,0.15,110.89,0.0,0.0,7.84,-51.76
78,INDUSTRIAL,QUEENS,2023,11,1007.3,0.23,182.62,0.0,0.0,10.74,-34.62
78,INDUSTRIAL,QUEENS,2023,12,1112.97,0.26,186.77,0.0,0.0,8.77,-26.51
78,INDUSTRIAL,QUEENS,2024,1,760.8199999999999,0.18,137.61,0.0,0.0,9.44,-30.52
78,INDUSTRIAL,QUEENS,2024,2,954.24,0.22,158.79,0.0,0.0,8.59,5.58
78,INDUSTRIAL,QUEENS,2024,3,874.4399999999999,0.2,137.99,0.0,0.0,11.82,-43.07
78,INDUSTRIAL,QUEENS,2024,4,861.6399999999999,0.2,158.32,0.0,0.0,10.29,7.6
78,INDUSTRIAL,QUEENS,2024,5,897.6300000000001,0.21,150.11,0.0,0.0,8.23,5.31
78,INDUSTRIAL,QUEENS,2024,6,1047.8799999999999,0.24,184.26999999999998,0.0,0.0,7.11,-47.87
78,INDUSTRIAL,QUEENS,2024,7,691.8,0.16,123.41,0.0,0.0,12.61,-35.99
78,INDUSTRIAL,QUEENS,2024,8,868.92,0.2,154.52,0.0,0.0,11.86,-54.69
78,INDUSTRIAL,QUEENS,2024,9,731.99,0.17,127.81,0.0,0.0,9.11,-31.31
78,INDUSTRIAL,QUEENS,2024,10,1081.97,0.25,183.57000000000002,0.0,0.0,6.96,63.9
78,INDUSTRIAL,QUEENS,2024,11,1359.4100000000003,0.32,232.81999999999996,0.0,0.0,12.36,34.96
78,INDUSTRIAL,QUEENS,2024,12,1096.1,0.26,180.38,0.0,0.0,12.03,-1.52
79,INDUSTRIAL,MANHATTAN,2022,1,1474.1100000000001,0.34,258.94000000000005,0.0,0.0,12.76,
79,INDUSTRIAL,MANHATTAN,2022,2,999.1300000000001,0.23,161.16,0.0,0.0,9.59,
79,INDUSTRIAL,MANHATTAN,2022,3,1739.5,0.41,327.8,0.0,0.0,9.38,
79,INDUSTRIAL,MANHATTAN,2022,4,1304.35,0.3,232.10999999999996,0.0,0.0,8.66,
79,INDUSTRIAL,MANHATTAN,2022,5,900.43,0.21,148.75,0.0,0.0,13.07,
79,INDUSTRIAL,MANHATTAN,2022,6,1022.04,0.24,188.38,0.0,0.0,11.89,
79,INDUSTRIAL,MANHATTAN,2022,7,1279.6999999999998,0.3,233.07,0.0,0.0,12.11,
79,INDUSTRIAL,MANHATTAN,2022,8,1697.95,0.4,290.0,0.0,0.0,9.78,
79,INDUSTRIAL,MANHATTAN,2022,9,1189.9600000000003,0.28,215.06,0.0,0.0,10.06,
79,INDUSTRIAL,MANHATTAN,2022,10,1722.4399999999998,0.4,298.85,0.0,0.0,9.2,
79,INDUSTRIAL,MANHATTAN,2022,11,1842.6299999999997,0.43,309.26000000000005,0.0,0.0,10.99,
79,INDUSTRIAL,MANHATTAN,2022,12,1668.2700000000002,0.39,269.53000000000003,0.0,0.0,10.12,
79,INDUSTRIAL,MANHATTAN,2023,1,1277.8000000000002,0.3,215.09,0.0,0.0,9.63,-13.32
79,INDUSTRIAL,MANHATTAN,2023,2,1142.9499999999998,0.27,186.19,0.0,0.0,10.78,14.39
79,INDUSTRIAL,MANHATTAN,2023,3,1578.7500000000002,0.37,284.41999999999996,0.0,0.0,8.17,-9.24
79,INDUSTRIAL,MANHATTAN,2023,4,1106.05,0.26,187.91,0.0,0.0,8.37,-15.2
79,INDUSTRIAL,MANHATTAN,2023,5,959.78,0.22,178.2,0.0,0.0,10.86,6.59
79,INDUSTRIAL,MANHATTAN,2023,6,2709.7299999999996,0.63,448.28999999999996,0.0,0.0,6.72,165.13
79,INDUSTRIAL,MANHATTAN,2023,7,1490.46,0.35,254.38,0.0,0.0,8.84,16.47
79,INDUSTRIAL,MANHATTAN,2023,8,2095.8199999999997,0.49,367.01,0.0,0.0,8.64,23.43
79,INDUSTRIAL,MANHATTAN,2023,9,1016.34,0.24,162.10999999999999,0.0,0.0,7.79,-14.59
79,INDUSTRIAL,MANHATTAN,2023,10,904.1500000000001,0.21,155.51,0.0,0.0,9.47,-47.51
79,INDUSTRIAL,MANHATTAN,2023,11,1115.64,0.26,180.24,0.0,0.0,9.19,-39.45
79,INDUSTRIAL,MANHATTAN,2023,12,1377.43,0.32,233.63,0.0,0.0,9.08,-17.43
79,INDUSTRIAL,MANHATTAN,2024,1,996.9100000000001,0.23,167.63,0.0,0.0,10.24,-21.98
79,INDUSTRIAL,MANHATTAN,2024,2,1417.5200000000004,0.33,239.51999999999998,0.0,0.0,11.47,24.02
79,INDUSTRIAL,MANHATTAN,2024,3,1135.3899999999999,0.26,202.37,0.0,0.0,7.1,-28.08
79,INDUSTRIAL,MANHATTAN,2024,4,996.6500000000001,0.23,169.58,0.0,0.0,8.64,-9.89
79,INDUSTRIAL,MANHATTAN,2024,5,1027.37,0.24,176.28000000000003,0.0,0.0,10.42,7.04
79,INDUSTRIAL,MANHATTAN,2024,6,1325.6000000000001,0.31,231.23000000000002,0.0,0.0,14.09,-51.08
79,INDUSTRIAL,MANHATTAN,2024,7,1200.78,0.28,217.11,0.0,0.0,8.7,-19.44
79,INDUSTRIAL,MANHATTAN,2024,8,1603.0600000000002,0.37,277.36,0.0,0.0,9.88,-23.51
79,INDUSTRIAL,MANHATTAN,2024,9,865.6,0.2,147.67,0.0,0.0,10.43,-14.83
79,INDUSTRIAL,MANHATTAN,2024,10,1148.8899999999999,0.27,177.93000000000004,0.0,0.0,13.96,27.07
79,INDUSTRIAL,MANHATTAN,2024,11,1570.21,0.37,248.27000000000004,0.0,0.0,12.42,40.75
79,INDUSTRIAL,MANHATTAN,2024,12,1280.12,0.3,209.87000000000003,0.0,0.0,9.99,-7.06
80,COMMERCIAL OFFICE,BROOKLYN,2022,1,319.48,0.07,53.54,0.0,0.0,0.0,
80,COMMERCIAL OFFICE,BROOKLYN,2022,2,269.38000000000005,0.06,46.68000000000001,0.0,0.0,0.0,
80,COMMERCIAL OFFICE,BROOKLYN,2022,3,487.72999999999996,0.11,83.19,0.0,0.0,0.0,
80,COMMERCIAL OFFICE,BROOKLYN,2022,4,287.10999999999996,0.07,47.629999999999995,0.0,0.0,0.0,
80,COMMERCIAL OFFICE,BROOKLYN,2022,5,243.92999999999995,0.06,39.550000000000004,0.0,0.0,0.0,
80,COMMERCIAL OFFICE,BROOKLYN,2022,6,329.15000000000003,0.08,57.11000000000001,0.0,0.0,0.0,
80,COMMERCIAL OFFICE,BROOKLYN,2022,7,343.81000000000006,0.08,59.45,0.0,0.0,0.0,
80,COMMERCIAL OFFICE,BROOKLYN,2022,8,436.74,0.1,77.85999999999999,0.0,0.0,0.0,
80,COMMERCIAL OFFICE,BROOKLYN,2022,9,333.25,0.08,55.21999999999999,0.0,0.0,0.0,
80,COMMERCIAL OFFICE,BROOKLYN,2022,10,370.68,0.09,63.44,0.0,0.0,0.0,
80,COMMERCIAL OFFICE,BROOKLYN,2022,11,535.79,0.12,89.25000000000001,0.0,0.0,0.0,
80,COMMERCIAL OFFICE,BROOKLYN,2022,12,402.2900000000001,0.09,68.72000000000001,0.0,0.0,0.0,
80,COMMERCIAL OFFICE,BROOKLYN,2023,1,371.67999999999995,0.09,67.61,0.0,0.0,0.0,16.34
80,COMMERCIAL OFFICE,BROOKLYN,2023,2,239.59,0.06,41.25,0.0,0.0,0.0,-11.06
80,COMMERCIAL OFFICE,BROOKLYN,2023,3,463.58000000000004,0.11,85.53,0.0,0.0,0.0,-4.95
80,COMMERCIAL OFFICE,BROOKLYN,2023,4,263.27000000000004,0.06,45.55,0.0,0.0,0.0,-8.3
80,COMMERCIAL OFFICE,BROOKLYN,2023,5,292.49,0.07,47.65,0.0,0.0,0.0,19.91
80,COMMERCIAL OFFICE,BROOKLYN,2023,6,635.2399999999999,0.15,106.28999999999999,0.0,0.0,0.0,92.99
80,COMMERCIAL OFFICE,BROOKLYN,2023,7,371.48,0.09,60.95,0.0,0.0,0.0,8.05
80,COMMERCIAL OFFICE,BROOKLYN,2023,8,510.59999999999997,0.12,84.03,0.0,0.0,0.0,16.91
80,COMMERCIAL OFFICE,BROOKLYN,2023,9,340.63,0.08,62.02,0.0,0.0,0.0,2.21
80,COMMERCIAL OFFICE,BROOKLYN,2023,10,227.37,0.05,37.08,0.0,0.0,0.0,-38.66
80,COMMERCIAL OFFICE,BROOKLYN,2023,11,290.76000000000005,0.07,48.519999999999996,0.0,0.0,0.0,-45.73
80,COMMERCIAL OFFICE,BROOKLYN,2023,12,375.93999999999994,0.09,64.0,0.0,0.0,0.0,-6.55
80,COMMERCIAL OFFICE,BROOKLYN,2024,1,363.05,0.08,60.910000000000004,0.0,0.0,0.0,-2.32
80,COMMERCIAL OFFICE,BROOKLYN,2024,2,326.95000000000005,0.08,57.17999999999999,0.0,0.0,0.0,36.46
80,COMMERCIAL OFFICE,BROOKLYN,2024,3,225.35,0.05,38.67,0.0,0.0,0.0,-51.39
80,COMMERCIAL OFFICE,BROOKLYN,2024,4,285.17999999999995,0.07,43.92,0.0,0.0,0.0,8.32
80,COMMERCIAL OFFICE,BROOKLYN,2024,5,306.5,0.07,53.660000000000004,0.0,0.0,0.0,4.79
80,COMMERCIAL OFFICE,BROOKLYN,2024,6,305.51000000000005,0.07,50.83,0.0,0.0,0.0,-51.91
80,COMMERCIAL OFFICE,BROOKLYN,2024,7,349.4,0.08,57.42,0.0,0.0,0.0,-5.94
80,COMMERCIAL OFFICE,BROOKLYN,2024,8,451.52,0.11,73.82000000000001,0.0,0.0,0.0,-11.57
80,COMMERCIAL OFFICE,BROOKLYN,2024,9,230.67000000000002,0.05,42.900000000000006,0.0,0.0,0.0,-32.28
80,COMMERCIAL OFFICE,BROOKLYN,2024,10,318.96000000000004,0.07,52.470000000000006,0.0,0.0,0.0,40.28
80,COMMERCIAL OFFICE,BROOKLYN,2024,11,416.33,0.1,71.19,0.0,0.0,0.0,43.19
80,COMMERCIAL OFFICE,BROOKLYN,2024,12,273.40999999999997,0.06,44.580000000000005,0.0,0.0,0.0,-27.27
81,RESIDENTIAL HIGH-RISE,STATEN ISLAND,2022,1,837.84,0.2,139.34,0.0,0.0,0.0,
81,RESIDENTIAL HIGH-RISE,STATEN ISLAND,2022,2,790.11,0.18,141.27,0.0,0.0,0.0,
81,RESIDENTIAL HIGH-RISE,STATEN ISLAND,2022,3,1153.05,0.27,199.87,0.0,0.0,0.0,
81,RESIDENTIAL HIGH-RISE,STATEN ISLAND,2022,4,834.3800000000001,0.19,147.57,0.0,0.0,0.0,
81,RESIDENTIAL HIGH-RISE,STATEN ISLAND,2022,5,645.5699999999999,0.15,115.09000000000002,0.0,0.0,0.0,
81,RESIDENTIAL HIGH-RISE,STATEN ISLAND,2022,6,823.95,0.19,130.95999999999998,0.0,0.0,0.0,
81,RESIDENTIAL HIGH-RISE,STATEN ISLAND,2022,7,853.5899999999999,0.2,143.55,0.0,0.0,0.0,
81,RESIDENTIAL HIGH-RISE,STATEN ISLAND,2022,8,922.1500000000001,0.21,161.64000000000001,0.0,0.0,0.0,
81,RESIDENTIAL HIGH-RISE,STATEN ISLAND,2022,9,893.4,0.21,165.38,0.0,0.0,0.0,
81,RESIDENTIAL HIGH-RISE,STATEN ISLAND,2022,10,988.7399999999999,0.23,181.21000000000004,0.0,0.0,0.0,
81,RESIDENTIAL HIGH-RISE,STATEN ISLAND,2022,11,988.4699999999999,0.23,168.92999999999998,0.0,0.0,0.0,
81,RESIDENTIAL HIGH-RISE,STATEN ISLAND,2022,12,1202.1100000000001,0.28,198.96999999999997,0.0,0.0,0.0,
81,RESIDENTIAL HIGH-RISE,STATEN ISLAND,2023,1,685.27,0.16,115.38,0.0,0.0,0.0,-18.21
81,RESIDENTIAL HIGH-RISE,STATEN ISLAND,2023,2,594.35,0.14,110.66,0.0,0.0,0.0,-24.78
81,RESIDENTIAL HIGH-RISE,STATEN ISLAND,2023,3,1089.2800000000002,0.25,190.0,0.0,0.0,0.0,-5.53
81,RESIDENTIAL HIGH-RISE,STATEN ISLAND,2023,4,759.3199999999999,0.18,127.52999999999997,0.0,0.0,0.0,-9.0
81,RESIDENTIAL HIGH-RISE,STATEN ISLAND,2023,5,635.85,0.15,108.91,0.0,0.0,0.0,-1.51
81,RESIDENTIAL HIGH-RISE,STATEN ISLAND,2023,6,1472.1699999999998,0.34,233.93,0.0,0.0,0.0,78.67
81,RESIDENTIAL HIGH-RISE,STATEN ISLAND,2023,7,926.98,0.22,151.13000000000002,0.0,0.0,0.0,8.6
81,RESIDENTIAL HIGH-RISE,STATEN ISLAND,2023,8,1409.81,0.33,246.52999999999997,0.0,0.0,0.0,52.88
81,RESIDENTIAL HIGH-RISE,STATEN ISLAND,2023,9,845.88,0.2,136.48,0.0,0.0,0.0,-5.32
81,RESIDENTIAL HIGH-RISE,STATEN ISLAND,2023,10,581.57,0.14,107.92,0.0,0.0,0.0,-41.18
81,RESIDENTIAL HIGH-RISE,STATEN ISLAND,2023,11,668.5999999999999,0.16,120.02999999999999,0.0,0.0,0.0,-32.36
81,RESIDENTIAL HIGH-RISE,STATEN ISLAND,2023,12,995.51,0.23,175.73,0.0,0.0,0.0,-17.19
81,RESIDENTIAL HIGH-RISE,STATEN ISLAND,2024,1,833.79,0.19,136.68,0.0,0.0,0.0,21.67
81,RESIDENTIAL HIGH-RISE,STATEN ISLAND,2024,2,783.77,0.18,132.96999999999997,0.0,0.0,0.0,31.87
81,RESIDENTIAL HIGH-RISE,STATEN ISLAND,2024,3,764.2300000000001,0.18,135.96,0.0,0.0,0.0,-29.84
81,RESIDENTIAL HIGH-RISE,STATEN ISLAND,2024,4,581.1299999999999,0.14,99.97000000000001,0.0,0.0,0.0,-23.47
81,RESIDENTIAL HIGH-RISE,STATEN ISLAND,2024,5,772.98,0.18,133.70999999999998,0.0,0.0,0.0,21.57
81,RESIDENTIAL HIGH-RISE,STATEN ISLAND,2024,6,772.07,0.18,125.56,0.0,0.0,0.0,-47.56
81,RESIDENTIAL HIGH-RISE,STATEN ISLAND,2024,7,918.27,0.21,157.77,0.0,0.0,0.0,-0.94
81,RESIDENTIAL HIGH-RISE,STATEN ISLAND,2024,8,991.6200000000001,0.23,178.17,0.0,0.0,0.0,-29.66
81,RESIDENTIAL HIGH-RISE,STATEN ISLAND,2024,9,499.92999999999995,0.12,84.39,0.0,0.0,0.0,-40.9
81,RESIDENTIAL HIGH-RISE,STATEN ISLAND,2024,10,645.06,0.15,97.69,0.0,0.0,0.0,10.92
81,RESIDENTIAL HIGH-RISE,STATEN ISLAND,2024,11,1025.46,0.24,176.67,0.0,0.0,0.0,53.37
81,RESIDENTIAL HIGH-RISE,STATEN ISLAND,2024,12,711.6,0.17,112.33,0.0,0.0,0.0,-28.52
82,MIXED-USE,MANHATTAN,2022,1,172.97999999999996,0.04,31.69,0.0,0.0,0.0,
82,MIXED-USE,MANHATTAN,2022,2,136.39,0.03,21.129999999999995,0.0,0.0,0.0,
82,MIXED-USE,MANHATTAN,2022,3,231.82000000000002,0.05,39.61,0.0,0.0,0.0,
82,MIXED-USE,MANHATTAN,2022,4,163.46999999999997,0.04,29.57,0.0,0.0,0.0,
82,MIXED-USE,MANHATTAN,2022,5,139.21,0.03,20.79,0.0,0.0,0.0,
82,MIXED-USE,MANHATTAN,2022,6,161.62,0.04,26.42,0.0,0.0,0.0,
82,MIXED-USE,MANHATTAN,2022,7,185.95999999999998,0.04,34.349999999999994,0.0,0.0,0.0,
82,MIXED-USE,MANHATTAN,2022,8,227.04000000000005,0.05,40.18,0.0,0.0,0.0,
82,MIXED-USE,MANHATTAN,2022,9,132.01000000000002,0.03,23.16,0.0,0.0,0.0,
82,MIXED-USE,MANHATTAN,2022,10,226.88,0.05,38.559999999999995,0.0,0.0,0.0,
82,MIXED-USE,MANHATTAN,2022,11,270.55,0.06,44.8,0.0,0.0,0.0,
82,MIXED-USE,MANHATTAN,2022,12,245.51999999999998,0.06,41.589999999999996,0.0,0.0,0.0,
82,MIXED-USE,MANHATTAN,2023,1,173.51,0.04,27.530000000000005,0.0,0.0,0.0,0.31
82,MIXED-USE,MANHATTAN,2023,2,148.19,0.03,26.88,0.0,0.0,0.0,8.65
82,MIXED-USE,MANHATTAN,2023,3,235.45000000000005,0.05,39.150000000000006,0.0,0.0,0.0,1.57
82,MIXED-USE,MANHATTAN,2023,4,146.71999999999997,0.03,25.959999999999997,0.0,0.0,0.0,-10.25
82,MIXED-USE,MANHATTAN,2023,5,100.66,0.02,17.4,0.0,0.0,0.0,-27.69
82,MIXED-USE,MANHATTAN,2023,6,354.28,0.08,59.77,0.0,0.0,0.0,119.21
82,MIXED-USE,MANHATTAN,2023,7,192.45000000000002,0.04,35.58,0.0,0.0,0.0,3.49
82,MIXED-USE,MANHATTAN,2023,8,290.97,0.07,51.690000000000005,0.0,0.0,0.0,28.16
82,MIXED-USE,MANHATTAN,2023,9,169.92,0.04,29.26,0.0,0.0,0.0,28.72
82,MIXED-USE,MANHATTAN,2023,10,126.17,0.03,21.589999999999996,0.0,0.0,0.0,-44.39
82,MIXED-USE,MANHATTAN,2023,11,166.85000000000002,0.04,27.840000000000003,0.0,0.0,0.0,-38.33
82,MIXED-USE,MANHATTAN,2023,12,175.77,0.04,28.79,0.0,0.0,0.0,-28.41
82,MIXED-USE,MANHATTAN,2024,1,149.15,0.03,24.6,0.0,0.0,0.0,-14.04
82,MIXED-USE,MANHATTAN,2024,2,165.35999999999999,0.04,27.610000000000003,0.0,0.0,0.0,11.59
82,MIXED-USE,MANHATTAN,2024,3,138.37,0.03,24.4,0.0,0.0,0.0,-41.23
82,MIXED-USE,MANHATTAN,2024,4,149.81,0.03,25.960000000000004,0.0,0.0,0.0,2.11
82,MIXED-USE,MANHATTAN,2024,5,132.31,0.03,23.369999999999997,0.0,0.0,0.0,31.44
82,MIXED-USE,MANHATTAN,2024,6,130.85000000000002,0.03,19.38,0.0,0.0,0.0,-63.07
82,MIXED-USE,MANHATTAN,2024,7,196.56,0.05,33.64000000000001,0.0,0.0,0.0,2.14
82,MIXED-USE,MANHATTAN,2024,8,178.98000000000002,0.04,30.47,0.0,0.0,0.0,-38.49
82,MIXED-USE,MANHATTAN,2024,9,108.59,0.03,18.32,0.0,0.0,0.0,-36.09
82,MIXED-USE,MANHATTAN,2024,10,132.94,0.03,21.770000000000003,0.0,0.0,0.0,5.37
82,MIXED-USE,MANHATTAN,2024,11,209.04000000000002,0.05,36.18,0.0,0.0,0.0,25.29
82,MIXED-USE,MANHATTAN,2024,12,152.71,0.04,27.64,0.0,0.0,0.0,-13.12
83,GOVERNMENT,BRONX,2022,1,120.72999999999999,0.03,19.66,0.0,0.0,0.0,
83,GOVERNMENT,BRONX,2022,2,100.92999999999999,0.02,19.02,0.0,0.0,0.0,
83,GOVERNMENT,BRONX,2022,3,143.32000000000002,0.03,25.85,0.0,0.0,0.0,
83,GOVERNMENT,BRONX,2022,4,99.26,0.02,16.76,0.0,0.0,0.0,
83,GOVERNMENT,BRONX,2022,5,83.07000000000001,0.02,14.86,0.0,0.0,0.0,
83,GOVERNMENT,BRONX,2022,6,86.63000000000001,0.02,14.49,0.0,0.0,0.0,
83,GOVERNMENT,BRONX,2022,7,112.63000000000001,0.03,18.3,0.0,0.0,0.0,
83,GOVERNMENT,BRONX,2022,8,140.27,0.03,24.96,0.0,0.0,0.0,
83,GOVERNMENT,BRONX,2022,9,113.09000000000002,0.03,20.619999999999997,0.0,0.0,0.0,
83,GOVERNMENT,BRONX,2022,10,124.61,0.03,23.810000000000002,0.0,0.0,0.0,
83,GOVERNMENT,BRONX,2022,11,133.9,0.03,22.740000000000002,0.0,0.0,0.0,
83,GOVERNMENT,BRONX,2022,12,143.58,0.03,25.949999999999996,0.0,0.0,0.0,
83,GOVERNMENT,BRONX,2023,1,97.89999999999999,0.02,15.600000000000001,0.0,0.0,0.0,-18.91
83,GOVERNMENT,BRONX,2023,2,102.59,0.02,17.779999999999998,0.0,0.0,0.0,1.64
83,GOVERNMENT,BRONX,2023,3,154.26999999999998,0.04,27.150000000000002,0.0,0.0,0.0,7.64
83,GOVERNMENT,BRONX,2023,4,94.94,0.02,15.820000000000002,0.0,0.0,0.0,-4.35
83,GOVERNMENT,BRONX,2023,5,98.22000000000001,0.02,16.11,0.0,0.0,0.0,18.24
83,GOVERNMENT,BRONX,2023,6,229.64000000000001,0.05,37.39,0.0,0.0,0.0,165.08
83,GOVERNMENT,BRONX,2023,7,135.79,0.03,22.28,0.0,0.0,0.0,20.56
83,GOVERNMENT,BRONX,2023,8,176.59999999999997,0.04,30.350000000000005,0.0,0.0,0.0,25.9
83,GOVERNMENT,BRONX,2023,9,111.46999999999998,0.03,19.740000000000002,0.0,0.0,0.0,-1.43
83,GOVERNMENT,BRONX,2023,10,79.33999999999999,0.02,14.39,0.0,0.0,0.0,-36.33
83,GOVERNMENT,BRONX,2023,11,87.72,0.02,13.969999999999999,0.0,0.0,0.0,-34.49
83,GOVERNMENT,BRONX,2023,12,137.49,0.03,22.880000000000003,0.0,0.0,0.0,-4.24
83,GOVERNMENT,BRONX,2024,1,111.52000000000001,0.03,20.04,0.0,0.0,0.0,13.91
83,GOVERNMENT,BRONX,2024,2,115.80999999999999,0.03,17.91,0.0,0.0,0.0,12.89
83,GOVERNMENT,BRONX,2024,3,100.66999999999999,0.02,17.529999999999998,0.0,0.0,0.0,-34.74
83,GOVERNMENT,BRONX,2024,4,92.94999999999999,0.02,13.6,0.0,0.0,0.0,-2.1
83,GOVERNMENT,BRONX,2024,5,111.88999999999997,0.03,18.310000000000002,0.0,0.0,0.0,13.92
83,GOVERNMENT,BRONX,2024,6,112.09,0.03,18.080000000000002,0.0,0.0,0.0,-51.19
83,GOVERNMENT,BRONX,2024,7,110.6,0.03,18.38,0.0,0.0,0.0,-18.55
83,GOVERNMENT,BRONX,2024,8,138.13,0.03,22.82,0.0,0.0,0.0,-21.78
83,GOVERNMENT,BRONX,2024,9,65.46000000000001,0.02,11.19,0.0,0.0,0.0,-41.28
83,GOVERNMENT,BRONX,2024,10,95.68999999999998,0.02,17.060000000000002,0.0,0.0,0.0,20.61
83,GOVERNMENT,BRONX,2024,11,144.94,0.03,24.47,0.0,0.0,0.0,65.23
83,GOVERNMENT,BRONX,2024,12,108.56,0.03,19.069999999999997,0.0,0.0,0.0,-21.04
84,RETAIL,STATEN ISLAND,2022,1,1396.04,0.33,220.13,0.0,0.0,0.0,
84,RETAIL,STATEN ISLAND,2022,2,1248.04,0.29,191.35,0.0,0.0,0.0,
84,RETAIL,STATEN ISLAND,2022,3,1861.4099999999999,0.43,322.33,0.0,0.0,0.0,
84,RETAIL,STATEN ISLAND,2022,4,1365.23,0.32,220.41000000000003,0.0,0.0,0.0,
84,RETAIL,STATEN ISLAND,2022,5,1039.83,0.24,189.86000000000004,0.0,0.0,0.0,
84,RETAIL,STATEN ISLAND,2022,6,1322.0899999999997,0.31,226.32,0.0,0.0,0.0,
84,RETAIL,STATEN ISLAND,2022,7,1447.4699999999998,0.34,228.72999999999996,0.0,0.0,0.0,
84,RETAIL,STATEN ISLAND,2022,8,1938.8199999999997,0.45,343.98999999999995,0.0,0.0,0.0,
84,RETAIL,STATEN ISLAND,2022,9,1448.34,0.34,241.43000000000004,0.0,0.0,0.0,
84,RETAIL,STATEN ISLAND,2022,10,1770.2700000000002,0.41,287.89,0.0,0.0,0.0,
84,RETAIL,STATEN ISLAND,2022,11,1916.7399999999998,0.45,319.25,0.0,0.0,0.0,
84,RETAIL,STATEN ISLAND,2022,12,1856.67,0.43,328.42,0.0,0.0,0.0,
84,RETAIL,STATEN ISLAND,2023,1,1250.7399999999998,0.29,190.72,0.0,0.0,0.0,-10.41
84,RETAIL,STATEN ISLAND,2023,2,1109.18,0.26,197.89,0.0,0.0,0.0,-11.13
84,RETAIL,STATEN ISLAND,2023,3,1990.6900000000003,0.46,339.59000000000003,0.0,0.0,0.0,6.95
84,RETAIL,STATEN ISLAND,2023,4,1195.16,0.28,222.22999999999996,0.0,0.0,0.0,-12.46
84,RETAIL,STATEN ISLAND,2023,5,1003.44,0.23,163.78000000000003,0.0,0.0,0.0,-3.5
84,RETAIL,STATEN ISLAND,2023,6,2699.23,0.63,464.17,0.0,0.0,0.0,104.16
84,RETAIL,STATEN ISLAND,2023,7,1718.26,0.4,289.78000000000003,0.0,0.0,0.0,18.71
84,RETAIL,STATEN ISLAND,2023,8,2125.6699999999996,0.5,369.24999999999994,0.0,0.0,0.0,9.64
84,RETAIL,STATEN ISLAND,2023,9,1392.5800000000004,0.32,256.54,0.0,0.0,0.0,-3.85
84,RETAIL,STATEN ISLAND,2023,10,1107.43,0.26,182.18,0.0,0.0,0.0,-37.44
84,RETAIL,STATEN ISLAND,2023,11,1050.03,0.24,174.15,0.0,0.0,0.0,-45.22
84,RETAIL,STATEN ISLAND,2023,12,1686.35,0.39,295.47999999999996,0.0,0.0,0.0,-9.17
84,RETAIL,STATEN ISLAND,2024,1,1428.16,0.33,225.96000000000004,0.0,0.0,0.0,14.19
84,RETAIL,STATEN ISLAND,2024,2,1568.8799999999999,0.37,267.44,0.0,0.0,0.0,41.45
84,RETAIL,STATEN ISLAND,2024,3,946.3599999999999,0.22,164.1,0.0,0.0,0.0,-52.46
84,RETAIL,STATEN ISLAND,2024,4,1059.13,0.25,170.64999999999998,0.0,0.0,0.0,-11.38
84,RETAIL,STATEN ISLAND,2024,5,1392.8700000000001,0.32,237.49,0.0,0.0,0.0,38.81
84,RETAIL,STATEN ISLAND,2024,6,1460.0900000000001,0.34,245.01,0.0,0.0,0.0,-45.91
84,RETAIL,STATEN ISLAND,2024,7,1523.17,0.35,271.23,0.0,0.0,0.0,-11.35
84,RETAIL,STATEN ISLAND,2024,8,1728.9000000000003,0.4,276.49,0.0,0.0,0.0,-18.67
84,RETAIL,STATEN ISLAND,2024,9,903.46,0.21,164.89,0.0,0.0,0.0,-35.12
84,RETAIL,STATEN ISLAND,2024,10,940.88,0.22,158.79000000000002,0.0,0.0,0.0,-15.04
84,RETAIL,STATEN ISLAND,2024,11,1472.68,0.34,259.74,0.0,0.0,0.0,40.25
84,RETAIL,STATEN ISLAND,2024,12,1252.49,0.29,224.83999999999997,0.0,0.0,0.0,-25.73
85,RETAIL,MANHATTAN,2022,1,651.64,0.15,107.46999999999998,0.0,0.0,9.99,
85,RETAIL,MANHATTAN,2022,2,549.95,0.13,102.27000000000001,0.0,0.0,11.68,
85,RETAIL,MANHATTAN,2022,3,814.03,0.19,147.18999999999997,0.0,0.0,9.15,
85,RETAIL,MANHATTAN,2022,4,555.55,0.13,94.81,0.0,0.0,8.18,
85,RETAIL,MANHATTAN,2022,5,477.75,0.11,81.14,0.0,0.0,11.42,
85,RETAIL,MANHATTAN,2022,6,522.49,0.12,92.78,0.0,0.0,10.08,
85,RETAIL,MANHATTAN,2022,7,686.8699999999999,0.16,122.39,0.0,0.0,10.93,
85,RETAIL,MANHATTAN,2022,8,765.7800000000001,0.18,135.02999999999997,0.0,0.0,6.9,
85,RETAIL,MANHATTAN,2022,9,665.67,0.16,110.18,0.0,0.0,10.12,
85,RETAIL,MANHATTAN,2022,10,602.7799999999999,0.14,98.30000000000001,0.0,0.0,11.39,
85,RETAIL,MANHATTAN,2022,11,949.53,0.22,164.43,0.0,0.0,10.4,
85,RETAIL,MANHATTAN,2022,12,879.0699999999999,0.2,149.07,0.0,0.0,13.47,
85,RETAIL,MANHATTAN,2023,1,644.67,0.15,109.58000000000001,0.0,0.0,11.1,-1.07
85,RETAIL,MANHATTAN,2023,2,445.57000000000005,0.1,84.78,0.0,0.0,11.75,-18.98
85,RETAIL,MANHATTAN,2023,3,903.79,0.21,162.32000000000005,0.0,0.0,9.25,11.03
85,RETAIL,MANHATTAN,2023,4,584.1700000000001,0.14,103.97999999999999,0.0,0.0,8.68,5.15
85,RETAIL,MANHATTAN,2023,5,516.3199999999999,0.12,94.87,0.0,0.0,10.14,8.07
85,RETAIL,MANHATTAN,2023,6,1090.91,0.25,189.55999999999997,0.0,0.0,9.77,108.79
85,RETAIL,MANHATTAN,2023,7,768.5399999999998,0.18,131.61,0.0,0.0,10.86,11.89
85,RETAIL,MANHATTAN,2023,8,933.9999999999999,0.22,165.07,0.0,0.0,10.17,21.97
85,RETAIL,MANHATTAN,2023,9,563.0600000000001,0.13,97.17999999999999,0.0,0.0,7.12,-15.41
85,RETAIL,MANHATTAN,2023,10,407.48999999999995,0.09,66.77,0.0,0.0,9.21,-32.4
85,RETAIL,MANHATTAN,2023,11,575.3800000000001,0.13,101.27,0.0,0.0,10.44,-39.4
85,RETAIL,MANHATTAN,2023,12,806.21,0.19,130.10000000000002,0.0,0.0,10.79,-8.29
85,RETAIL,MANHATTAN,2024,1,626.69,0.15,106.89,0.0,0.0,8.18,-2.79
85,RETAIL,MANHATTAN,2024,2,631.1600000000001,0.15,106.64,0.0,0.0,13.1,41.65
85,RETAIL,MANHATTAN,2024,3,514.5,0.12,82.97,0.0,0.0,11.79,-43.07
85,RETAIL,MANHATTAN,2024,4,521.8199999999999,0.12,93.66,0.0,0.0,12.24,-10.67
85,RETAIL,MANHATTAN,2024,5,524.4100000000001,0.12,91.22,0.0,0.0,11.07,1.57
85,RETAIL,MANHATTAN,2024,6,620.2199999999999,0.14,98.24,0.0,0.0,9.93,-43.15
85,RETAIL,MANHATTAN,2024,7,557.12,0.13,94.32999999999998,0.0,0.0,9.54,-27.51
85,RETAIL,MANHATTAN,2024,8,708.31,0.17,122.55999999999997,0.0,0.0,10.74,-24.16
85,RETAIL,MANHATTAN,2024,9,353.48,0.08,58.3,0.0,0.0,8.75,-37.22
85,RETAIL,MANHATTAN,2024,10,556.5000000000001,0.13,90.08,0.0,0.0,10.12,36.57
85,RETAIL,MANHATTAN,2024,11,754.2300000000001,0.18,126.13999999999999,0.0,0.0,12.91,31.08
85,RETAIL,MANHATTAN,2024,12,599.92,0.14,95.57,0.0,0.0,10.43,-25.59
86,INDUSTRIAL,QUEENS,2022,1,1927.4999999999998,0.45,337.21000000000004,0.0,0.0,0.0,
86,INDUSTRIAL,QUEENS,2022,2,1586.25,0.37,271.40999999999997,0.0,0.0,0.0,
86,INDUSTRIAL,QUEENS,2022,3,2412.15,0.56,413.16,0.0,0.0,0.0,
86,INDUSTRIAL,QUEENS,2022,4,1703.0,0.4,281.01,0.0,0.0,0.0,
86,INDUSTRIAL,QUEENS,2022,5,1188.72,0.28,197.85000000000002,0.0,0.0,0.0,
86,INDUSTRIAL,QUEENS,2022,6,1217.52,0.28,204.9,0.0,0.0,0.0,
86,INDUSTRIAL,QUEENS,2022,7,1693.9800000000002,0.39,317.20000000000005,0.0,0.0,0.0,
86,INDUSTRIAL,QUEENS,2022,8,2195.9999999999995,0.51,336.46000000000004,0.0,0.0,0.0,
86,INDUSTRIAL,QUEENS,2022,9,1666.3500000000001,0.39,279.72999999999996,0.0,0.0,0.0,
86,INDUSTRIAL,QUEENS,2022,10,2051.11,0.48,354.0899999999999,0.0,0.0,0.0,
86,INDUSTRIAL,QUEENS,2022,11,2176.7799999999997,0.51,379.5899999999999,0.0,0.0,0.0,
86,INDUSTRIAL,QUEENS,2022,12,1670.8500000000001,0.39,275.74,0.0,0.0,0.0,
86,INDUSTRIAL,QUEENS,2023,1,1334.64,0.31,239.64000000000001,0.0,0.0,0.0,-30.76
86,INDUSTRIAL,QUEENS,2023,2,1403.74,0.33,236.20000000000002,0.0,0.0,0.0,-11.51
86,INDUSTRIAL,QUEENS,2023,3,2304.24,0.54,377.42999999999995,0.0,0.0,0.0,-4.47
86,INDUSTRIAL,QUEENS,2023,4,1279.8299999999997,0.3,213.81,0.0,0.0,0.0,-24.85
86,INDUSTRIAL,QUEENS,2023,5,1448.63,0.34,243.58,0.0,0.0,0.0,21.86
86,INDUSTRIAL,QUEENS,2023,6,2787.04,0.65,487.08000000000004,0.0,0.0,0.0,128.91
86,INDUSTRIAL,QUEENS,2023,7,1903.99,0.44,313.52000000000004,0.0,0.0,0.0,12.4
86,INDUSTRIAL,QUEENS,2023,8,2979.4300000000007,0.69,553.7299999999999,0.0,0.0,0.0,35.68
86,INDUSTRIAL,QUEENS,2023,9,1348.1999999999998,0.31,224.72,0.0,0.0,0.0,-19.09
86,INDUSTRIAL,QUEENS,2023,10,1097.81,0.26,195.98,0.0,0.0,0.0,-46.48
86,INDUSTRIAL,QUEENS,2023,11,1397.0600000000002,0.33,230.24,0.0,0.0,0.0,-35.82
86,INDUSTRIAL,QUEENS,2023,12,1790.7100000000003,0.42,281.90999999999997,0.0,0.0,0.0,7.17
86,INDUSTRIAL,QUEENS,2024,1,1466.23,0.34,239.89999999999998,0.0,0.0,0.0,9.86
86,INDUSTRIAL,QUEENS,2024,2,1667.79,0.39,291.86,0.0,0.0,0.0,18.81
86,INDUSTRIAL,QUEENS,2024,3,1430.62,0.33,220.21999999999997,0.0,0.0,0.0,-37.91
86,INDUSTRIAL,QUEENS,2024,4,1327.47,0.31,223.08999999999997,0.0,0.0,0.0,3.72
86,INDUSTRIAL,QUEENS,2024,5,1294.55,0.3,209.29000000000002,0.0,0.0,0.0,-10.64
86,INDUSTRIAL,QUEENS,2024,6,1762.6599999999999,0.41,304.36,0.0,0.0,0.0,-36.76
86,INDUSTRIAL,QUEENS,2024,7,1909.9900000000002,0.45,300.40999999999997,0.0,0.0,0.0,0.32
86,INDUSTRIAL,QUEENS,2024,8,2029.17,0.47,357.09,0.0,0.0,0.0,-31.89
86,INDUSTRIAL,QUEENS,2024,9,1013.13,0.24,176.84000000000003,0.0,0.0,0.0,-24.85
86,INDUSTRIAL,QUEENS,2024,10,1389.14,0.32,228.94999999999996,0.0,0.0,0.0,26.54
86,INDUSTRIAL,QUEENS,2024,11,1970.38,0.46,344.29999999999995,0.0,0.0,0.0,41.04
86,INDUSTRIAL,QUEENS,2024,12,1428.15,0.33,241.14000000000001,0.0,0.0,0.0,-20.25
87,INDUSTRIAL,STATEN ISLAND,2022,1,3502.71,0.82,583.3,0.0,0.0,0.0,
87,INDUSTRIAL,STATEN ISLAND,2022,2,2905.33,0.68,475.07000000000005,0.0,0.0,0.0,
87,INDUSTRIAL,STATEN ISLAND,2022,3,4014.2799999999997,0.94,697.3199999999999,0.0,0.0,0.0,
87,INDUSTRIAL,STATEN ISLAND,2022,4,2873.31,0.67,516.44,0.0,0.0,0.0,
87,INDUSTRIAL,STATEN ISLAND,2022,5,2693.98,0.63,460.07,0.0,0.0,0.0,
87,INDUSTRIAL,STATEN ISLAND,2022,6,2928.3300000000004,0.68,528.74,0.0,0.0,0.0,
87,INDUSTRIAL,STATEN ISLAND,2022,7,3192.8199999999997,0.74,584.0699999999999,0.0,0.0,0.0,
87,INDUSTRIAL,STATEN ISLAND,2022,8,3953.1,0.92,688.3300000000002,0.0,0.0,0.0,
87,INDUSTRIAL,STATEN ISLAND,2022,9,3199.1800000000003,0.75,543.29,0.0,0.0,0.0,
87,INDUSTRIAL,STATEN ISLAND,2022,10,2897.32,0.68,459.7599999999999,0.0,0.0,0.0,
87,INDUSTRIAL,STATEN ISLAND,2022,11,4758.51,1.11,837.9399999999999,0.0,0.0,0.0,
87,INDUSTRIAL,STATEN ISLAND,2022,12,4224.51,0.98,731.62,0.0,0.0,0.0,
87,INDUSTRIAL,STATEN ISLAND,2023,1,2940.47,0.69,460.52,0.0,0.0,0.0,-16.05
87,INDUSTRIAL,STATEN ISLAND,2023,2,2838.96,0.66,507.65999999999997,0.0,0.0,0.0,-2.28
87,INDUSTRIAL,STATEN ISLAND,2023,3,4031.28,0.94,701.86,0.0,0.0,0.0,0.42
87,INDUSTRIAL,STATEN ISLAND,2023,4,2209.97,0.51,390.16999999999996,0.0,0.0,0.0,-23.09
87,INDUSTRIAL,STATEN ISLAND,2023,5,2534.8199999999997,0.59,407.38000000000005,0.0,0.0,0.0,-5.91
87,INDUSTRIAL,STATEN ISLAND,2023,6,6825.6900000000005,1.59,1131.45,0.0,0.0,0.0,133.09
87,INDUSTRIAL,STATEN ISLAND,2023,7,2880.7400000000002,0.67,551.6,0.0,0.0,0.0,-9.77
87,INDUSTRIAL,STATEN ISLAND,2023,8,5312.79,1.24,882.28,0.0,0.0,0.0,34.4
87,INDUSTRIAL,STATEN ISLAND,2023,9,2769.51,0.65,457.12000000000006,0.0,0.0,0.0,-13.43
87,INDUSTRIAL,STATEN ISLAND,2023,10,2233.8399999999997,0.52,389.59000000000003,0.0,0.0,0.0,-22.9
87,INDUSTRIAL,STATEN ISLAND,2023,11,2441.06,0.57,400.80000000000007,0.0,0.0,0.0,-48.7
87,INDUSTRIAL,STATEN ISLAND,2023,12,3865.1700000000005,0.9,686.1999999999999,0.0,0.0,0.0,-8.51
87,INDUSTRIAL,STATEN ISLAND,2024,1,3041.64,0.71,559.12,0.0,0.0,0.0,3.44
87,INDUSTRIAL,STATEN ISLAND,2024,2,3397.8199999999997,0.79,584.53,0.0,0.0,0.0,19.69
87,INDUSTRIAL,STATEN ISLAND,2024,3,2378.68,0.55,419.84999999999997,0.0,0.0,0.0,-40.99
87,INDUSTRIAL,STATEN ISLAND,2024,4,2694.28,0.63,458.41999999999996,0.0,0.0,0.0,21.91
87,INDUSTRIAL,STATEN ISLAND,2024,5,2690.0899999999997,0.63,460.14,0.0,0.0,0.0,6.13
87,INDUSTRIAL,STATEN ISLAND,2024,6,3335.7299999999996,0.78,579.6500000000001,0.0,0.0,0.0,-51.13
87,INDUSTRIAL,STATEN ISLAND,2024,7,3753.5199999999995,0.87,616.2,0.0,0.0,0.0,30.3
87,INDUSTRIAL,STATEN ISLAND,2024,8,3378.79,0.79,618.51,0.0,0.0,0.0,-36.4
87,INDUSTRIAL,STATEN ISLAND,2024,9,2107.83,0.49,322.97,0.0,0.0,0.0,-23.89
87,INDUSTRIAL,STATEN ISLAND,2024,10,3066.28,0.71,541.09,0.0,0.0,0.0,37.26
87,INDUSTRIAL,STATEN ISLAND,2024,11,3170.5699999999997,0.74,565.44,0.0,0.0,0.0,29.88
87,INDUSTRIAL,STATEN ISLAND,2024,12,2748.75,0.64,458.28,0.0,0.0,0.0,-28.88
88,COMMERCIAL OFFICE,BRONX,2022,1,1551.1,0.36,253.88,0.0,0.0,0.0,
88,COMMERCIAL OFFICE,BRONX,2022,2,1358.83,0.32,238.43,0.0,0.0,0.0,
88,COMMERCIAL OFFICE,BRONX,2022,3,1894.81,0.44,308.37,0.0,0.0,0.0,
88,COMMERCIAL OFFICE,BRONX,2022,4,1330.16,0.31,234.98999999999998,0.0,0.0,0.0,
88,COMMERCIAL OFFICE,BRONX,2022,5,888.45,0.21,132.97,0.0,0.0,0.0,
88,COMMERCIAL OFFICE,BRONX,2022,6,1043.77,0.24,209.35999999999999,0.0,0.0,0.0,
88,COMMERCIAL OFFICE,BRONX,2022,7,1443.6999999999998,0.34,234.91000000000003,0.0,0.0,0.0,
88,COMMERCIAL OFFICE,BRONX,2022,8,1658.26,0.39,278.9200000000001,0.0,0.0,0.0,
88,COMMERCIAL OFFICE,BRONX,2022,9,1430.4299999999998,0.33,241.08999999999997,0.0,0.0,0.0,
88,COMMERCIAL OFFICE,BRONX,2022,10,1513.37,0.35,242.85,0.0,0.0,0.0,
88,COMMERCIAL OFFICE,BRONX,2022,11,2229.35,0.52,385.60999999999996,0.0,0.0,0.0,
88,COMMERCIAL OFFICE,BRONX,2022,12,1961.6200000000001,0.46,325.21999999999997,0.0,0.0,0.0,
88,COMMERCIAL OFFICE,BRONX,2023,1,1244.1,0.29,195.49,0.0,0.0,0.0,-19.79
88,COMMERCIAL OFFICE,BRONX,2023,2,1138.31,0.27,214.72000000000003,0.0,0.0,0.0,-16.23
88,COMMERCIAL OFFICE,BRONX,2023,3,1752.1299999999999,0.41,286.64,0.0,0.0,0.0,-7.53
88,COMMERCIAL OFFICE,BRONX,2023,4,1281.97,0.3,196.02000000000004,0.0,0.0,0.0,-3.62
88,COMMERCIAL OFFICE,BRONX,2023,5,1025.36,0.24,188.87999999999997,0.0,0.0,0.0,15.41
88,COMMERCIAL OFFICE,BRONX,2023,6,2744.6200000000003,0.64,458.23,0.0,0.0,0.0,162.95
88,COMMERCIAL OFFICE,BRONX,2023,7,1729.4699999999998,0.4,306.71999999999997,0.0,0.0,0.0,19.79
88,COMMERCIAL OFFICE,BRONX,2023,8,2331.56,0.54,397.26000000000005,0.0,0.0,0.0,40.6
88,COMMERCIAL OFFICE,BRONX,2023,9,1425.76,0.33,243.25,0.0,0.0,0.0,-0.33
88,COMMERCIAL OFFICE,BRONX,2023,10,852.64,0.2,158.13,0.0,0.0,0.0,-43.66
88,COMMERCIAL OFFICE,BRONX,2023,11,1278.6899999999998,0.3,224.54,0.0,0.0,0.0,-42.64
88,COMMERCIAL OFFICE,BRONX,2023,12,1576.4199999999998,0.37,281.89000000000004,0.0,0.0,0.0,-19.64
88,COMMERCIAL OFFICE,BRONX,2024,1,1394.83,0.33,239.88,0.0,0.0,0.0,12.12
88,COMMERCIAL OFFICE,BRONX,2024,2,1523.04,0.35,256.51,0.0,0.0,0.0,33.8
88,COMMERCIAL OFFICE,BRONX,2024,3,706.6299999999999,0.16,103.15,0.0,0.0,0.0,-59.67
88,COMMERCIAL OFFICE,BRONX,2024,4,910.4300000000001,0.21,151.89999999999998,0.0,0.0,0.0,-28.98
88,COMMERCIAL OFFICE,BRONX,2024,5,1251.23,0.29,212.67,0.0,0.0,0.0,22.03
88,COMMERCIAL OFFICE,BRONX,2024,6,1482.1599999999999,0.35,260.97,0.0,0.0,0.0,-46.0
88,COMMERCIAL OFFICE,BRONX,2024,7,1425.25,0.33,221.61000000000004,0.0,0.0,0.0,-17.59
88,COMMERCIAL OFFICE,BRONX,2024,8,1733.7200000000003,0.4,320.16,0.0,0.0,0.0,-25.64
88,COMMERCIAL OFFICE,BRONX,2024,9,825.2,0.19,139.57,0.0,0.0,0.0,-42.12
88,COMMERCIAL OFFICE,BRONX,2024,10,1216.5300000000002,0.28,201.46,0.0,0.0,0.0,42.68
88,COMMERCIAL OFFICE,BRONX,2024,11,1603.6399999999999,0.37,259.62,0.0,0.0,0.0,25.41
88,COMMERCIAL OFFICE,BRONX,2024,12,1252.0900000000001,0.29,203.23000000000002,0.0,0.0,0.0,-20.57
89,RETAIL,BROOKLYN,2022,1,652.6700000000001,0.15,101.28000000000002,0.0,0.0,0.0,
89,RETAIL,BROOKLYN,2022,2,569.0899999999999,0.13,102.01,0.0,0.0,0.0,
89,RETAIL,BROOKLYN,2022,3,938.7,0.22,152.98999999999998,0.0,0.0,0.0,
89,RETAIL,BROOKLYN,2022,4,550.13,0.13,88.41,0.0,0.0,0.0,
89,RETAIL,BROOKLYN,2022,5,453.8,0.11,81.16999999999999,0.0,0.0,0.0,
89,RETAIL,BROOKLYN,2022,6,564.48,0.13,104.2,0.0,0.0,0.0,
89,RETAIL,BROOKLYN,2022,7,754.9300000000001,0.18,131.42000000000002,0.0,0.0,0.0,
89,RETAIL,BROOKLYN,2022,8,833.5899999999999,0.19,127.0,0.0,0.0,0.0,
89,RETAIL,BROOKLYN,2022,9,662.4999999999999,0.15,111.38,0.0,0.0,0.0,
89,RETAIL,BROOKLYN,2022,10,813.1200000000001,0.19,140.81,0.0,0.0,0.0,
89,RETAIL,BROOKLYN,2022,11,891.9200000000001,0.21,150.6,0.0,0.0,0.0,
89,RETAIL,BROOKLYN,2022,12,752.78,0.18,127.92999999999999,0.0,0.0,0.0,
89,RETAIL,BROOKLYN,2023,1,528.63,0.12,87.08000000000001,0.0,0.0,0.0,-19.01
89,RETAIL,BROOKLYN,2023,2,422.45000000000005,0.1,72.33,0.0,0.0,0.0,-25.77
89,RETAIL,BROOKLYN,2023,3,719.0500000000001,0.17,114.05,0.0,0.0,0.0,-23.4
89,RETAIL,BROOKLYN,2023,4,488.56,0.11,81.44000000000001,0.0,0.0,0.0,-11.19
89,RETAIL,BROOKLYN,2023,5,505.83000000000004,0.12,85.51,0.0,0.0,0.0,11.47
89,RETAIL,BROOKLYN,2023,6,1298.3199999999997,0.3,218.51000000000002,0.0,0.0,0.0,130.0
89,RETAIL,BROOKLYN,2023,7,736.04,0.17,123.80999999999999,0.0,0.0,0.0,-2.5
89,RETAIL,BROOKLYN,2023,8,898.5200000000001,0.21,144.24,0.0,0.0,0.0,7.79
89,RETAIL,BROOKLYN,2023,9,661.3699999999999,0.15,109.37,0.0,0.0,0.0,-0.17
89,RETAIL,BROOKLYN,2023,10,436.19000000000005,0.1,69.39,0.0,0.0,0.0,-46.36
89,RETAIL,BROOKLYN,2023,11,565.7499999999999,0.13,95.81000000000002,0.0,0.0,0.0,-36.57
89,RETAIL,BROOKLYN,2023,12,843.61,0.2,150.89000000000001,0.0,0.0,0.0,12.07
89,RETAIL,BROOKLYN,2024,1,707.0599999999998,0.16,117.95000000000002,0.0,0.0,0.0,33.75
89,RETAIL,BROOKLYN,2024,2,685.16,0.16,115.06,0.0,0.0,0.0,62.19
89,RETAIL,BROOKLYN,2024,3,573.9399999999999,0.13,97.87999999999998,0.0,0.0,0.0,-20.18
89,RETAIL,BROOKLYN,2024,4,542.44,0.13,98.71000000000001,0.0,0.0,0.0,11.03
89,RETAIL,BROOKLYN,2024,5,626.3000000000001,0.15,109.82999999999998,0.0,0.0,0.0,23.82
89,RETAIL,BROOKLYN,2024,6,713.9300000000001,0.17,124.09,0.0,0.0,0.0,-45.01
89,RETAIL,BROOKLYN,2024,7,644.8599999999999,0.15,101.57,0.0,0.0,0.0,-12.39
89,RETAIL,BROOKLYN,2024,8,892.29,0.21,139.89999999999998,0.0,0.0,0.0,-0.69
89,RETAIL,BROOKLYN,2024,9,363.44,0.08,59.31,0.0,0.0,0.0,-45.05
89,RETAIL,BROOKLYN,2024,10,471.1700000000001,0.11,74.4,0.0,0.0,0.0,8.02
89,RETAIL,BROOKLYN,2024,11,798.92,0.19,134.78,0.0,0.0,0.0,41.21
89,RETAIL,BROOKLYN,2024,12,605.9800000000001,0.14,104.99999999999997,0.0,0.0,0.0,-28.17
90,MIXED-USE,QUEENS,2022,1,850.78,0.2,151.66,0.0,0.0,0.0,
90,MIXED-USE,QUEENS,2022,2,774.92,0.18,147.64,0.0,0.0,0.0,
90,MIXED-USE,QUEENS,2022,3,1012.64,0.24,176.88000000000002,0.0,0.0,0.0,
90,MIXED-USE,QUEENS,2022,4,793.5300000000001,0.18,148.42,0.0,0.0,0.0,
90,MIXED-USE,QUEENS,2022,5,552.0600000000001,0.13,93.03999999999999,0.0,0.0,0.0,
90,MIXED-USE,QUEENS,2022,6,725.25,0.17,130.62,0.0,0.0,0.0,
90,MIXED-USE,QUEENS,2022,7,778.67,0.18,136.11,0.0,0.0,0.0,
90,MIXED-USE,QUEENS,2022,8,908.72,0.21,161.46,0.0,0.0,0.0,
90,MIXED-USE,QUEENS,2022,9,858.0,0.2,141.84,0.0,0.0,0.0,
90,MIXED-USE,QUEENS,2022,10,927.35,0.22,163.05999999999997,0.0,0.0,0.0,
90,MIXED-USE,QUEENS,2022,11,1134.0,0.26,191.56,0.0,0.0,0.0,
90,MIXED-USE,QUEENS,2022,12,1013.46,0.24,169.71999999999997,0.0,0.0,0.0,
90,MIXED-USE,QUEENS,2023,1,663.1700000000001,0.15,100.42,0.0,0.0,0.0,-22.05
90,MIXED-USE,QUEENS,2023,2,734.1400000000001,0.17,127.08,0.0,0.0,0.0,-5.26
90,MIXED-USE,QUEENS,2023,3,1003.3,0.23,162.44,0.0,0.0,0.0,-0.92
90,MIXED-USE,QUEENS,2023,4,559.26,0.13,104.10999999999999,0.0,0.0,0.0,-29.52
90,MIXED-USE,QUEENS,2023,5,671.6700000000001,0.16,121.72999999999999,0.0,0.0,0.0,21.67
90,MIXED-USE,QUEENS,2023,6,1464.6999999999998,0.34,242.48,0.0,0.0,0.0,101.96
90,MIXED-USE,QUEENS,2023,7,943.18,0.22,153.54,0.0,0.0,0.0,21.13
90,MIXED-USE,QUEENS,2023,8,1027.7400000000002,0.24,177.35999999999999,0.0,0.0,0.0,13.1
90,MIXED-USE,QUEENS,2023,9,765.8100000000001,0.18,129.16000000000003,0.0,0.0,0.0,-10.74
90,MIXED-USE,QUEENS,2023,10,433.25,0.1,78.78,0.0,0.0,0.0,-53.28
90,MIXED-USE,QUEENS,2023,11,746.8300000000002,0.17,131.23,0.0,0.0,0.0,-34.14
90,MIXED-USE,QUEENS,2023,12,903.47,0.21,142.73000000000002,0.0,0.0,0.0,-10.85
90,MIXED-USE,QUEENS,2024,1,601.5000000000001,0.14,106.96,0.0,0.0,0.0,-9.3
90,MIXED-USE,QUEENS,2024,2,790.7099999999999,0.18,135.49,0.0,0.0,0.0,7.71
90,MIXED-USE,QUEENS,2024,3,548.39,0.13,89.84000000000002,0.0,0.0,0.0,-45.34
90,MIXED-USE,QUEENS,2024,4,626.8299999999999,0.15,101.40999999999998,0.0,0.0,0.0,12.08
90,MIXED-USE,QUEENS,2024,5,714.08,0.17,128.49,0.0,0.0,0.0,6.31
90,MIXED-USE,QUEENS,2024,6,774.9300000000001,0.18,140.49,0.0,0.0,0.0,-47.09
90,MIXED-USE,QUEENS,2024,7,911.8499999999998,0.21,158.64,0.0,0.0,0.0,-3.32
90,MIXED-USE,QUEENS,2024,8,929.1100000000001,0.22,147.23000000000002,0.0,0.0,0.0,-9.6
90,MIXED-USE,QUEENS,2024,9,501.5,0.12,93.08000000000001,0.0,0.0,0.0,-34.51
90,MIXED-USE,QUEENS,2024,10,695.8699999999999,0.16,117.58,0.0,0.0,0.0,60.62
90,MIXED-USE,QUEENS,2024,11,850.0200000000001,0.2,141.76000000000002,0.0,0.0,0.0,13.82
90,MIXED-USE,QUEENS,2024,12,856.44,0.2,148.55,0.0,0.0,0.0,-5.21
91,INDUSTRIAL,BRONX,2022,1,2651.1199999999994,0.62,453.0,0.0,0.0,10.01,
91,INDUSTRIAL,BRONX,2022,2,2160.24,0.5,351.55999999999995,0.0,0.0,10.43,
91,INDUSTRIAL,BRONX,2022,3,3505.29,0.82,571.12,0.0,0.0,8.02,
91,INDUSTRIAL,BRONX,2022,4,2559.75,0.6,426.62000000000006,0.0,0.0,8.5,
91,INDUSTRIAL,BRONX,2022,5,2102.29,0.49,350.2,0.0,0.0,13.01,
91,INDUSTRIAL,BRONX,2022,6,2248.3999999999996,0.52,370.86,0.0,0.0,8.82,
91,INDUSTRIAL,BRONX,2022,7,2837.94,0.66,489.58000000000004,0.0,0.0,9.75,
91,INDUSTRIAL,BRONX,2022,8,3105.42,0.72,518.67,0.0,0.0,8.97,
91,INDUSTRIAL,BRONX,2022,9,2657.1400000000003,0.62,447.5100000000001,0.0,0.0,12.69,
91,INDUSTRIAL,BRONX,2022,10,3413.0300000000007,0.8,587.8900000000001,0.0,0.0,8.9,
91,INDUSTRIAL,BRONX,2022,11,3846.83,0.9,664.9399999999998,0.0,0.0,11.04,
91,INDUSTRIAL,BRONX,2022,12,3278.4700000000003,0.76,569.11,0.0,0.0,7.86,
91,INDUSTRIAL,BRONX,2023,1,2291.8,0.53,382.25999999999993,0.0,0.0,9.96,-13.55
91,INDUSTRIAL,BRONX,2023,2,1760.6599999999999,0.41,290.72,0.0,0.0,8.68,-18.5
91,INDUSTRIAL,BRONX,2023,3,3394.0300000000007,0.79,576.2,0.0,0.0,8.69,-3.17
91,INDUSTRIAL,BRONX,2023,4,2196.04,0.51,380.06,0.0,0.0,10.58,-14.21
91,INDUSTRIAL,BRONX,2023,5,2013.2499999999998,0.47,360.62,0.0,0.0,7.52,-4.24
91,INDUSTRIAL,BRONX,2023,6,4697.079999999999,1.09,792.97,0.0,0.0,9.11,108.91
91,INDUSTRIAL,BRONX,2023,7,2938.0,0.68,520.8900000000001,0.0,0.0,8.93,3.53
91,INDUSTRIAL,BRONX,2023,8,4138.37,0.96,727.11,0.0,0.0,8.31,33.26
91,INDUSTRIAL,BRONX,2023,9,2415.4900000000002,0.56,436.07,0.0,0.0,11.02,-9.09
91,INDUSTRIAL,BRONX,2023,10,1790.15,0.42,321.3,0.0,0.0,11.97,-47.55
91,INDUSTRIAL,BRONX,2023,11,2392.9300000000003,0.56,387.80999999999995,0.0,0.0,11.17,-37.79
91,INDUSTRIAL,BRONX,2023,12,3388.8900000000003,0.79,515.15,0.0,0.0,6.94,3.37
91,INDUSTRIAL,BRONX,2024,1,2643.0700000000006,0.62,457.78000000000003,0.0,0.0,9.21,15.33
91,INDUSTRIAL,BRONX,2024,2,2998.4900000000002,0.7,484.40999999999997,0.0,0.0,9.11,70.3
91,INDUSTRIAL,BRONX,2024,3,2133.7499999999995,0.5,360.15999999999997,0.0,0.0,10.52,-37.13
91,INDUSTRIAL,BRONX,2024,4,2286.8199999999997,0.53,366.8,0.0,0.0,10.25,4.13
91,INDUSTRIAL,BRONX,2024,5,2531.4900000000002,0.59,424.83,0.0,0.0,10.72,25.74
91,INDUSTRIAL,BRONX,2024,6,2497.36,0.58,461.25999999999993,0.0,0.0,10.35,-46.83
91,INDUSTRIAL,BRONX,2024,7,2491.79,0.58,430.84999999999997,0.0,0.0,9.4,-15.19
91,INDUSTRIAL,BRONX,2024,8,3359.82,0.78,540.0699999999999,0.0,0.0,12.61,-18.81
91,INDUSTRIAL,BRONX,2024,9,1863.02,0.43,344.0799999999999,0.0,0.0,8.63,-22.87
91,INDUSTRIAL,BRONX,2024,10,2372.2200000000003,0.55,419.64,0.0,0.0,9.34,32.52
91,INDUSTRIAL,BRONX,2024,11,2837.5600000000004,0.66,459.91999999999996,0.0,0.0,10.58,18.58
91,INDUSTRIAL,BRONX,2024,12,2306.73,0.54,418.88,0.0,0.0,8.13,-31.93
92,RESIDENTIAL HIGH-RISE,QUEENS,2022,1,888.09,0.21,139.62,0.0,0.0,0.0,
92,RESIDENTIAL HIGH-RISE,QUEENS,2022,2,750.9399999999999,0.17,128.77,0.0,0.0,0.0,
92,RESIDENTIAL HIGH-RISE,QUEENS,2022,3,1040.53,0.24,171.13000000000002,0.0,0.0,0.0,
92,RESIDENTIAL HIGH-RISE,QUEENS,2022,4,738.5200000000001,0.17,135.13,0.0,0.0,0.0,
92,RESIDENTIAL HIGH-RISE,QUEENS,2022,5,589.41,0.14,107.94000000000001,0.0,0.0,0.0,
92,RESIDENTIAL HIGH-RISE,QUEENS,2022,6,762.79,0.18,133.07,0.0,0.0,0.0,
92,RESIDENTIAL HIGH-RISE,QUEENS,2022,7,882.3199999999999,0.21,162.97999999999996,0.0,0.0,0.0,
92,RESIDENTIAL HIGH-RISE,QUEENS,2022,8,937.82,0.22,156.52,0.0,0.0,0.0,
92,RESIDENTIAL HIGH-RISE,QUEENS,2022,9,772.82,0.18,127.34,0.0,0.0,0.0,
92,RESIDENTIAL HIGH-RISE,QUEENS,2022,10,1034.2200000000003,0.24,164.26000000000002,0.0,0.0,0.0,
92,RESIDENTIAL HIGH-RISE,QUEENS,2022,11,1120.1600000000003,0.26,192.27,0.0,0.0,0.0,
92,RESIDENTIAL HIGH-RISE,QUEENS,2022,12,963.6199999999999,0.22,162.43,0.0,0.0,0.0,
92,RESIDENTIAL HIGH-RISE,QUEENS,2023,1,800.2199999999998,0.19,126.60999999999999,0.0,0.0,0.0,-9.89
92,RESIDENTIAL HIGH-RISE,QUEENS,2023,2,684.9799999999999,0.16,114.69000000000001,0.0,0.0,0.0,-8.78
92,RESIDENTIAL HIGH-RISE,QUEENS,2023,3,1143.23,0.27,182.02,0.0,0.0,0.0,9.87
92,RESIDENTIAL HIGH-RISE,QUEENS,2023,4,749.65,0.17,133.29999999999998,0.0,0.0,0.0,1.51
92,RESIDENTIAL HIGH-RISE,QUEENS,2023,5,684.4399999999999,0.16,136.35999999999999,0.0,0.0,0.0,16.12
92,RESIDENTIAL HIGH-RISE,QUEENS,2023,6,1679.27,0.39,271.6600000000001,0.0,0.0,0.0,120.15
92,RESIDENTIAL HIGH-RISE,QUEENS,2023,7,989.2099999999999,0.23,162.57999999999998,0.0,0.0,0.0,12.11
92,RESIDENTIAL HIGH-RISE,QUEENS,2023,8,1064.7000000000003,0.25,187.82,0.0,0.0,0.0,13.53
92,RESIDENTIAL HIGH-RISE,QUEENS,2023,9,759.8,0.18,133.85,0.0,0.0,0.0,-1.68
92,RESIDENTIAL HIGH-RISE,QUEENS,2023,10,493.16999999999996,0.11,88.8,0.0,0.0,0.0,-52.31
92,RESIDENTIAL HIGH-RISE,QUEENS,2023,11,626.0699999999999,0.15,110.30999999999999,0.0,0.0,0.0,-44.11
92,RESIDENTIAL HIGH-RISE,QUEENS,2023,12,1009.4600000000002,0.24,174.91,0.0,0.0,0.0,4.76
92,RESIDENTIAL HIGH-RISE,QUEENS,2024,1,774.11,0.18,129.59,0.0,0.0,0.0,-3.26
92,RESIDENTIAL HIGH-RISE,QUEENS,2024,2,947.4900000000001,0.22,178.26000000000002,0.0,0.0,0.0,38.32
92,RESIDENTIAL HIGH-RISE,QUEENS,2024,3,647.49,0.15,104.72999999999999,0.0,0.0,0.0,-43.36
92,RESIDENTIAL HIGH-RISE,QUEENS,2024,4,639.76,0.15,119.10000000000001,0.0,0.0,0.0,-14.66
92,RESIDENTIAL HIGH-RISE,QUEENS,2024,5,786.27,0.18,145.7,0.0,0.0,0.0,14.88
92,RESIDENTIAL HIGH-RISE,QUEENS,2024,6,792.84,0.18,127.60000000000001,0.0,0.0,0.0,-52.79
92,RESIDENTIAL HIGH-RISE,QUEENS,2024,7,871.53,0.2,140.77999999999997,0.0,0.0,0.0,-11.9
92,RESIDENTIAL HIGH-RISE,QUEENS,2024,8,1053.2700000000002,0.25,186.08999999999997,0.0,0.0,0.0,-1.07
92,RESIDENTIAL HIGH-RISE,QUEENS,2024,9,578.64,0.13,92.28,0.0,0.0,0.0,-23.84
92,RESIDENTIAL HIGH-RISE,QUEENS,2024,10,729.01,0.17,107.19,0.0,0.0,0.0,47.82
92,RESIDENTIAL HIGH-RISE,QUEENS,2024,11,872.8499999999999,0.2,150.73,0.0,0.0,0.0,39.42
92,RESIDENTIAL HIGH-RISE,QUEENS,2024,12,831.0800000000002,0.19,130.81,0.0,0.0,0.0,-17.67
93,MIXED-USE,STATEN ISLAND,2022,1,1206.7999999999997,0.28,199.61,0.0,0.0,0.0,
93,MIXED-USE,STATEN ISLAND,2022,2,939.4499999999999,0.22,171.52,0.0,0.0,0.0,
93,MIXED-USE,STATEN ISLAND,2022,3,1452.6799999999998,0.34,242.74000000000004,0.0,0.0,0.0,
93,MIXED-USE,STATEN ISLAND,2022,4,1056.3600000000001,0.25,168.03000000000003,0.0,0.0,0.0,
93,MIXED-USE,STATEN ISLAND,2022,5,762.1799999999998,0.18,144.28,0.0,0.0,0.0,
93,MIXED-USE,STATEN ISLAND,2022,6,1030.03,0.24,163.18,0.0,0.0,0.0,
93,MIXED-USE,STATEN ISLAND,2022,7,1115.11,0.26,195.64,0.0,0.0,0.0,
93,MIXED-USE,STATEN ISLAND,2022,8,1549.6699999999998,0.36,261.02,0.0,0.0,0.0,
93,MIXED-USE,STATEN ISLAND,2022,9,1109.9799999999998,0.26,193.54000000000002,0.0,0.0,0.0,
93,MIXED-USE,STATEN ISLAND,2022,10,1393.4,0.32,264.84000000000003,0.0,0.0,0.0,
93,MIXED-USE,STATEN ISLAND,2022,11,1437.6699999999998,0.33,234.77999999999997,0.0,0.0,0.0,
93,MIXED-USE,STATEN ISLAND,2022,12,1390.2099999999998,0.32,239.82000000000002,0.0,0.0,0.0,
93,MIXED-USE,STATEN ISLAND,2023,1,1178.2600000000002,0.27,196.49,0.0,0.0,0.0,-2.36
93,MIXED-USE,STATEN ISLAND,2023,2,870.19,0.2,163.92,0.0,0.0,0.0,-7.37
93,MIXED-USE,STATEN ISLAND,2023,3,1685.7199999999998,0.39,279.13000000000005,0.0,0.0,0.0,16.04
93,MIXED-USE,STATEN ISLAND,2023,4,1032.57,0.24,183.44000000000003,0.0,0.0,0.0,-2.25
93,MIXED-USE,STATEN ISLAND,2023,5,987.99,0.23,160.85000000000002,0.0,0.0,0.0,29.63
93,MIXED-USE,STATEN ISLAND,2023,6,1940.1399999999999,0.45,344.27,0.0,0.0,0.0,88.36
93,MIXED-USE,STATEN ISLAND,2023,7,1307.91,0.3,220.48,0.0,0.0,0.0,17.29
93,MIXED-USE,STATEN ISLAND,2023,8,1873.6899999999998,0.44,330.1600000000001,0.0,0.0,0.0,20.91
93,MIXED-USE,STATEN ISLAND,2023,9,1001.34,0.23,152.98000000000002,0.0,0.0,0.0,-9.79
93,MIXED-USE,STATEN ISLAND,2023,10,631.61,0.15,105.71000000000001,0.0,0.0,0.0,-54.67
93,MIXED-USE,STATEN ISLAND,2023,11,855.26,0.2,139.72000000000003,0.0,0.0,0.0,-40.51
93,MIXED-USE,STATEN ISLAND,2023,12,1539.6699999999998,0.36,263.33,0.0,0.0,0.0,10.75
93,MIXED-USE,STATEN ISLAND,2024,1,1063.98,0.25,180.5,0.0,0.0,0.0,-9.7
93,MIXED-USE,STATEN ISLAND,2024,2,1262.57,0.29,231.25,0.0,0.0,0.0,45.09
93,MIXED-USE,STATEN ISLAND,2024,3,884.4200000000001,0.21,159.54,0.0,0.0,0.0,-47.53
93,MIXED-USE,STATEN ISLAND,2024,4,742.06,0.17,137.42,0.0,0.0,0.0,-28.13
93,MIXED-USE,STATEN ISLAND,2024,5,871.3300000000002,0.2,147.46999999999997,0.0,0.0,0.0,-11.81
93,MIXED-USE,STATEN ISLAND,2024,6,960.4700000000001,0.22,163.97,0.0,0.0,0.0,-50.49
93,MIXED-USE,STATEN ISLAND,2024,7,977.49,0.23,161.98,0.0,0.0,0.0,-25.26
93,MIXED-USE,STATEN ISLAND,2024,8,1209.32,0.28,199.63,0.0,0.0,0.0,-35.46
93,MIXED-USE,STATEN ISLAND,2024,9,900.3299999999999,0.21,162.52,0.0,0.0,0.0,-10.09
93,MIXED-USE,STATEN ISLAND,2024,10,1006.53,0.23,181.07999999999998,0.0,0.0,0.0,59.36
93,MIXED-USE,STATEN ISLAND,2024,11,1441.5,0.34,237.10000000000002,0.0,0.0,0.0,68.55
93,MIXED-USE,STATEN ISLAND,2024,12,1108.6599999999999,0.26,190.17,0.0,0.0,0.0,-27.99
94,INDUSTRIAL,QUEENS,2022,1,957.37,0.22,163.79,0.0,0.0,9.59,
94,INDUSTRIAL,QUEENS,2022,2,911.3700000000001,0.21,165.89000000000001,0.0,0.0,9.0,
94,INDUSTRIAL,QUEENS,2022,3,1164.76,0.27,197.82999999999998,0.0,0.0,12.82,
94,INDUSTRIAL,QUEENS,2022,4,862.38,0.2,151.87,0.0,0.0,10.21,
94,INDUSTRIAL,QUEENS,2022,5,633.86,0.15,99.37,0.0,0.0,7.68,
94,INDUSTRIAL,QUEENS,2022,6,838.48,0.2,137.19,0.0,0.0,9.99,
94,INDUSTRIAL,QUEENS,2022,7,953.05,0.22,153.20000000000002,0.0,0.0,7.8,
94,INDUSTRIAL,QUEENS,2022,8,1172.16,0.27,200.70999999999998,0.0,0.0,9.34,
94,INDUSTRIAL,QUEENS,2022,9,762.4000000000001,0.18,124.66,0.0,0.0,10.66,
94,INDUSTRIAL,QUEENS,2022,10,1015.1400000000001,0.24,179.09,0.0,0.0,9.65,
94,INDUSTRIAL,QUEENS,2022,11,1251.3700000000001,0.29,209.79,0.0,0.0,8.13,
94,INDUSTRIAL,QUEENS,2022,12,1107.24,0.26,195.73999999999998,0.0,0.0,6.81,
94,INDUSTRIAL,QUEENS,2023,1,830.5200000000001,0.19,147.05,0.0,0.0,8.96,-13.25
94,INDUSTRIAL,QUEENS,2023,2,662.7099999999999,0.15,103.21,0.0,0.0,11.77,-27.28
94,INDUSTRIAL,QUEENS,2023,3,1126.2899999999997,0.26,193.65,0.0,0.0,8.24,-3.3
94,INDUSTRIAL,QUEENS,2023,4,797.4499999999999,0.19,132.38,0.0,0.0,10.96,-7.53
94,INDUSTRIAL,QUEENS,2023,5,641.7499999999999,0.15,115.24999999999999,0.0,0.0,13.39,1.24
94,INDUSTRIAL,QUEENS,2023,6,1561.8600000000001,0.36,268.84000000000003,0.0,0.0,7.78,86.27
94,INDUSTRIAL,QUEENS,2023,7,1104.04,0.26,193.48,0.0,0.0,9.82,15.84
94,INDUSTRIAL,QUEENS,2023,8,1219.64,0.28,220.99,0.0,0.0,8.69,4.05
94,INDUSTRIAL,QUEENS,2023,9,780.71,0.18,134.34,0.0,0.0,11.69,2.4
94,INDUSTRIAL,QUEENS,2023,10,489.86,0.11,89.11999999999999,0.0,0.0,8.86,-51.74
94,INDUSTRIAL,QUEENS,2023,11,625.23,0.15,110.66999999999999,0.0,0.0,8.29,-50.04
94,INDUSTRIAL,QUEENS,2023,12,956.66,0.22,168.58,0.0,0.0,9.18,-13.6
94,INDUSTRIAL,QUEENS,2024,1,894.3899999999999,0.21,163.70999999999998,0.0,0.0,9.15,7.69
94,INDUSTRIAL,QUEENS,2024,2,903.5699999999999,0.21,152.58,0.0,0.0,10.14,36.34
94,INDUSTRIAL,QUEENS,2024,3,656.6,0.15,118.51,0.0,0.0,9.55,-41.7
94,INDUSTRIAL,QUEENS,2024,4,781.5900000000001,0.18,136.48999999999998,0.0,0.0,13.08,-1.99
94,INDUSTRIAL,QUEENS,2024,5,754.23,0.18,138.92000000000002,0.0,0.0,7.82,17.53
94,INDUSTRIAL,QUEENS,2024,6,854.01,0.2,140.24999999999997,0.0,0.0,10.56,-45.32
94,INDUSTRIAL,QUEENS,2024,7,909.23,0.21,137.45,0.0,0.0,9.01,-17.65
94,INDUSTRIAL,QUEENS,2024,8,1129.0900000000001,0.26,196.98000000000002,0.0,0.0,8.11,-7.42
94,INDUSTRIAL,QUEENS,2024,9,696.01,0.16,102.01,0.0,0.0,7.27,-10.85
94,INDUSTRIAL,QUEENS,2024,10,727.1400000000002,0.17,125.43,0.0,0.0,8.88,48.44
94,INDUSTRIAL,QUEENS,2024,11,1171.01,0.27,194.72000000000003,0.0,0.0,10.87,87.29
94,INDUSTRIAL,QUEENS,2024,12,772.91,0.18,129.27,0.0,0.0,9.06,-19.21
95,GOVERNMENT,STATEN ISLAND,2022,1,299.7,0.07,55.22,0.0,0.0,0.0,
95,GOVERNMENT,STATEN ISLAND,2022,2,232.90000000000003,0.05,38.45,0.0,0.0,0.0,
95,GOVERNMENT,STATEN ISLAND,2022,3,357.64,0.08,58.94,0.0,0.0,0.0,
95,GOVERNMENT,STATEN ISLAND,2022,4,239.57000000000002,0.06,40.739999999999995,0.0,0.0,0.0,
95,GOVERNMENT,STATEN ISLAND,2022,5,213.01999999999998,0.05,33.129999999999995,0.0,0.0,0.0,
95,GOVERNMENT,STATEN ISLAND,2022,6,230.61,0.05,40.230000000000004,0.0,0.0,0.0,
95,GOVERNMENT,STATEN ISLAND,2022,7,338.53,0.08,58.78,0.0,0.0,0.0,
95,GOVERNMENT,STATEN ISLAND,2022,8,377.53999999999996,0.09,64.74000000000001,0.0,0.0,0.0,
95,GOVERNMENT,STATEN ISLAND,2022,9,302.81,0.07,48.16999999999999,0.0,0.0,0.0,
95,GOVERNMENT,STATEN ISLAND,2022,10,341.53000000000003,0.08,56.160000000000004,0.0,0.0,0.0,
95,GOVERNMENT,STATEN ISLAND,2022,11,418.03,0.1,78.24000000000001,0.0,0.0,0.0,
95,GOVERNMENT,STATEN ISLAND,2022,12,317.83,0.07,55.18000000000001,0.0,0.0,0.0,
95,GOVERNMENT,STATEN ISLAND,2023,1,270.51,0.06,45.32999999999999,0.0,0.0,0.0,-9.74
95,GOVERNMENT,STATEN ISLAND,2023,2,170.82,0.04,33.16,0.0,0.0,0.0,-26.66
95,GOVERNMENT,STATEN ISLAND,2023,3,385.65000000000003,0.09,67.06,0.0,0.0,0.0,7.83
95,GOVERNMENT,STATEN ISLAND,2023,4,211.82,0.05,40.019999999999996,0.0,0.0,0.0,-11.58
95,GOVERNMENT,STATEN ISLAND,2023,5,246.61,0.06,39.53,0.0,0.0,0.0,15.77
95,GOVERNMENT,STATEN ISLAND,2023,6,592.02,0.14,90.24,0.0,0.0,0.0,156.72
95,GOVERNMENT,STATEN ISLAND,2023,7,380.17999999999995,0.09,65.22000000000001,0.0,0.0,0.0,12.3
95,GOVERNMENT,STATEN ISLAND,2023,8,477.3400000000001,0.11,90.33,0.0,0.0,0.0,26.43
95,GOVERNMENT,STATEN ISLAND,2023,9,287.77,0.07,46.330000000000005,0.0,0.0,0.0,-4.97
95,GOVERNMENT,STATEN ISLAND,2023,10,196.10000000000002,0.05,32.73,0.0,0.0,0.0,-42.58
95,GOVERNMENT,STATEN ISLAND,2023,11,263.10999999999996,0.06,42.7,0.0,0.0,0.0,-37.06
95,GOVERNMENT,STATEN ISLAND,2023,12,366.93,0.09,56.269999999999996,0.0,0.0,0.0,15.45
95,GOVERNMENT,STATEN ISLAND,2024,1,246.7,0.06,44.480000000000004,0.0,0.0,0.0,-8.8
95,GOVERNMENT,STATEN ISLAND,2024,2,274.90999999999997,0.06,47.650000000000006,0.0,0.0,0.0,60.94
95,GOVERNMENT,STATEN ISLAND,2024,3,225.07000000000002,0.05,42.949999999999996,0.0,0.0,0.0,-41.64
95,GOVERNMENT,STATEN ISLAND,2024,4,216.19,0.05,29.910000000000004,0.0,0.0,0.0,2.06
95,GOVERNMENT,STATEN ISLAND,2024,5,270.45,0.06,42.84,0.0,0.0,0.0,9.67
95,GOVERNMENT,STATEN ISLAND,2024,6,332.59,0.08,52.29,0.0,0.0,0.0,-43.82
95,GOVERNMENT,STATEN ISLAND,2024,7,327.74999999999994,0.08,59.499999999999986,0.0,0.0,0.0,-13.79
95,GOVERNMENT,STATEN ISLAND,2024,8,334.02000000000004,0.08,61.07000000000001,0.0,0.0,0.0,-30.02
95,GOVERNMENT,STATEN ISLAND,2024,9,222.38,0.05,35.92,0.0,0.0,0.0,-22.72
95,GOVERNMENT,STATEN ISLAND,2024,10,274.92,0.06,40.830000000000005,0.0,0.0,0.0,40.19
95,GOVERNMENT,STATEN ISLAND,2024,11,340.65999999999997,0.08,57.87000000000001,0.0,0.0,0.0,29.47
95,GOVERNMENT,STATEN ISLAND,2024,12,295.9,0.07,53.739999999999995,0.0,0.0,0.0,-19.36
96,MIXED-USE,STATEN ISLAND,2022,1,184.08,0.04,33.8,0.0,0.0,12.16,
96,MIXED-USE,STATEN ISLAND,2022,2,154.61,0.04,26.54,0.0,0.0,8.85,
96,MIXED-USE,STATEN ISLAND,2022,3,207.94,0.05,37.07,0.0,0.0,6.39,
96,MIXED-USE,STATEN ISLAND,2022,4,145.89,0.03,24.529999999999994,0.0,0.0,11.89,
96,MIXED-USE,STATEN ISLAND,2022,5,119.31,0.03,21.25,0.0,0.0,8.31,
96,MIXED-USE,STATEN ISLAND,2022,6,138.57,0.03,22.79,0.0,0.0,13.54,
96,MIXED-USE,STATEN ISLAND,2022,7,184.53,0.04,31.94,0.0,0.0,11.11,
96,MIXED-USE,STATEN ISLAND,2022,8,201.23999999999995,0.05,30.520000000000003,0.0,0.0,9.41,
96,MIXED-USE,STATEN ISLAND,2022,9,158.07000000000002,0.04,26.529999999999998,0.0,0.0,10.5,
96,MIXED-USE,STATEN ISLAND,2022,10,191.11000000000004,0.04,31.79,0.0,0.0,10.17,
96,MIXED-USE,STATEN ISLAND,2022,11,228.99,0.05,39.580000000000005,0.0,0.0,11.16,
96,MIXED-USE,STATEN ISLAND,2022,12,228.8,0.05,41.69,0.0,0.0,10.71,
96,MIXED-USE,STATEN ISLAND,2023,1,136.19,0.03,21.979999999999997,0.0,0.0,12.52,-26.02
96,MIXED-USE,STATEN ISLAND,2023,2,143.05,0.03,24.060000000000002,0.0,0.0,10.15,-7.48
96,MIXED-USE,STATEN ISLAND,2023,3,233.14,0.05,35.53,0.0,0.0,10.17,12.12
96,MIXED-USE,STATEN ISLAND,2023,4,133.04,0.03,21.87,0.0,0.0,9.32,-8.81
96,MIXED-USE,STATEN ISLAND,2023,5,110.22,0.03,20.450000000000003,0.0,0.0,8.76,-7.62
96,MIXED-USE,STATEN ISLAND,2023,6,352.07,0.08,59.6,0.0,0.0,12.28,154.07
96,MIXED-USE,STATEN ISLAND,2023,7,188.60000000000002,0.04,33.34,0.0,0.0,11.01,2.21
96,MIXED-USE,STATEN ISLAND,2023,8,255.22000000000003,0.06,40.22,0.0,0.0,11.49,26.82
96,MIXED-USE,STATEN ISLAND,2023,9,112.71,0.03,18.15,0.0,0.0,11.69,-28.7
96,MIXED-USE,STATEN ISLAND,2023,10,122.78999999999999,0.03,20.83,0.0,0.0,11.62,-35.75
96,MIXED-USE,STATEN ISLAND,2023,11,129.04000000000002,0.03,22.85,0.0,0.0,6.86,-43.65
96,MIXED-USE,STATEN ISLAND,2023,12,187.56,0.04,29.78,0.0,0.0,10.8,-18.02
96,MIXED-USE,STATEN ISLAND,2024,1,155.78,0.04,24.390000000000004,0.0,0.0,13.2,14.38
96,MIXED-USE,STATEN ISLAND,2024,2,152.97,0.04,24.950000000000003,0.0,0.0,11.22,6.93
96,MIXED-USE,STATEN ISLAND,2024,3,125.39,0.03,21.54,0.0,0.0,8.12,-46.22
96,MIXED-USE,STATEN ISLAND,2024,4,143.01,0.03,27.55,0.0,0.0,11.75,7.49
96,MIXED-USE,STATEN ISLAND,2024,5,137.89000000000001,0.03,23.46,0.0,0.0,10.92,25.1
96,MIXED-USE,STATEN ISLAND,2024,6,165.2,0.04,29.24,0.0,0.0,8.8,-53.08
96,MIXED-USE,STATEN ISLAND,2024,7,188.73999999999998,0.04,31.209999999999997,0.0,0.0,9.2,0.07
96,MIXED-USE,STATEN ISLAND,2024,8,218.98,0.05,35.650000000000006,0.0,0.0,9.0,-14.2
96,MIXED-USE,STATEN ISLAND,2024,9,121.1,0.03,20.0,0.0,0.0,13.08,7.44
96,MIXED-USE,STATEN ISLAND,2024,10,139.35999999999999,0.03,25.6,0.0,0.0,12.44,13.49
96,MIXED-USE,STATEN ISLAND,2024,11,208.82000000000002,0.05,35.309999999999995,0.0,0.0,9.43,61.83
96,MIXED-USE,STATEN ISLAND,2024,12,149.94000000000003,0.03,25.24,0.0,0.0,13.36,-20.06
97,RETAIL,BROOKLYN,2022,1,1443.22,0.34,227.42000000000002,0.0,0.0,9.07,
97,RETAIL,BROOKLYN,2022,2,1217.93,0.28,219.07999999999998,0.0,0.0,7.56,
97,RETAIL,BROOKLYN,2022,3,1638.5500000000002,0.38,281.78,0.0,0.0,8.34,
97,RETAIL,BROOKLYN,2022,4,1266.81,0.3,205.59,0.0,0.0,9.09,
97,RETAIL,BROOKLYN,2022,5,819.29,0.19,149.85999999999999,0.0,0.0,10.15,
97,RETAIL,BROOKLYN,2022,6,1197.2200000000003,0.28,204.98000000000002,0.0,0.0,8.79,
97,RETAIL,BROOKLYN,2022,7,1319.1,0.31,216.6,0.0,0.0,14.2,
97,RETAIL,BROOKLYN,2022,8,1574.1599999999999,0.37,262.80000000000007,0.0,0.0,10.18,
97,RETAIL,BROOKLYN,2022,9,1219.53,0.28,220.76000000000005,0.0,0.0,11.09,
97,RETAIL,BROOKLYN,2022,10,1410.04,0.33,230.98000000000008,0.0,0.0,12.01,
97,RETAIL,BROOKLYN,2022,11,1902.02,0.44,335.06,0.0,0.0,9.13,
97,RETAIL,BROOKLYN,2022,12,1456.06,0.34,249.47000000000003,0.0,0.0,11.38,
97,RETAIL,BROOKLYN,2023,1,1269.42,0.3,197.22999999999996,0.0,0.0,9.06,-12.04
97,RETAIL,BROOKLYN,2023,2,988.35,0.23,166.91000000000003,0.0,0.0,7.4,-18.85
97,RETAIL,BROOKLYN,2023,3,1550.58,0.36,245.51999999999998,0.0,0.0,10.56,-5.37
97,RETAIL,BROOKLYN,2023,4,974.3100000000001,0.23,166.54999999999998,0.0,0.0,9.07,-23.09
97,RETAIL,BROOKLYN,2023,5,1077.75,0.25,180.77000000000004,0.0,0.0,8.52,31.55
97,RETAIL,BROOKLYN,2023,6,2480.3199999999997,0.58,439.36000000000007,0.0,0.0,9.88,107.17
97,RETAIL,BROOKLYN,2023,7,1540.4700000000003,0.36,269.31,0.0,0.0,10.6,16.78
97,RETAIL,BROOKLYN,2023,8,2135.56,0.5,376.34000000000003,0.0,0.0,9.68,35.66
97,RETAIL,BROOKLYN,2023,9,1171.56,0.27,203.86999999999998,0.0,0.0,9.75,-3.93
97,RETAIL,BROOKLYN,2023,10,963.3,0.22,169.43,0.0,0.0,8.78,-31.68
97,RETAIL,BROOKLYN,2023,11,1175.3999999999999,0.27,202.97,0.0,0.0,9.82,-38.2
97,RETAIL,BROOKLYN,2023,12,1643.89,0.38,283.77000000000004,0.0,0.0,10.51,12.9
97,RETAIL,BROOKLYN,2024,1,1316.19,0.31,209.74,0.0,0.0,11.1,3.68
97,RETAIL,BROOKLYN,2024,2,1125.23,0.26,207.51,0.0,0.0,6.39,13.85
97,RETAIL,BROOKLYN,2024,3,1067.34,0.25,182.72,0.0,0.0,9.34,-31.17
97,RETAIL,BROOKLYN,2024,4,985.7700000000001,0.23,187.1,0.0,0.0,11.2,1.18
97,RETAIL,BROOKLYN,2024,5,1051.8,0.25,173.60999999999999,0.0,0.0,9.78,-2.41
97,RETAIL,BROOKLYN,2024,6,1239.12,0.29,211.85999999999999,0.0,0.0,7.87,-50.04
97,RETAIL,BROOKLYN,2024,7,1306.32,0.3,227.13,0.0,0.0,13.13,-15.2
97,RETAIL,BROOKLYN,2024,8,1489.2499999999998,0.35,277.58000000000004,0.0,0.0,9.61,-30.26
97,RETAIL,BROOKLYN,2024,9,759.11,0.18,138.95999999999998,0.0,0.0,12.51,-35.21
97,RETAIL,BROOKLYN,2024,10,1114.9299999999998,0.26,191.34,0.0,0.0,13.21,15.74
97,RETAIL,BROOKLYN,2024,11,1448.04,0.34,229.49,0.0,0.0,11.2,23.2
97,RETAIL,BROOKLYN,2024,12,1225.2,0.29,217.01,0.0,0.0,9.43,-25.47
98,RESIDENTIAL HIGH-RISE,STATEN ISLAND,2022,1,630.12,0.15,110.06999999999998,0.0,0.0,8.84,
98,RESIDENTIAL HIGH-RISE,STATEN ISLAND,2022,2,702.3199999999999,0.16,119.11,0.0,0.0,9.26,
98,RESIDENTIAL HIGH-RISE,STATEN ISLAND,2022,3,924.5899999999999,0.22,161.27,0.0,0.0,9.27,
98,RESIDENTIAL HIGH-RISE,STATEN ISLAND,2022,4,747.3799999999999,0.17,128.24,0.0,0.0,10.46,
98,RESIDENTIAL HIGH-RISE,STATEN ISLAND,2022,5,586.1099999999999,0.14,97.64999999999999,0.0,0.0,8.15,
98,RESIDENTIAL HIGH-RISE,STATEN ISLAND,2022,6,617.6600000000001,0.14,112.91,0.0,0.0,10.92,
98,RESIDENTIAL HIGH-RISE,STATEN ISLAND,2022,7,758.1199999999999,0.18,125.68,0.0,0.0,9.7,
98,RESIDENTIAL HIGH-RISE,STATEN ISLAND,2022,8,959.1199999999999,0.22,165.82999999999998,0.0,0.0,10.54,
98,RESIDENTIAL HIGH-RISE,STATEN ISLAND,2022,9,721.17,0.17,121.97999999999998,0.0,0.0,8.48,
98,RESIDENTIAL HIGH-RISE,STATEN ISLAND,2022,10,914.2500000000001,0.21,162.36999999999998,0.0,0.0,10.27,
98,RESIDENTIAL HIGH-RISE,STATEN ISLAND,2022,11,1076.0600000000002,0.25,191.97000000000006,0.0,0.0,10.42,
98,RESIDENTIAL HIGH-RISE,STATEN ISLAND,2022,12,866.3000000000001,0.2,134.21,0.0,0.0,13.23,
98,RESIDENTIAL HIGH-RISE,STATEN ISLAND,2023,1,517.11,0.12,85.82000000000001,0.0,0.0,9.96,-17.93
98,RESIDENTIAL HIGH-RISE,STATEN ISLAND,2023,2,621.9100000000001,0.14,101.53,0.0,0.0,14.1,-11.45
98,RESIDENTIAL HIGH-RISE,STATEN ISLAND,2023,3,1099.3,0.26,183.07,0.0,0.0,9.27,18.9
98,RESIDENTIAL HIGH-RISE,STATEN ISLAND,2023,4,522.92,0.12,79.50000000000001,0.0,0.0,8.75,-30.03
98,RESIDENTIAL HIGH-RISE,STATEN ISLAND,2023,5,652.67,0.15,115.82000000000002,0.0,0.0,9.34,11.36
98,RESIDENTIAL HIGH-RISE,STATEN ISLAND,2023,6,1510.73,0.35,249.14000000000001,0.0,0.0,9.4,144.59
98,RESIDENTIAL HIGH-RISE,STATEN ISLAND,2023,7,934.58,0.22,156.46,0.0,0.0,9.05,23.28
98,RESIDENTIAL HIGH-RISE,STATEN ISLAND,2023,8,1157.18,0.27,208.41,0.0,0.0,8.65,20.65
98,RESIDENTIAL HIGH-RISE,STATEN ISLAND,2023,9,732.1599999999999,0.17,123.65,0.0,0.0,8.78,1.52
98,RESIDENTIAL HIGH-RISE,STATEN ISLAND,2023,10,515.26,0.12,79.88999999999999,0.0,0.0,8.78,-43.64
98,RESIDENTIAL HIGH-RISE,STATEN ISLAND,2023,11,634.8299999999999,0.15,105.97,0.0,0.0,9.56,-41.0
98,RESIDENTIAL HIGH-RISE,STATEN ISLAND,2023,12,904.6600000000001,0.21,151.02000000000004,0.0,0.0,9.52,4.43
98,RESIDENTIAL HIGH-RISE,STATEN ISLAND,2024,1,756.1600000000002,0.18,134.32,0.0,0.0,10.29,46.23
98,RESIDENTIAL HIGH-RISE,STATEN ISLAND,2024,2,851.16,0.2,135.41,0.0,0.0,12.16,36.86
98,RESIDENTIAL HIGH-RISE,STATEN ISLAND,2024,3,543.37,0.13,93.07,0.0,0.0,14.01,-50.57
98,RESIDENTIAL HIGH-RISE,STATEN ISLAND,2024,4,622.0099999999999,0.14,105.46000000000002,0.0,0.0,9.65,18.95
98,RESIDENTIAL HIGH-RISE,STATEN ISLAND,2024,5,633.76,0.15,105.79,0.0,0.0,8.56,-2.9
98,RESIDENTIAL HIGH-RISE,STATEN ISLAND,2024,6,798.8599999999999,0.19,112.16,0.0,0.0,7.65,-47.12
98,RESIDENTIAL HIGH-RISE,STATEN ISLAND,2024,7,768.48,0.18,125.35000000000001,0.0,0.0,7.7,-17.77
98,RESIDENTIAL HIGH-RISE,STATEN ISLAND,2024,8,864.1700000000001,0.2,148.53,0.0,0.0,10.89,-25.32
98,RESIDENTIAL HIGH-RISE,STATEN ISLAND,2024,9,533.42,0.12,86.91,0.0,0.0,9.65,-27.14
98,RESIDENTIAL HIGH-RISE,STATEN ISLAND,2024,10,691.2099999999999,0.16,116.62,0.0,0.0,9.9,34.15
98,RESIDENTIAL HIGH-RISE,STATEN ISLAND,2024,11,991.5100000000001,0.23,177.65000000000003,0.0,0.0,11.66,56.19
98,RESIDENTIAL HIGH-RISE,STATEN ISLAND,2024,12,637.3800000000001,0.15,111.38,0.0,0.0,10.58,-29.54
99,MIXED-USE,QUEENS,2022,1,676.1999999999999,0.16,112.77000000000001,0.0,0.0,0.0,
99,MIXED-USE,QUEENS,2022,2,533.23,0.12,86.50999999999999,0.0,0.0,0.0,
99,MIXED-USE,QUEENS,2022,3,1021.21,0.24,171.07999999999998,0.0,0.0,0.0,
99,MIXED-USE,QUEENS,2022,4,695.13,0.16,118.83,0.0,0.0,0.0,
99,MIXED-USE,QUEENS,2022,5,360.51000000000005,0.08,58.029999999999994,0.0,0.0,0.0,
99,MIXED-USE,QUEENS,2022,6,477.06,0.11,88.23999999999998,0.0,0.0,0.0,
99,MIXED-USE,QUEENS,2022,7,502.13,0.12,89.06,0.0,0.0,0.0,
99,MIXED-USE,QUEENS,2022,8,740.42,0.17,129.24,0.0,0.0,0.0,
99,MIXED-USE,QUEENS,2022,9,659.8499999999999,0.15,111.46,0.0,0.0,0.0,
99,MIXED-USE,QUEENS,2022,10,709.4,0.17,127.5,0.0,0.0,0.0,
99,MIXED-USE,QUEENS,2022,11,831.4799999999999,0.19,138.99,0.0,0.0,0.0,
99,MIXED-USE,QUEENS,2022,12,712.4900000000001,0.17,124.25,0.0,0.0,0.0,
99,MIXED-USE,QUEENS,2023,1,616.84,0.14,110.75,0.0,0.0,0.0,-8.78
99,MIXED-USE,QUEENS,2023,2,445.03000000000003,0.1,70.57,0.0,0.0,0.0,-16.54
99,MIXED-USE,QUEENS,2023,3,901.5100000000001,0.21,155.02,0.0,0.0,0.0,-11.72
99,MIXED-USE,QUEENS,2023,4,491.95000000000005,0.11,83.63000000000001,0.0,0.0,0.0,-29.23
99,MIXED-USE,QUEENS,2023,5,582.7399999999999,0.14,102.11,0.0,0.0,0.0,61.64
99,MIXED-USE,QUEENS,2023,6,1493.8,0.35,258.08000000000004,0.0,0.0,0.0,213.13
99,MIXED-USE,QUEENS,2023,7,704.1299999999999,0.16,118.30000000000001,0.0,0.0,0.0,40.23
99,MIXED-USE,QUEENS,2023,8,1141.79,0.27,183.85000000000002,0.0,0.0,0.0,54.21
99,MIXED-USE,QUEENS,2023,9,600.5,0.14,103.49999999999999,0.0,0.0,0.0,-8.99
99,MIXED-USE,QUEENS,2023,10,482.49,0.11,80.47,0.0,0.0,0.0,-31.99
99,MIXED-USE,QUEENS,2023,11,597.07,0.14,98.01,0.0,0.0,0.0,-28.19
99,MIXED-USE,QUEENS,2023,12,882.8299999999999,0.21,157.56,0.0,0.0,0.0,23.91
99,MIXED-USE,QUEENS,2024,1,644.96,0.15,112.06,0.0,0.0,0.0,4.56
99,MIXED-USE,QUEENS,2024,2,723.39,0.17,121.15,0.0,0.0,0.0,62.55
99,MIXED-USE,QUEENS,2024,3,550.9,0.13,84.16,0.0,0.0,0.0,-38.89
99,MIXED-USE,QUEENS,2024,4,529.3199999999999,0.12,82.08,0.0,0.0,0.0,7.6
99,MIXED-USE,QUEENS,2024,5,547.77,0.13,94.53000000000002,0.0,0.0,0.0,-6.0
99,MIXED-USE,QUEENS,2024,6,652.24,0.15,98.45,0.0,0.0,0.0,-56.34
99,MIXED-USE,QUEENS,2024,7,746.6,0.17,120.32000000000001,0.0,0.0,0.0,6.03
99,MIXED-USE,QUEENS,2024,8,686.25,0.16,123.08999999999999,0.0,0.0,0.0,-39.9
99,MIXED-USE,QUEENS,2024,9,442.06000000000006,0.1,72.91999999999999,0.0,0.0,0.0,-26.38
99,MIXED-USE,QUEENS,2024,10,526.13,0.12,99.75999999999999,0.0,0.0,0.0,9.04
99,MIXED-USE,QUEENS,2024,11,771.27,0.18,131.48000000000002,0.0,0.0,0.0,29.18
99,MIXED-USE,QUEENS,2024,12,642.97,0.15,96.82000000000001,0.0,0.0,0.0,-27.17
100,INDUSTRIAL,MANHATTAN,2022,1,1922.56,0.45,351.9,0.0,0.0,11.01,
100,INDUSTRIAL,MANHATTAN,2022,2,1628.3500000000001,0.38,309.57,0.0,0.0,14.03,
100,INDUSTRIAL,MANHATTAN,2022,3,2507.38,0.58,420.40000000000003,0.0,0.0,11.07,
100,INDUSTRIAL,MANHATTAN,2022,4,1665.31,0.39,283.63,0.0,0.0,9.13,
100,INDUSTRIAL,MANHATTAN,2022,5,1309.65,0.31,226.54000000000002,0.0,0.0,12.31,
100,INDUSTRIAL,MANHATTAN,2022,6,1555.65,0.36,286.09000000000003,0.0,0.0,9.27,
100,INDUSTRIAL,MANHATTAN,2022,7,1621.9699999999998,0.38,287.79999999999995,0.0,0.0,8.65,
100,INDUSTRIAL,MANHATTAN,2022,8,2250.4900000000002,0.52,374.55,0.0,0.0,13.04,
100,INDUSTRIAL,MANHATTAN,2022,9,1945.2600000000002,0.45,350.98,0.0,0.0,11.65,
100,INDUSTRIAL,MANHATTAN,2022,10,2272.62,0.53,365.24000000000007,0.0,0.0,9.71,
100,INDUSTRIAL,MANHATTAN,2022,11,2591.8199999999997,0.6,436.83000000000004,0.0,0.0,12.02,
100,INDUSTRIAL,MANHATTAN,2022,12,2567.33,0.6,429.7,0.0,0.0,9.28,
100,INDUSTRIAL,MANHATTAN,2023,1,1699.77,0.4,296.44000000000005,0.0,0.0,11.54,-11.59
100,INDUSTRIAL,MANHATTAN,2023,2,1255.5700000000002,0.29,214.85,0.0,0.0,5.42,-22.89
100,INDUSTRIAL,MANHATTAN,2023,3,2237.7799999999997,0.52,392.2099999999999,0.0,0.0,9.32,-10.75
100,INDUSTRIAL,MANHATTAN,2023,4,1417.12,0.33,234.66,0.0,0.0,11.42,-14.9
100,INDUSTRIAL,MANHATTAN,2023,5,1634.2800000000002,0.38,286.11,0.0,0.0,11.78,24.79
100,INDUSTRIAL,MANHATTAN,2023,6,3712.38,0.86,631.5799999999999,0.0,0.0,8.83,138.64
100,INDUSTRIAL,MANHATTAN,2023,7,2082.47,0.49,352.28000000000003,0.0,0.0,11.67,28.39
100,INDUSTRIAL,MANHATTAN,2023,8,2496.2199999999993,0.58,429.04999999999995,0.0,0.0,8.24,10.92
100,INDUSTRIAL,MANHATTAN,2023,9,1684.21,0.39,298.87000000000006,0.0,0.0,10.89,-13.42
100,INDUSTRIAL,MANHATTAN,2023,10,1274.71,0.3,222.42000000000002,0.0,0.0,9.74,-43.91
100,INDUSTRIAL,MANHATTAN,2023,11,1630.99,0.38,273.98,0.0,0.0,11.38,-37.07
100,INDUSTRIAL,MANHATTAN,2023,12,2092.09,0.49,333.04,0.0,0.0,10.4,-18.51
100,INDUSTRIAL,MANHATTAN,2024,1,1619.24,0.38,270.21999999999997,0.0,0.0,14.3,-4.74
100,INDUSTRIAL,MANHATTAN,2024,2,1790.98,0.42,313.5300000000001,0.0,0.0,10.26,42.64
100,INDUSTRIAL,MANHATTAN,2024,3,1253.2,0.29,202.48,0.0,0.0,10.39,-44.0
100,INDUSTRIAL,MANHATTAN,2024,4,1330.0900000000001,0.31,227.03,0.0,0.0,8.92,-6.14
100,INDUSTRIAL,MANHATTAN,2024,5,1660.4700000000003,0.39,308.74,0.0,0.0,5.67,1.6
100,INDUSTRIAL,MANHATTAN,2024,6,2111.59,0.49,347.94000000000005,0.0,0.0,11.64,-43.12
100,INDUSTRIAL,MANHATTAN,2024,7,1594.39,0.37,262.77,0.0,0.0,8.75,-23.44
100,INDUSTRIAL,MANHATTAN,2024,8,2005.73,0.47,337.39000000000004,0.0,0.0,10.34,-19.65
100,INDUSTRIAL,MANHATTAN,2024,9,1326.1299999999999,0.31,221.8,0.0,0.0,11.97,-21.26
100,INDUSTRIAL,MANHATTAN,2024,10,1502.48,0.35,250.50000000000003,0.0,0.0,8.78,17.87
100,INDUSTRIAL,MANHATTAN,2024,11,2561.7,0.6,403.71999999999997,0.0,0.0,10.3,57.06
100,INDUSTRIAL,MANHATTAN,2024,12,1682.4799999999998,0.39,270.7,0.0,0.0,5.66,-19.58
101,MIXED-USE,QUEENS,2022,1,176.41000000000003,0.04,30.23,0.0,0.0,0.0,
101,MIXED-USE,QUEENS,2022,2,153.83,0.04,27.84,0.0,0.0,0.0,
101,MIXED-USE,QUEENS,2022,3,268.71999999999997,0.06,45.5,0.0,0.0,0.0,
101,MIXED-USE,QUEENS,2022,4,196.79999999999998,0.05,34.92,0.0,0.0,0.0,
101,MIXED-USE,QUEENS,2022,5,129.41,0.03,21.54,0.0,0.0,0.0,
101,MIXED-USE,QUEENS,2022,6,144.02999999999997,0.03,24.51,0.0,0.0,0.0,
101,MIXED-USE,QUEENS,2022,7,199.34,0.05,33.470000000000006,0.0,0.0,0.0,
101,MIXED-USE,QUEENS,2022,8,193.45000000000002,0.05,31.55,0.0,0.0,0.0,
101,MIXED-USE,QUEENS,2022,9,173.95000000000002,0.04,30.739999999999995,0.0,0.0,0.0,
101,MIXED-USE,QUEENS,2022,10,204.56,0.05,32.34,0.0,0.0,0.0,
101,MIXED-USE,QUEENS,2022,11,239.78,0.06,39.199999999999996,0.0,0.0,0.0,
101,MIXED-USE,QUEENS,2022,12,213.5,0.05,38.870000000000005,0.0,0.0,0.0,
101,MIXED-USE,QUEENS,2023,1,190.19999999999996,0.04,33.92,0.0,0.0,0.0,7.82
101,MIXED-USE,QUEENS,2023,2,146.39000000000001,0.03,24.67,0.0,0.0,0.0,-4.84
101,MIXED-USE,QUEENS,2023,3,212.02,0.05,36.510000000000005,0.0,0.0,0.0,-21.1
101,MIXED-USE,QUEENS,2023,4,108.36,0.03,18.7,0.0,0.0,0.0,-44.94
101,MIXED-USE,QUEENS,2023,5,141.77,0.03,26.499999999999996,0.0,0.0,0.0,9.55
101,MIXED-USE,QUEENS,2023,6,383.69,0.09,62.57,0.0,0.0,0.0,166.4
101,MIXED-USE,QUEENS,2023,7,227.07,0.05,42.39,0.0,0.0,0.0,13.91
101,MIXED-USE,QUEENS,2023,8,299.57,0.07,53.57,0.0,0.0,0.0,54.86
101,MIXED-USE,QUEENS,2023,9,157.19000000000003,0.04,27.02,0.0,0.0,0.0,-9.63
101,MIXED-USE,QUEENS,2023,10,115.67,0.03,18.659999999999997,0.0,0.0,0.0,-43.45
101,MIXED-USE,QUEENS,2023,11,150.67999999999998,0.04,26.860000000000003,0.0,0.0,0.0,-37.16
101,MIXED-USE,QUEENS,2023,12,224.89000000000001,0.05,38.87,0.0,0.0,0.0,5.33
101,MIXED-USE,QUEENS,2024,1,163.22000000000003,0.04,25.44,0.0,0.0,0.0,-14.19
101,MIXED-USE,QUEENS,2024,2,213.44000000000003,0.05,32.279999999999994,0.0,0.0,0.0,45.8
101,MIXED-USE,QUEENS,2024,3,153.57999999999998,0.04,24.42,0.0,0.0,0.0,-27.56
101,MIXED-USE,QUEENS,2024,4,132.29,0.03,21.480000000000004,0.0,0.0,0.0,22.08
101,MIXED-USE,QUEENS,2024,5,135.92,0.03,24.950000000000003,0.0,0.0,0.0,-4.13
101,MIXED-USE,QUEENS,2024,6,187.32999999999998,0.04,33.53,0.0,0.0,0.0,-51.18
101,MIXED-USE,QUEENS,2024,7,177.54,0.04,31.529999999999998,0.0,0.0,0.0,-21.81
101,MIXED-USE,QUEENS,2024,8,243.74,0.06,39.56999999999999,0.0,0.0,0.0,-18.64
101,MIXED-USE,QUEENS,2024,9,141.01,0.03,24.389999999999997,0.0,0.0,0.0,-10.29
101,MIXED-USE,QUEENS,2024,10,173.36000000000004,0.04,26.28,0.0,0.0,0.0,49.87
101,MIXED-USE,QUEENS,2024,11,206.61,0.05,35.82,0.0,0.0,0.0,37.12
101,MIXED-USE,QUEENS,2024,12,195.44,0.05,34.730000000000004,0.0,0.0,0.0,-13.1
102,INDUSTRIAL,BRONX,2022,1,2748.38,0.64,498.81,0.0,0.0,0.0,
102,INDUSTRIAL,BRONX,2022,2,2737.68,0.64,473.59000000000003,0.0,0.0,0.0,
102,INDUSTRIAL,BRONX,2022,3,4372.67,1.02,780.2999999999998,0.0,0.0,0.0,
102,INDUSTRIAL,BRONX,2022,4,2702.22,0.63,456.22,0.0,0.0,0.0,
102,INDUSTRIAL,BRONX,2022,5,2370.0899999999997,0.55,407.74,0.0,0.0,0.0,
102,INDUSTRIAL,BRONX,2022,6,2431.41,0.57,456.25000000000006,0.0,0.0,0.0,
102,INDUSTRIAL,BRONX,2022,7,3852.8300000000004,0.9,647.31,0.0,0.0,0.0,
102,INDUSTRIAL,BRONX,2022,8,3911.34,0.91,605.9699999999999,0.0,0.0,0.0,
102,INDUSTRIAL,BRONX,2022,9,3227.2599999999998,0.75,535.17,0.0,0.0,0.0,
102,INDUSTRIAL,BRONX,2022,10,3513.46,0.82,596.6399999999999,0.0,0.0,0.0,
102,INDUSTRIAL,BRONX,2022,11,4100.56,0.96,659.1800000000001,0.0,0.0,0.0,
102,INDUSTRIAL,BRONX,2022,12,3783.9299999999994,0.88,640.4399999999999,0.0,0.0,0.0,
102,INDUSTRIAL,BRONX,2023,1,3616.32,0.84,604.2800000000001,0.0,0.0,0.0,31.58
102,INDUSTRIAL,BRONX,2023,2,2748.2200000000003,0.64,437.11999999999995,0.0,0.0,0.0,0.38
102,INDUSTRIAL,BRONX,2023,3,3920.09,0.91,676.9799999999999,0.0,0.0,0.0,-10.35
102,INDUSTRIAL,BRONX,2023,4,2274.58,0.53,413.87000000000006,0.0,0.0,0.0,-15.83
102,INDUSTRIAL,BRONX,2023,5,2454.51,0.57,370.4,0.0,0.0,0.0,3.56
102,INDUSTRIAL,BRONX,2023,6,6964.500000000002,1.62,1110.29,0.0,0.0,0.0,186.44
102,INDUSTRIAL,BRONX,2023,7,3721.33,0.87,634.61,0.0,0.0,0.0,-3.41
102,INDUSTRIAL,BRONX,2023,8,5157.9299999999985,1.2,946.97,0.0,0.0,0.0,31.87
102,INDUSTRIAL,BRONX,2023,9,3284.83,0.77,551.5100000000001,0.0,0.0,0.0,1.78
102,INDUSTRIAL,BRONX,2023,10,1896.3100000000002,0.44,362.15000000000003,0.0,0.0,0.0,-46.03
102,INDUSTRIAL,BRONX,2023,11,2262.2999999999997,0.53,378.80999999999995,0.0,0.0,0.0,-44.83
102,INDUSTRIAL,BRONX,2023,12,4140.339999999999,0.96,693.6,0.0,0.0,0.0,9.42
102,INDUSTRIAL,BRONX,2024,1,2904.5299999999997,0.68,480.96,0.0,0.0,0.0,-19.68
102,INDUSTRIAL,BRONX,2024,2,3458.1,0.81,619.85,0.0,0.0,0.0,25.83
102,INDUSTRIAL,BRONX,2024,3,2721.3799999999997,0.63,458.15999999999997,0.0,0.0,0.0,-30.58
102,INDUSTRIAL,BRONX,2024,4,2802.7299999999996,0.65,498.54,0.0,0.0,0.0,23.22
102,INDUSTRIAL,BRONX,2024,5,2916.05,0.68,476.25000000000006,0.0,0.0,0.0,18.8
102,INDUSTRIAL,BRONX,2024,6,3376.3499999999995,0.79,589.52,0.0,0.0,0.0,-51.52
102,INDUSTRIAL,BRONX,2024,7,3213.01,0.75,531.1299999999999,0.0,0.0,0.0,-13.66
102,INDUSTRIAL,BRONX,2024,8,3919.0599999999995,0.91,740.87,0.0,0.0,0.0,-24.02
102,INDUSTRIAL,BRONX,2024,9,1349.23,0.31,221.37,0.0,0.0,0.0,-58.93
102,INDUSTRIAL,BRONX,2024,10,2822.31,0.66,503.65000000000003,0.0,0.0,0.0,48.83
102,INDUSTRIAL,BRONX,2024,11,3992.7300000000005,0.93,659.0199999999999,0.0,0.0,0.0,76.49
102,INDUSTRIAL,BRONX,2024,12,3205.41,0.75,538.6700000000001,0.0,0.0,0.0,-22.58
103,MIXED-USE,MANHATTAN,2022,1,1004.27,0.23,187.35999999999999,0.0,0.0,0.0,
103,MIXED-USE,MANHATTAN,2022,2,1135.5399999999997,0.26,193.53000000000003,0.0,0.0,0.0,
103,MIXED-USE,MANHATTAN,2022,3,1365.8000000000002,0.32,248.98999999999998,0.0,0.0,0.0,
103,MIXED-USE,MANHATTAN,2022,4,1173.27,0.27,220.55999999999995,0.0,0.0,0.0,
103,MIXED-USE,MANHATTAN,2022,5,864.3800000000001,0.2,147.99999999999997,0.0,0.0,0.0,
103,MIXED-USE,MANHATTAN,2022,6,989.74,0.23,156.64,0.0,0.0,0.0,
103,MIXED-USE,MANHATTAN,2022,7,1208.15,0.28,207.03,0.0,0.0,0.0,
103,MIXED-USE,MANHATTAN,2022,8,1393.29,0.32,221.51,0.0,0.0,0.0,
103,MIXED-USE,MANHATTAN,2022,9,1128.75,0.26,184.65000000000003,0.0,0.0,0.0,
103,MIXED-USE,MANHATTAN,2022,10,1213.6799999999998,0.28,193.35999999999999,0.0,0.0,0.0,
103,MIXED-USE,MANHATTAN,2022,11,1608.0400000000002,0.37,277.01,0.0,0.0,0.0,
103,MIXED-USE,MANHATTAN,2022,12,1191.6699999999998,0.28,195.66000000000003,0.0,0.0,0.0,
103,MIXED-USE,MANHATTAN,2023,1,920.29,0.21,161.85999999999999,0.0,0.0,0.0,-8.36
103,MIXED-USE,MANHATTAN,2023,2,1027.98,0.24,163.07000000000002,0.0,0.0,0.0,-9.47
103,MIXED-USE,MANHATTAN,2023,3,1468.4300000000003,0.34,254.79999999999998,0.0,0.0,0.0,7.51
103,MIXED-USE,MANHATTAN,2023,4,899.2500000000001,0.21,171.73999999999998,0.0,0.0,0.0,-23.36
103,MIXED-USE,MANHATTAN,2023,5,895.21,0.21,149.43,0.0,0.0,0.0,3.57
103,MIXED-USE,MANHATTAN,2023,6,1649.9899999999998,0.38,275.85,0.0,0.0,0.0,66.71
103,MIXED-USE,MANHATTAN,2023,7,1089.06,0.25,193.1,0.0,0.0,0.0,-9.86
103,MIXED-USE,MANHATTAN,2023,8,1639.0900000000001,0.38,276.17999999999995,0.0,0.0,0.0,17.64
103,MIXED-USE,MANHATTAN,2023,9,1021.4899999999999,0.24,176.23,0.0,0.0,0.0,-9.5
103,MIXED-USE,MANHATTAN,2023,10,675.32,0.16,123.98,0.0,0.0,0.0,-44.36
103,MIXED-USE,MANHATTAN,2023,11,968.9900000000001,0.23,181.65,0.0,0.0,0.0,-39.74
103,MIXED-USE,MANHATTAN,2023,12,1198.04,0.28,177.64999999999998,0.0,0.0,0.0,0.53
103,MIXED-USE,MANHATTAN,2024,1,1003.64,0.23,188.67000000000002,0.0,0.0,0.0,9.06
103,MIXED-USE,MANHATTAN,2024,2,1224.3599999999997,0.29,208.04000000000002,0.0,0.0,0.0,19.1
103,MIXED-USE,MANHATTAN,2024,3,880.6599999999999,0.21,141.76999999999998,0.0,0.0,0.0,-40.03
103,MIXED-USE,MANHATTAN,2024,4,938.1700000000001,0.22,156.95999999999998,0.0,0.0,0.0,4.33
103,MIXED-USE,MANHATTAN,2024,5,1036.51,0.24,151.16,0.0,0.0,0.0,15.78
103,MIXED-USE,MANHATTAN,2024,6,732.13,0.17,127.74,0.0,0.0,0.0,-55.63
103,MIXED-USE,MANHATTAN,2024,7,1199.2899999999997,0.28,218.84,0.0,0.0,0.0,10.12
103,MIXED-USE,MANHATTAN,2024,8,1456.37,0.34,241.31999999999996,0.0,0.0,0.0,-11.15
103,MIXED-USE,MANHATTAN,2024,9,858.88,0.2,161.23,0.0,0.0,0.0,-15.92
103,MIXED-USE,MANHATTAN,2024,10,883.5799999999999,0.21,138.32999999999998,0.0,0.0,0.0,30.84
103,MIXED-USE,MANHATTAN,2024,11,1470.24,0.34,270.59,0.0,0.0,0.0,51.73
103,MIXED-USE,MANHATTAN,2024,12,1138.76,0.27,202.94,0.0,0.0,0.0,-4.95
104,RESIDENTIAL HIGH-RISE,BROOKLYN,2022,1,673.4900000000001,0.16,112.81,0.0,0.0,0.0,
104,RESIDENTIAL HIGH-RISE,BROOKLYN,2022,2,589.54,0.14,96.22,0.0,0.0,0.0,
104,RESIDENTIAL HIGH-RISE,BROOKLYN,2022,3,818.33,0.19,125.82000000000001,0.0,0.0,0.0,
104,RESIDENTIAL HIGH-RISE,BROOKLYN,2022,4,666.9900000000001,0.16,106.34,0.0,0.0,0.0,
104,RESIDENTIAL HIGH-RISE,BROOKLYN,2022,5,527.77,0.12,99.07,0.0,0.0,0.0,
104,RESIDENTIAL HIGH-RISE,BROOKLYN,2022,6,509.98999999999995,0.12,89.01,0.0,0.0,0.0,
104,RESIDENTIAL HIGH-RISE,BROOKLYN,2022,7,686.6100000000001,0.16,116.33000000000001,0.0,0.0,0.0,
104,RESIDENTIAL HIGH-RISE,BROOKLYN,2022,8,812.3600000000001,0.19,144.14,0.0,0.0,0.0,
104,RESIDENTIAL HIGH-RISE,BROOKLYN,2022,9,652.03,0.15,119.55000000000003,0.0,0.0,0.0,
104,RESIDENTIAL HIGH-RISE,BROOKLYN,2022,10,796.8000000000001,0.19,127.11999999999999,0.0,0.0,0.0,
104,RESIDENTIAL HIGH-RISE,BROOKLYN,2022,11,937.0300000000001,0.22,166.05999999999997,0.0,0.0,0.0,
104,RESIDENTIAL HIGH-RISE,BROOKLYN,2022,12,827.2900000000001,0.19,131.88,0.0,0.0,0.0,
104,RESIDENTIAL HIGH-RISE,BROOKLYN,2023,1,620.56,0.14,103.28000000000002,0.0,0.0,0.0,-7.86
104,RESIDENTIAL HIGH-RISE,BROOKLYN,2023,2,610.3499999999999,0.14,98.96999999999998,0.0,0.0,0.0,3.53
104,RESIDENTIAL HIGH-RISE,BROOKLYN,2023,3,741.1499999999999,0.17,122.97,0.0,0.0,0.0,-9.43
104,RESIDENTIAL HIGH-RISE,BROOKLYN,2023,4,533.6,0.12,88.31,0.0,0.0,0.0,-20.0
104,RESIDENTIAL HIGH-RISE,BROOKLYN,2023,5,520.2,0.12,88.72,0.0,0.0,0.0,-1.43
104,RESIDENTIAL HIGH-RISE,BROOKLYN,2023,6,1311.6200000000001,0.31,226.82999999999996,0.0,0.0,0.0,157.19
104,RESIDENTIAL HIGH-RISE,BROOKLYN,2023,7,745.3899999999999,0.17,129.82999999999998,0.0,0.0,0.0,8.56
104,RESIDENTIAL HIGH-RISE,BROOKLYN,2023,8,1051.7,0.25,177.75,0.0,0.0,0.0,29.46
104,RESIDENTIAL HIGH-RISE,BROOKLYN,2023,9,585.92,0.14,94.88000000000001,0.0,0.0,0.0,-10.14
104,RESIDENTIAL HIGH-RISE,BROOKLYN,2023,10,388.79999999999995,0.09,65.09,0.0,0.0,0.0,-51.2
104,RESIDENTIAL HIGH-RISE,BROOKLYN,2023,11,580.47,0.14,95.95,0.0,0.0,0.0,-38.05
104,RESIDENTIAL HIGH-RISE,BROOKLYN,2023,12,721.3500000000001,0.17,126.40999999999998,0.0,0.0,0.0,-12.81
104,RESIDENTIAL HIGH-RISE,BROOKLYN,2024,1,533.48,0.12,87.25,0.0,0.0,0.0,-14.03
104,RESIDENTIAL HIGH-RISE,BROOKLYN,2024,2,720.67,0.17,129.35999999999999,0.0,0.0,0.0,18.07
104,RESIDENTIAL HIGH-RISE,BROOKLYN,2024,3,544.8,0.13,97.58999999999999,0.0,0.0,0.0,-26.49
104,RESIDENTIAL HIGH-RISE,BROOKLYN,2024,4,498.71,0.12,91.34,0.0,0.0,0.0,-6.54
104,RESIDENTIAL HIGH-RISE,BROOKLYN,2024,5,568.85,0.13,99.36999999999999,0.0,0.0,0.0,9.35
104,RESIDENTIAL HIGH-RISE,BROOKLYN,2024,6,679.9000000000001,0.16,112.13,0.0,0.0,0.0,-48.16
104,RESIDENTIAL HIGH-RISE,BROOKLYN,2024,7,678.6700000000001,0.16,118.12,0.0,0.0,0.0,-8.95
104,RESIDENTIAL HIGH-RISE,BROOKLYN,2024,8,773.11,0.18,133.73,0.0,0.0,0.0,-26.49
104,RESIDENTIAL HIGH-RISE,BROOKLYN,2024,9,368.15000000000003,0.09,69.92,0.0,0.0,0.0,-37.17
104,RESIDENTIAL HIGH-RISE,BROOKLYN,2024,10,537.5400000000001,0.13,90.56,0.0,0.0,0.0,38.26
104,RESIDENTIAL HIGH-RISE,BROOKLYN,2024,11,822.8299999999999,0.19,142.32,0.0,0.0,0.0,41.75
104,RESIDENTIAL HIGH-RISE,BROOKLYN,2024,12,665.8000000000001,0.16,112.95000000000002,0.0,0.0,0.0,-7.7
105,INDUSTRIAL,STATEN ISLAND,2022,1,153.78,0.04,25.080000000000002,0.0,0.0,0.0,
105,INDUSTRIAL,STATEN ISLAND,2022,2,138.75,0.03,25.499999999999996,0.0,0.0,0.0,
105,INDUSTRIAL,STATEN ISLAND,2022,3,196.15000000000003,0.05,36.27,0.0,0.0,0.0,
105,INDUSTRIAL,STATEN ISLAND,2022,4,144.64999999999998,0.03,22.310000000000002,0.0,0.0,0.0,
105,INDUSTRIAL,STATEN ISLAND,2022,5,126.13,0.03,21.360000000000003,0.0,0.0,0.0,
105,INDUSTRIAL,STATEN ISLAND,2022,6,141.04,0.03,24.62,0.0,0.0,0.0,
105,INDUSTRIAL,STATEN ISLAND,2022,7,172.14000000000001,0.04,29.900000000000006,0.0,0.0,0.0,
105,INDUSTRIAL,STATEN ISLAND,2022,8,191.65,0.04,34.83,0.0,0.0,0.0,
105,INDUSTRIAL,STATEN ISLAND,2022,9,129.61999999999998,0.03,22.32,0.0,0.0,0.0,
105,INDUSTRIAL,STATEN ISLAND,2022,10,175.96,0.04,29.89,0.0,0.0,0.0,
105,INDUSTRIAL,STATEN ISLAND,2022,11,226.35,0.05,39.5,0.0,0.0,0.0,
105,INDUSTRIAL,STATEN ISLAND,2022,12,223.32999999999998,0.05,37.9,0.0,0.0,0.0,
105,INDUSTRIAL,STATEN ISLAND,2023,1,171.61999999999998,0.04,29.760000000000005,0.0,0.0,0.0,11.6
105,INDUSTRIAL,STATEN ISLAND,2023,2,149.15,0.03,26.669999999999998,0.0,0.0,0.0,7.5
105,INDUSTRIAL,STATEN ISLAND,2023,3,212.89,0.05,35.62,0.0,0.0,0.0,8.53
105,INDUSTRIAL,STATEN ISLAND,2023,4,120.61999999999999,0.03,19.44,0.0,0.0,0.0,-16.61
105,INDUSTRIAL,STATEN ISLAND,2023,5,113.96,0.03,20.630000000000003,0.0,0.0,0.0,-9.65
105,INDUSTRIAL,STATEN ISLAND,2023,6,349.23000000000013,0.08,61.589999999999996,0.0,0.0,0.0,147.61
105,INDUSTRIAL,STATEN ISLAND,2023,7,195.04,0.05,32.36,0.0,0.0,0.0,13.3
105,INDUSTRIAL,STATEN ISLAND,2023,8,244.78,0.06,39.09,0.0,0.0,0.0,27.72
105,INDUSTRIAL,STATEN ISLAND,2023,9,153.82,0.04,27.46,0.0,0.0,0.0,18.67
105,INDUSTRIAL,STATEN ISLAND,2023,10,104.87,0.02,16.98,0.0,0.0,0.0,-40.4
105,INDUSTRIAL,STATEN ISLAND,2023,11,105.88000000000001,0.02,18.4,0.0,0.0,0.0,-53.22
105,INDUSTRIAL,STATEN ISLAND,2023,12,199.60000000000002,0.05,32.440000000000005,0.0,0.0,0.0,-10.63
105,INDUSTRIAL,STATEN ISLAND,2024,1,155.09000000000003,0.04,25.759999999999994,0.0,0.0,0.0,-9.63
105,INDUSTRIAL,STATEN ISLAND,2024,2,170.55,0.04,28.119999999999997,0.0,0.0,0.0,14.35
105,INDUSTRIAL,STATEN ISLAND,2024,3,110.75,0.03,19.11,0.0,0.0,0.0,-47.98
105,INDUSTRIAL,STATEN ISLAND,2024,4,135.60000000000002,0.03,22.419999999999998,0.0,0.0,0.0,12.42
105,INDUSTRIAL,STATEN ISLAND,2024,5,126.32,0.03,20.129999999999995,0.0,0.0,0.0,10.85
105,INDUSTRIAL,STATEN ISLAND,2024,6,138.89,0.03,22.92,0.0,0.0,0.0,-60.23
105,INDUSTRIAL,STATEN ISLAND,2024,7,185.61,0.04,31.329999999999995,0.0,0.0,0.0,-4.83
105,INDUSTRIAL,STATEN ISLAND,2024,8,176.66,0.04,33.2,0.0,0.0,0.0,-27.83
105,INDUSTRIAL,STATEN ISLAND,2024,9,108.4,0.03,17.42,0.0,0.0,0.0,-29.53
105,INDUSTRIAL,STATEN ISLAND,2024,10,139.95,0.03,22.3,0.0,0.0,0.0,33.45
105,INDUSTRIAL,STATEN ISLAND,2024,11,191.67,0.04,31.2,0.0,0.0,0.0,81.03
105,INDUSTRIAL,STATEN ISLAND,2024,12,151.63,0.04,26.150000000000002,0.0,0.0,0.0,-24.03
106,INDUSTRIAL,MANHATTAN,2022,1,2355.37,0.55,399.6,0.0,0.0,14.61,
106,INDUSTRIAL,MANHATTAN,2022,2,2605.71,0.61,420.26,0.0,0.0,11.09,
106,INDUSTRIAL,MANHATTAN,2022,3,3865.9800000000005,0.9,673.4299999999998,0.0,0.0,9.46,
106,INDUSTRIAL,MANHATTAN,2022,4,2814.6400000000003,0.66,507.12,0.0,0.0,7.9,
106,INDUSTRIAL,MANHATTAN,2022,5,2101.3500000000004,0.49,367.86,0.0,0.0,12.56,
106,INDUSTRIAL,MANHATTAN,2022,6,2688.3600000000006,0.63,500.63999999999993,0.0,0.0,10.47,
106,INDUSTRIAL,MANHATTAN,2022,7,3170.13,0.74,494.58,0.0,0.0,10.41,
106,INDUSTRIAL,MANHATTAN,2022,8,3626.0799999999995,0.84,631.36,0.0,0.0,10.12,
106,INDUSTRIAL,MANHATTAN,2022,9,3311.66,0.77,530.77,0.0,0.0,10.57,
106,INDUSTRIAL,MANHATTAN,2022,10,3719.72,0.87,670.8899999999999,0.0,0.0,9.63,
106,INDUSTRIAL,MANHATTAN,2022,11,3997.2400000000002,0.93,698.27,0.0,0.0,7.35,
106,INDUSTRIAL,MANHATTAN,2022,12,3540.7799999999997,0.83,622.69,0.0,0.0,10.59,
106,INDUSTRIAL,MANHATTAN,2023,1,2628.79,0.61,421.09,0.0,0.0,10.31,11.61
106,INDUSTRIAL,MANHATTAN,2023,2,2497.05,0.58,449.1600000000001,0.0,0.0,9.08,-4.17
106,INDUSTRIAL,MANHATTAN,2023,3,4327.69,1.01,796.5799999999999,0.0,0.0,11.79,11.94
106,INDUSTRIAL,MANHATTAN,2023,4,2163.53,0.5,333.22999999999996,0.0,0.0,7.51,-23.13
106,INDUSTRIAL,MANHATTAN,2023,5,2391.3399999999997,0.56,423.0199999999999,0.0,0.0,12.63,13.8
106,INDUSTRIAL,MANHATTAN,2023,6,5723.950000000001,1.33,970.1800000000001,0.0,0.0,10.23,112.92
106,INDUSTRIAL,MANHATTAN,2023,7,3151.7,0.73,533.3199999999999,0.0,0.0,10.9,-0.58
106,INDUSTRIAL,MANHATTAN,2023,8,4679.45,1.09,806.0400000000001,0.0,0.0,8.26,29.05
106,INDUSTRIAL,MANHATTAN,2023,9,2339.4,0.55,374.39000000000004,0.0,0.0,10.1,-29.36
106,INDUSTRIAL,MANHATTAN,2023,10,1816.1999999999998,0.42,301.02000000000004,0.0,0.0,12.2,-51.17
106,INDUSTRIAL,MANHATTAN,2023,11,2546.2999999999997,0.59,397.06999999999994,0.0,0.0,9.68,-36.3
106,INDUSTRIAL,MANHATTAN,2023,12,3796.7799999999993,0.88,606.55,0.0,0.0,11.92,7.23
106,INDUSTRIAL,MANHATTAN,2024,1,2537.58,0.59,430.37999999999994,0.0,0.0,12.01,-3.47
106,INDUSTRIAL,MANHATTAN,2024,2,3031.66,0.71,496.80000000000007,0.0,0.0,12.88,21.41
106,INDUSTRIAL,MANHATTAN,2024,3,2161.33,0.5,362.46999999999997,0.0,0.0,8.38,-50.06
106,INDUSTRIAL,MANHATTAN,2024,4,2499.24,0.58,423.73,0.0,0.0,12.5,15.52
106,INDUSTRIAL,MANHATTAN,2024,5,2618.94,0.61,458.61999999999995,0.0,0.0,9.23,9.52
106,INDUSTRIAL,MANHATTAN,2024,6,2544.0699999999997,0.59,465.27000000000004,0.0,0.0,7.43,-55.55
106,INDUSTRIAL,MANHATTAN,2024,7,3030.5800000000004,0.71,494.86000000000007,0.0,0.0,8.38,-3.84
106,INDUSTRIAL,MANHATTAN,2024,8,3791.09,0.88,652.5,0.0,0.0,7.65,-18.98
106,INDUSTRIAL,MANHATTAN,2024,9,1855.7,0.43,325.49999999999994,0.0,0.0,7.18,-20.68
106,INDUSTRIAL,MANHATTAN,2024,10,2241.9399999999996,0.52,382.59,0.0,0.0,13.01,23.44
106,INDUSTRIAL,MANHATTAN,2024,11,3949.4799999999996,0.92,617.3499999999998,0.0,0.0,12.03,55.11
106,INDUSTRIAL,MANHATTAN,2024,12,2956.3100000000004,0.69,469.91999999999996,0.0,0.0,11.21,-22.14
107,MIXED-USE,BROOKLYN,2022,1,1333.9,0.31,235.46999999999997,0.0,0.0,8.16,
107,MIXED-USE,BROOKLYN,2022,2,1210.4,0.28,195.38000000000002,0.0,0.0,9.27,
107,MIXED-USE,BROOKLYN,2022,3,1739.2300000000002,0.41,315.24,0.0,0.0,11.05,
107,MIXED-USE,BROOKLYN,2022,4,1251.6500000000003,0.29,218.21000000000004,0.0,0.0,9.04,
107,MIXED-USE,BROOKLYN,2022,5,789.0600000000001,0.18,125.29000000000002,0.0,0.0,11.62,
107,MIXED-USE,BROOKLYN,2022,6,1160.61,0.27,178.47,0.0,0.0,8.65,
107,MIXED-USE,BROOKLYN,2022,7,1278.95,0.3,216.10999999999999,0.0,0.0,9.58,
107,MIXED-USE,BROOKLYN,2022,8,1473.3600000000001,0.34,248.25,0.0,0.0,13.58,
107,MIXED-USE,BROOKLYN,2022,9,1265.6200000000001,0.29,197.22,0.0,0.0,8.25,
107,MIXED-USE,BROOKLYN,2022,10,1464.7299999999998,0.34,251.28,0.0,0.0,10.07,
107,MIXED-USE,BROOKLYN,2022,11,1815.18,0.42,314.92999999999995,0.0,0.0,10.69,
107,MIXED-USE,BROOKLYN,2022,12,1618.7600000000002,0.38,282.82000000000005,0.0,0.0,7.12,
107,MIXED-USE,BROOKLYN,2023,1,1199.76,0.28,227.41,0.0,0.0,12.09,-10.06
107,MIXED-USE,BROOKLYN,2023,2,820.71,0.19,143.88,0.0,0.0,6.59,-32.2
107,MIXED-USE,BROOKLYN,2023,3,1499.24,0.35,255.69000000000003,0.0,0.0,10.13,-13.8
107,MIXED-USE,BROOKLYN,2023,4,807.47,0.19,142.64999999999998,0.0,0.0,8.98,-35.49
107,MIXED-USE,BROOKLYN,2023,5,1025.1200000000001,0.24,175.01,0.0,0.0,10.59,29.92
107,MIXED-USE,BROOKLYN,2023,6,2261.92,0.53,393.49000000000007,0.0,0.0,10.32,94.89
107,MIXED-USE,BROOKLYN,2023,7,1453.51,0.34,264.31,0.0,0.0,9.5,13.65
107,MIXED-USE,BROOKLYN,2023,8,1694.1900000000003,0.39,312.27,0.0,0.0,11.05,14.99
107,MIXED-USE,BROOKLYN,2023,9,1086.16,0.25,170.74,0.0,0.0,8.51,-14.18
107,MIXED-USE,BROOKLYN,2023,10,917.13,0.21,153.57,0.0,0.0,9.76,-37.39
107,MIXED-USE,BROOKLYN,2023,11,1011.2700000000001,0.24,171.98000000000002,0.0,0.0,9.09,-44.29
107,MIXED-USE,BROOKLYN,2023,12,1300.19,0.3,218.82999999999998,0.0,0.0,11.57,-19.68
107,MIXED-USE,BROOKLYN,2024,1,1088.26,0.25,178.82,0.0,0.0,9.41,-9.29
107,MIXED-USE,BROOKLYN,2024,2,1375.1799999999998,0.32,237.21000000000004,0.0,0.0,10.1,67.56
107,MIXED-USE,BROOKLYN,2024,3,1046.25,0.24,172.67,0.0,0.0,8.55,-30.21
107,MIXED-USE,BROOKLYN,2024,4,1009.88,0.24,165.09,0.0,0.0,9.8,25.07
107,MIXED-USE,BROOKLYN,2024,5,1129.65,0.26,194.18,0.0,0.0,7.94,10.2
107,MIXED-USE,BROOKLYN,2024,6,974.6599999999999,0.23,158.38,0.0,0.0,11.76,-56.91
107,MIXED-USE,BROOKLYN,2024,7,1303.7000000000003,0.3,236.54000000000002,0.0,0.0,8.61,-10.31
107,MIXED-USE,BROOKLYN,2024,8,1398.27,0.33,225.28,0.0,0.0,9.19,-17.47
107,MIXED-USE,BROOKLYN,2024,9,743.0600000000001,0.17,131.36,0.0,0.0,13.31,-31.59
107,MIXED-USE,BROOKLYN,2024,10,1088.29,0.25,182.07000000000002,0.0,0.0,11.41,18.66
107,MIXED-USE,BROOKLYN,2024,11,1471.87,0.34,260.23,0.0,0.0,10.26,45.55
107,MIXED-USE,BROOKLYN,2024,12,1136.2399999999998,0.26,190.25999999999996,0.0,0.0,8.0,-12.61
108,RETAIL,STATEN ISLAND,2022,1,881.4100000000001,0.21,147.51000000000002,0.0,0.0,0.0,
108,RETAIL,STATEN ISLAND,2022,2,585.9399999999999,0.14,100.12,0.0,0.0,0.0,
108,RETAIL,STATEN ISLAND,2022,3,1117.9199999999998,0.26,208.18999999999997,0.0,0.0,0.0,
108,RETAIL,STATEN ISLAND,2022,4,828.45,0.19,137.04,0.0,0.0,0.0,
108,RETAIL,STATEN ISLAND,2022,5,572.6799999999998,0.13,101.86,0.0,0.0,0.0,
108,RETAIL,STATEN ISLAND,2022,6,668.9100000000001,0.16,118.57,0.0,0.0,0.0,
108,RETAIL,STATEN ISLAND,2022,7,825.4000000000001,0.19,144.18,0.0,0.0,0.0,
108,RETAIL,STATEN ISLAND,2022,8,904.3,0.21,154.1,0.0,0.0,0.0,
108,RETAIL,STATEN ISLAND,2022,9,678.18,0.16,113.74000000000001,0.0,0.0,0.0,
108,RETAIL,STATEN ISLAND,2022,10,858.4599999999999,0.2,155.64000000000004,0.0,0.0,0.0,
108,RETAIL,STATEN ISLAND,2022,11,1149.27,0.27,186.57000000000002,0.0,0.0,0.0,
108,RETAIL,STATEN ISLAND,2022,12,1094.19,0.25,177.88000000000002,0.0,0.0,0.0,
108,RETAIL,STATEN ISLAND,2023,1,709.97,0.17,128.08,0.0,0.0,0.0,-19.45
108,RETAIL,STATEN ISLAND,2023,2,676.79,0.16,107.97,0.0,0.0,0.0,15.51
108,RETAIL,STATEN ISLAND,2023,3,1005.01,0.23,179.70000000000002,0.0,0.0,0.0,-10.1
108,RETAIL,STATEN ISLAND,2023,4,664.9499999999999,0.15,104.36999999999999,0.0,0.0,0.0,-19.74
108,RETAIL,STATEN ISLAND,2023,5,671.22,0.16,114.17000000000002,0.0,0.0,0.0,17.21
108,RETAIL,STATEN ISLAND,2023,6,1590.9600000000003,0.37,262.33,0.0,0.0,0.0,137.84
108,RETAIL,STATEN ISLAND,2023,7,929.6599999999999,0.22,162.96,0.0,0.0,0.0,12.63
108,RETAIL,STATEN ISLAND,2023,8,1242.79,0.29,189.13999999999996,0.0,0.0,0.0,37.43
108,RETAIL,STATEN ISLAND,2023,9,647.59,0.15,115.33999999999999,0.0,0.0,0.0,-4.51
108,RETAIL,STATEN ISLAND,2023,10,411.56999999999994,0.1,66.39000000000001,0.0,0.0,0.0,-52.06
108,RETAIL,STATEN ISLAND,2023,11,552.28,0.13,99.23,0.0,0.0,0.0,-51.95
108,RETAIL,STATEN ISLAND,2023,12,912.13,0.21,157.4,0.0,0.0,0.0,-16.64
108,RETAIL,STATEN ISLAND,2024,1,634.5600000000001,0.15,112.01999999999998,0.0,0.0,0.0,-10.62
108,RETAIL,STATEN ISLAND,2024,2,868.4,0.2,142.01999999999998,0.0,0.0,0.0,28.31
108,RETAIL,STATEN ISLAND,2024,3,681.7799999999999,0.16,117.98,0.0,0.0,0.0,-32.16
108,RETAIL,STATEN ISLAND,2024,4,628.67,0.15,105.34,0.0,0.0,0.0,-5.46
108,RETAIL,STATEN ISLAND,2024,5,773.99,0.18,142.25,0.0,0.0,0.0,15.31
108,RETAIL,STATEN ISLAND,2024,6,741.09,0.17,124.19,0.0,0.0,0.0,-53.42
108,RETAIL,STATEN ISLAND,2024,7,835.2,0.19,140.8,0.0,0.0,0.0,-10.16
108,RETAIL,STATEN ISLAND,2024,8,961.4599999999998,0.22,172.90000000000003,0.0,0.0,0.0,-22.64
108,RETAIL,STATEN ISLAND,2024,9,573.63,0.13,101.59,0.0,0.0,0.0,-11.42
108,RETAIL,STATEN ISLAND,2024,10,741.8299999999999,0.17,131.0,0.0,0.0,0.0,80.24
108,RETAIL,STATEN ISLAND,2024,11,912.4499999999998,0.21,154.75000000000003,0.0,0.0,0.0,65.22
108,RETAIL,STATEN ISLAND,2024,12,818.5799999999999,0.19,142.9,0.0,0.0,0.0,-10.26
109,INDUSTRIAL,QUEENS,2022,1,2089.7200000000003,0.49,342.1,0.0,0.0,0.0,
109,INDUSTRIAL,QUEENS,2022,2,1784.43,0.42,293.07000000000005,0.0,0.0,0.0,
109,INDUSTRIAL,QUEENS,2022,3,2280.55,0.53,382.89,0.0,0.0,0.0,
109,INDUSTRIAL,QUEENS,2022,4,1469.3500000000001,0.34,234.38999999999996,0.0,0.0,0.0,
109,INDUSTRIAL,QUEENS,2022,5,890.2100000000002,0.21,157.66000000000003,0.0,0.0,0.0,
109,INDUSTRIAL,QUEENS,2022,6,1290.16,0.3,192.63999999999996,0.0,0.0,0.0,
109,INDUSTRIAL,QUEENS,2022,7,2064.31,0.48,367.49,0.0,0.0,0.0,
109,INDUSTRIAL,QUEENS,2022,8,2226.63,0.52,392.23999999999995,0.0,0.0,0.0,
109,INDUSTRIAL,QUEENS,2022,9,1799.7700000000002,0.42,293.91999999999996,0.0,0.0,0.0,
109,INDUSTRIAL,QUEENS,2022,10,2030.1099999999997,0.47,326.3,0.0,0.0,0.0,
109,INDUSTRIAL,QUEENS,2022,11,2699.8700000000003,0.63,497.78000000000014,0.0,0.0,0.0,
109,INDUSTRIAL,QUEENS,2022,12,2616.1400000000003,0.61,467.70000000000005,0.0,0.0,0.0,
109,INDUSTRIAL,QUEENS,2023,1,1779.8799999999999,0.41,281.71999999999997,0.0,0.0,0.0,-14.83
109,INDUSTRIAL,QUEENS,2023,2,1715.59,0.4,285.96999999999997,0.0,0.0,0.0,-3.86
109,INDUSTRIAL,QUEENS,2023,3,2680.05,0.62,459.99000000000007,0.0,0.0,0.0,17.52
109,INDUSTRIAL,QUEENS,2023,4,1426.26,0.33,226.47000000000003,0.0,0.0,0.0,-2.93
109,INDUSTRIAL,QUEENS,2023,5,1643.5500000000002,0.38,290.03000000000003,0.0,0.0,0.0,84.62
109,INDUSTRIAL,QUEENS,2023,6,3572.1800000000003,0.83,582.2699999999999,0.0,0.0,0.0,176.88
109,INDUSTRIAL,QUEENS,2023,7,2161.0099999999998,0.5,355.9200000000001,0.0,0.0,0.0,4.68
109,INDUSTRIAL,QUEENS,2023,8,3202.579999999999,0.75,565.9800000000001,0.0,0.0,0.0,43.83
109,INDUSTRIAL,QUEENS,2023,9,1724.35,0.4,272.36,0.0,0.0,0.0,-4.19
109,INDUSTRIAL,QUEENS,2023,10,1172.6100000000001,0.27,191.49000000000004,0.0,0.0,0.0,-42.24
109,INDUSTRIAL,QUEENS,2023,11,1724.6799999999998,0.4,302.38000000000005,0.0,0.0,0.0,-36.12
109,INDUSTRIAL,QUEENS,2023,12,2378.7500000000005,0.55,414.58000000000004,0.0,0.0,0.0,-9.07
109,INDUSTRIAL,QUEENS,2024,1,1872.89,0.44,331.29,0.0,0.0,0.0,5.23
109,INDUSTRIAL,QUEENS,2024,2,1734.34,0.4,291.09,0.0,0.0,0.0,1.09
109,INDUSTRIAL,QUEENS,2024,3,1464.51,0.34,274.2699999999999,0.0,0.0,0.0,-45.36
109,INDUSTRIAL,QUEENS,2024,4,1485.41,0.35,247.68999999999997,0.0,0.0,0.0,4.15
109,INDUSTRIAL,QUEENS,2024,5,1686.6899999999998,0.39,317.34000000000003,0.0,0.0,0.0,2.62
109,INDUSTRIAL,QUEENS,2024,6,1644.76,0.38,298.82000000000005,0.0,0.0,0.0,-53.96
109,INDUSTRIAL,QUEENS,2024,7,2128.94,0.5,355.58000000000004,0.0,0.0,0.0,-1.48
109,INDUSTRIAL,QUEENS,2024,8,2136.4100000000003,0.5,357.4699999999999,0.0,0.0,0.0,-33.29
109,INDUSTRIAL,QUEENS,2024,9,1189.1,0.28,210.04000000000002,0.0,0.0,0.0,-31.04
109,INDUSTRIAL,QUEENS,2024,10,1445.93,0.34,250.1,0.0,0.0,0.0,23.31
109,INDUSTRIAL,QUEENS,2024,11,2150.77,0.5,359.62,0.0,0.0,0.0,24.71
109,INDUSTRIAL,QUEENS,2024,12,1840.3899999999999,0.43,303.16,0.0,0.0,0.0,-22.63
110,GOVERNMENT,QUEENS,2022,1,42.25,0.01,7.240000000000001,0.0,0.0,0.0,
110,GOVERNMENT,QUEENS,2022,2,39.050000000000004,0.01,7.24,0.0,0.0,0.0,
110,GOVERNMENT,QUEENS,2022,3,65.85,0.02,11.940000000000001,0.0,0.0,0.0,
110,GOVERNMENT,QUEENS,2022,4,37.71,0.01,6.94,0.0,0.0,0.0,
110,GOVERNMENT,QUEENS,2022,5,35.24000000000001,0.01,6.26,0.0,0.0,0.0,
110,GOVERNMENT,QUEENS,2022,6,26.73,0.01,4.879999999999999,0.0,0.0,0.0,
110,GOVERNMENT,QUEENS,2022,7,46.699999999999996,0.01,7.729999999999999,0.0,0.0,0.0,
110,GOVERNMENT,QUEENS,2022,8,59.379999999999995,0.01,9.72,0.0,0.0,0.0,
110,GOVERNMENT,QUEENS,2022,9,50.160000000000004,0.01,8.780000000000001,0.0,0.0,0.0,
110,GOVERNMENT,QUEENS,2022,10,52.379999999999995,0.01,8.67,0.0,0.0,0.0,
110,GOVERNMENT,QUEENS,2022,11,66.05,0.02,10.69,0.0,0.0,0.0,
110,GOVERNMENT,QUEENS,2022,12,59.41,0.01,9.44,0.0,0.0,0.0,
110,GOVERNMENT,QUEENS,2023,1,48.69,0.01,7.579999999999999,0.0,0.0,0.0,15.24
110,GOVERNMENT,QUEENS,2023,2,42.49000000000001,0.01,6.9399999999999995,0.0,0.0,0.0,8.81
110,GOVERNMENT,QUEENS,2023,3,63.11,0.01,11.399999999999999,0.0,0.0,0.0,-4.16
110,GOVERNMENT,QUEENS,2023,4,37.19,0.01,6.229999999999999,0.0,0.0,0.0,-1.38
110,GOVERNMENT,QUEENS,2023,5,38.15,0.01,6.56,0.0,0.0,0.0,8.26
110,GOVERNMENT,QUEENS,2023,6,100.12000000000002,0.02,15.940000000000003,0.0,0.0,0.0,274.56
110,GOVERNMENT,QUEENS,2023,7,58.61,0.01,9.5,0.0,0.0,0.0,25.5
110,GOVERNMENT,QUEENS,2023,8,73.49,0.02,13.01,0.0,0.0,0.0,23.76
110,GOVERNMENT,QUEENS,2023,9,39.949999999999996,0.01,6.660000000000001,0.0,0.0,0.0,-20.35
110,GOVERNMENT,QUEENS,2023,10,26.770000000000003,0.01,4.470000000000001,0.0,0.0,0.0,-48.89
110,GOVERNMENT,QUEENS,2023,11,43.400000000000006,0.01,7.989999999999999,0.0,0.0,0.0,-34.29
110,GOVERNMENT,QUEENS,2023,12,52.839999999999996,0.01,8.879999999999999,0.0,0.0,0.0,-11.06
110,GOVERNMENT,QUEENS,2024,1,42.599999999999994,0.01,7.300000000000001,0.0,0.0,0.0,-12.51
110,GOVERNMENT,QUEENS,2024,2,52.53,0.01,8.8,0.0,0.0,0.0,23.63
110,GOVERNMENT,QUEENS,2024,3,33.82,0.01,5.9799999999999995,0.0,0.0,0.0,-46.41
110,GOVERNMENT,QUEENS,2024,4,39.629999999999995,0.01,6.7200000000000015,0.0,0.0,0.0,6.56
110,GOVERNMENT,QUEENS,2024,5,46.36,0.01,8.090000000000002,0.0,0.0,0.0,21.52
110,GOVERNMENT,QUEENS,2024,6,45.58,0.01,8.37,0.0,0.0,0.0,-54.47
110,GOVERNMENT,QUEENS,2024,7,48.910000000000004,0.01,8.68,0.0,0.0,0.0,-16.55
110,GOVERNMENT,QUEENS,2024,8,54.93000000000001,0.01,9.46,0.0,0.0,0.0,-25.26
110,GOVERNMENT,QUEENS,2024,9,33.97,0.01,5.640000000000001,0.0,0.0,0.0,-14.97
110,GOVERNMENT,QUEENS,2024,10,41.209999999999994,0.01,7.1,0.0,0.0,0.0,53.94
110,GOVERNMENT,QUEENS,2024,11,46.95,0.01,7.800000000000002,0.0,0.0,0.0,8.18
110,GOVERNMENT,QUEENS,2024,12,46.21,0.01,7.540000000000001,0.0,0.0,0.0,-12.55
111,RETAIL,STATEN ISLAND,2022,1,878.4000000000001,0.2,149.23999999999998,0.0,0.0,11.24,
111,RETAIL,STATEN ISLAND,2022,2,798.04,0.19,139.95,0.0,0.0,8.67,
111,RETAIL,STATEN ISLAND,2022,3,1080.52,0.25,171.26,0.0,0.0,10.07,
111,RETAIL,STATEN ISLAND,2022,4,819.35,0.19,133.45000000000002,0.0,0.0,11.47,
111,RETAIL,STATEN ISLAND,2022,5,620.7199999999999,0.14,107.93,0.0,0.0,8.84,
111,RETAIL,STATEN ISLAND,2022,6,669.3,0.16,111.99,0.0,0.0,8.1,
111,RETAIL,STATEN ISLAND,2022,7,972.99,0.23,168.73,0.0,0.0,11.46,
111,RETAIL,STATEN ISLAND,2022,8,949.0299999999997,0.22,153.46,0.0,0.0,9.49,
111,RETAIL,STATEN ISLAND,2022,9,824.3000000000001,0.19,137.94,0.0,0.0,11.6,
111,RETAIL,STATEN ISLAND,2022,10,1080.72,0.25,182.22000000000003,0.0,0.0,8.15,
111,RETAIL,STATEN ISLAND,2022,11,1186.2799999999997,0.28,202.63,0.0,0.0,10.0,
111,RETAIL,STATEN ISLAND,2022,12,1223.5299999999997,0.29,205.64999999999998,0.0,0.0,10.49,
111,RETAIL,STATEN ISLAND,2023,1,802.5100000000001,0.19,127.26,0.0,0.0,8.75,-8.64
111,RETAIL,STATEN ISLAND,2023,2,664.82,0.15,109.47999999999999,0.0,0.0,10.38,-16.69
111,RETAIL,STATEN ISLAND,2023,3,1135.5000000000002,0.26,190.01999999999998,0.0,0.0,8.28,5.09
111,RETAIL,STATEN ISLAND,2023,4,475.68000000000006,0.11,74.74000000000001,0.0,0.0,11.57,-41.94
111,RETAIL,STATEN ISLAND,2023,5,603.7800000000001,0.14,106.65,0.0,0.0,11.73,-2.73
111,RETAIL,STATEN ISLAND,2023,6,1637.0500000000002,0.38,260.98,0.0,0.0,10.4,144.59
111,RETAIL,STATEN ISLAND,2023,7,1102.6200000000001,0.26,194.32,0.0,0.0,9.67,13.32
111,RETAIL,STATEN ISLAND,2023,8,1307.1799999999998,0.3,228.07,0.0,0.0,7.99,37.74
111,RETAIL,STATEN ISLAND,2023,9,841.1100000000001,0.2,153.4,0.0,0.0,8.68,2.04
111,RETAIL,STATEN ISLAND,2023,10,476.03,0.11,84.91,0.0,0.0,7.68,-55.95
111,RETAIL,STATEN ISLAND,2023,11,739.98,0.17,129.0,0.0,0.0,10.75,-37.62
111,RETAIL,STATEN ISLAND,2023,12,1103.75,0.26,192.42999999999998,0.0,0.0,9.4,-9.79
111,RETAIL,STATEN ISLAND,2024,1,856.08,0.2,141.23999999999998,0.0,0.0,9.09,6.68
111,RETAIL,STATEN ISLAND,2024,2,898.8399999999999,0.21,153.17000000000002,0.0,0.0,11.92,35.2
111,RETAIL,STATEN ISLAND,2024,3,726.0699999999999,0.17,128.19,0.0,0.0,9.22,-36.06
111,RETAIL,STATEN ISLAND,2024,4,608.35,0.14,104.76999999999998,0.0,0.0,9.25,27.89
111,RETAIL,STATEN ISLAND,2024,5,593.38,0.14,105.5,0.0,0.0,13.87,-1.72
111,RETAIL,STATEN ISLAND,2024,6,757.1399999999999,0.18,118.74000000000001,0.0,0.0,11.52,-53.75
111,RETAIL,STATEN ISLAND,2024,7,880.55,0.21,133.64000000000001,0.0,0.0,9.89,-20.14
111,RETAIL,STATEN ISLAND,2024,8,1095.05,0.26,191.06,0.0,0.0,11.72,-16.23
111,RETAIL,STATEN ISLAND,2024,9,564.56,0.13,95.08,0.0,0.0,10.77,-32.88
111,RETAIL,STATEN ISLAND,2024,10,728.25,0.17,122.77999999999999,0.0,0.0,9.78,52.98
111,RETAIL,STATEN ISLAND,2024,11,1057.84,0.25,190.82999999999998,0.0,0.0,8.26,42.96
111,RETAIL,STATEN ISLAND,2024,12,934.7399999999998,0.22,160.36,0.0,0.0,9.28,-15.31
112,MIXED-USE,BRONX,2022,1,667.87,0.16,108.64000000000001,0.0,0.0,0.0,
112,MIXED-USE,BRONX,2022,2,610.68,0.14,102.92999999999999,0.0,0.0,0.0,
112,MIXED-USE,BRONX,2022,3,988.8400000000003,0.23,167.96999999999997,0.0,0.0,0.0,
112,MIXED-USE,BRONX,2022,4,688.3,0.16,121.42,0.0,0.0,0.0,
112,MIXED-USE,BRONX,2022,5,471.94000000000005,0.11,80.72000000000001,0.0,0.0,0.0,
112,MIXED-USE,BRONX,2022,6,454.7,0.11,79.88,0.0,0.0,0.0,
112,MIXED-USE,BRONX,2022,7,689.5400000000001,0.16,116.38,0.0,0.0,0.0,
112,MIXED-USE,BRONX,2022,8,904.4200000000001,0.21,154.57999999999998,0.0,0.0,0.0,
112,MIXED-USE,BRONX,2022,9,793.91,0.18,127.83999999999999,0.0,0.0,0.0,
112,MIXED-USE,BRONX,2022,10,815.94,0.19,138.38,0.0,0.0,0.0,
112,MIXED-USE,BRONX,2022,11,957.44,0.22,156.58,0.0,0.0,0.0,
112,MIXED-USE,BRONX,2022,12,756.8900000000001,0.18,130.06,0.0,0.0,0.0,
112,MIXED-USE,BRONX,2023,1,692.3400000000001,0.16,115.01,0.0,0.0,0.0,3.66
112,MIXED-USE,BRONX,2023,2,605.23,0.14,107.61999999999998,0.0,0.0,0.0,-0.89
112,MIXED-USE,BRONX,2023,3,802.2800000000001,0.19,132.23,0.0,0.0,0.0,-18.87
112,MIXED-USE,BRONX,2023,4,623.0999999999999,0.15,107.45999999999998,0.0,0.0,0.0,-9.47
112,MIXED-USE,BRONX,2023,5,523.4200000000001,0.12,82.06,0.0,0.0,0.0,10.91
112,MIXED-USE,BRONX,2023,6,1340.7500000000002,0.31,235.63,0.0,0.0,0.0,194.86
112,MIXED-USE,BRONX,2023,7,799.38,0.19,133.73,0.0,0.0,0.0,15.93
112,MIXED-USE,BRONX,2023,8,1173.98,0.27,189.5,0.0,0.0,0.0,29.8
112,MIXED-USE,BRONX,2023,9,696.4599999999999,0.16,109.72,0.0,0.0,0.0,-12.27
112,MIXED-USE,BRONX,2023,10,541.28,0.13,88.78,0.0,0.0,0.0,-33.66
112,MIXED-USE,BRONX,2023,11,679.83,0.16,116.47000000000001,0.0,0.0,0.0,-29.0
112,MIXED-USE,BRONX,2023,12,790.05,0.18,133.84,0.0,0.0,0.0,4.38
112,MIXED-USE,BRONX,2024,1,756.94,0.18,133.26000000000002,0.0,0.0,0.0,9.33
112,MIXED-USE,BRONX,2024,2,723.7099999999999,0.17,130.43,0.0,0.0,0.0,19.58
112,MIXED-USE,BRONX,2024,3,482.99000000000007,0.11,81.00000000000001,0.0,0.0,0.0,-39.8
112,MIXED-USE,BRONX,2024,4,575.64,0.13,94.93999999999998,0.0,0.0,0.0,-7.62
112,MIXED-USE,BRONX,2024,5,666.32,0.16,111.57000000000001,0.0,0.0,0.0,27.3
112,MIXED-USE,BRONX,2024,6,578.15,0.13,86.66999999999999,0.0,0.0,0.0,-56.88
112,MIXED-USE,BRONX,2024,7,712.9499999999999,0.17,115.25,0.0,0.0,0.0,-10.81
112,MIXED-USE,BRONX,2024,8,605.7399999999999,0.14,100.36000000000001,0.0,0.0,0.0,-48.4
112,MIXED-USE,BRONX,2024,9,402.01,0.09,70.13,0.0,0.0,0.0,-42.28
112,MIXED-USE,BRONX,2024,10,612.86,0.14,103.50999999999999,0.0,0.0,0.0,13.22
112,MIXED-USE,BRONX,2024,11,916.8800000000001,0.21,152.07000000000002,0.0,0.0,0.0,34.87
112,MIXED-USE,BRONX,2024,12,768.6400000000001,0.18,135.73,0.0,0.0,0.0,-2.71
113,GOVERNMENT,MANHATTAN,2022,1,538.66,0.13,89.46000000000001,0.0,0.0,0.0,
113,GOVERNMENT,MANHATTAN,2022,2,465.7100000000001,0.11,70.60000000000001,0.0,0.0,0.0,
113,GOVERNMENT,MANHATTAN,2022,3,736.17,0.17,133.97999999999996,0.0,0.0,0.0,
113,GOVERNMENT,MANHATTAN,2022,4,590.3699999999999,0.14,102.36000000000001,0.0,0.0,0.0,
113,GOVERNMENT,MANHATTAN,2022,5,440.46,0.1,73.19000000000001,0.0,0.0,0.0,
113,GOVERNMENT,MANHATTAN,2022,6,512.64,0.12,84.71,0.0,0.0,0.0,
113,GOVERNMENT,MANHATTAN,2022,7,431.72,0.1,70.13,0.0,0.0,0.0,
113,GOVERNMENT,MANHATTAN,2022,8,762.63,0.18,125.51999999999998,0.0,0.0,0.0,
113,GOVERNMENT,MANHATTAN,2022,9,622.07,0.14,105.12,0.0,0.0,0.0,
113,GOVERNMENT,MANHATTAN,2022,10,693.6099999999999,0.16,119.53999999999999,0.0,0.0,0.0,
113,GOVERNMENT,MANHATTAN,2022,11,826.36,0.19,148.49,0.0,0.0,0.0,
113,GOVERNMENT,MANHATTAN,2022,12,626.5,0.15,105.79000000000002,0.0,0.0,0.0,
113,GOVERNMENT,MANHATTAN,2023,1,449.88999999999993,0.1,69.88,0.0,0.0,0.0,-16.48
113,GOVERNMENT,MANHATTAN,2023,2,472.57,0.11,87.14,0.0,0.0,0.0,1.47
113,GOVERNMENT,MANHATTAN,2023,3,707.2,0.16,116.91999999999999,0.0,0.0,0.0,-3.94
113,GOVERNMENT,MANHATTAN,2023,4,338.97,0.08,56.94,0.0,0.0,0.0,-42.58
113,GOVERNMENT,MANHATTAN,2023,5,403.43999999999994,0.09,66.23999999999998,0.0,0.0,0.0,-8.4
113,GOVERNMENT,MANHATTAN,2023,6,1115.2299999999998,0.26,178.87999999999997,0.0,0.0,0.0,117.55
113,GOVERNMENT,MANHATTAN,2023,7,612.24,0.14,107.04,0.0,0.0,0.0,41.81
113,GOVERNMENT,MANHATTAN,2023,8,951.0100000000002,0.22,154.34,0.0,0.0,0.0,24.7
113,GOVERNMENT,MANHATTAN,2023,9,568.39,0.13,93.00999999999999,0.0,0.0,0.0,-8.63
113,GOVERNMENT,MANHATTAN,2023,10,382.24999999999994,0.09,65.33999999999999,0.0,0.0,0.0,-44.89
113,GOVERNMENT,MANHATTAN,2023,11,479.34000000000003,0.11,80.91,0.0,0.0,0.0,-41.99
113,GOVERNMENT,MANHATTAN,2023,12,691.6100000000001,0.16,115.15,0.0,0.0,0.0,10.39
113,GOVERNMENT,MANHATTAN,2024,1,581.0699999999999,0.14,95.51,0.0,0.0,0.0,29.16
113,GOVERNMENT,MANHATTAN,2024,2,595.4,0.14,98.53,0.0,0.0,0.0,25.99
113,GOVERNMENT,MANHATTAN,2024,3,469.69000000000005,0.11,82.05,0.0,0.0,0.0,-33.58
113,GOVERNMENT,MANHATTAN,2024,4,446.21999999999997,0.1,77.21000000000001,0.0,0.0,0.0,31.64
113,GOVERNMENT,MANHATTAN,2024,5,476.28999999999996,0.11,84.55000000000001,0.0,0.0,0.0,18.06
113,GOVERNMENT,MANHATTAN,2024,6,498.73,0.12,78.53,0.0,0.0,0.0,-55.28
113,GOVERNMENT,MANHATTAN,2024,7,578.4100000000001,0.13,97.53,0.0,0.0,0.0,-5.53
113,GOVERNMENT,MANHATTAN,2024,8,634.73,0.15,108.38,0.0,0.0,0.0,-33.26
113,GOVERNMENT,MANHATTAN,2024,9,403.16999999999996,0.09,69.09,0.0,0.0,0.0,-29.07
113,GOVERNMENT,MANHATTAN,2024,10,457.01000000000005,0.11,73.55000000000001,0.0,0.0,0.0,19.56
113,GOVERNMENT,MANHATTAN,2024,11,569.18,0.13,97.98000000000002,0.0,0.0,0.0,18.74
113,GOVERNMENT,MANHATTAN,2024,12,555.01,0.13,84.77000000000001,0.0,0.0,0.0,-19.75
114,INDUSTRIAL,STATEN ISLAND,2022,1,372.21999999999997,0.09,63.21000000000001,0.0,0.0,8.03,
114,INDUSTRIAL,STATEN ISLAND,2022,2,328.42,0.08,56.53,0.0,0.0,7.25,
114,INDUSTRIAL,STATEN ISLAND,2022,3,520.3200000000002,0.12,87.77000000000001,0.0,0.0,8.57,
114,INDUSTRIAL,STATEN ISLAND,2022,4,268.85999999999996,0.06,42.519999999999996,0.0,0.0,9.99,
114,INDUSTRIAL,STATEN ISLAND,2022,5,278.07,0.06,49.639999999999986,0.0,0.0,11.69,
114,INDUSTRIAL,STATEN ISLAND,2022,6,313.22999999999996,0.07,49.71999999999999,0.0,0.0,10.92,
114,INDUSTRIAL,STATEN ISLAND,2022,7,413.81,0.1,72.27000000000001,0.0,0.0,10.68,
114,INDUSTRIAL,STATEN ISLAND,2022,8,429.9,0.1,67.42000000000002,0.0,0.0,12.5,
114,INDUSTRIAL,STATEN ISLAND,2022,9,331.23,0.08,54.690000000000005,0.0,0.0,9.47,
114,INDUSTRIAL,STATEN ISLAND,2022,10,416.71,0.1,73.43,0.0,0.0,10.9,
114,INDUSTRIAL,STATEN ISLAND,2022,11,479.49,0.11,80.52,0.0,0.0,10.88,
114,INDUSTRIAL,STATEN ISLAND,2022,12,440.24,0.1,74.74,0.0,0.0,9.87,
114,INDUSTRIAL,STATEN ISLAND,2023,1,365.86999999999995,0.09,63.41,0.0,0.0,11.88,-1.71
114,INDUSTRIAL,STATEN ISLAND,2023,2,295.19,0.07,43.62,0.0,0.0,10.04,-10.12
114,INDUSTRIAL,STATEN ISLAND,2023,3,488.57000000000005,0.11,85.47999999999999,0.0,0.0,9.88,-6.1
114,INDUSTRIAL,STATEN ISLAND,2023,4,309.99,0.07,50.63,0.0,0.0,10.38,15.3
114,INDUSTRIAL,STATEN ISLAND,2023,5,299.46,0.07,47.05,0.0,0.0,11.55,7.69
114,INDUSTRIAL,STATEN ISLAND,2023,6,757.25,0.18,130.76000000000002,0.0,0.0,9.55,141.76
114,INDUSTRIAL,STATEN ISLAND,2023,7,412.49,0.1,69.12,0.0,0.0,11.25,-0.32
114,INDUSTRIAL,STATEN ISLAND,2023,8,549.05,0.13,97.37000000000002,0.0,0.0,10.35,27.72
114,INDUSTRIAL,STATEN ISLAND,2023,9,372.44,0.09,66.36,0.0,0.0,8.91,12.44
114,INDUSTRIAL,STATEN ISLAND,2023,10,252.99,0.06,41.85,0.0,0.0,12.92,-39.29
114,INDUSTRIAL,STATEN ISLAND,2023,11,348.76,0.08,59.32,0.0,0.0,10.52,-27.26
114,INDUSTRIAL,STATEN ISLAND,2023,12,487.10999999999996,0.11,85.82999999999997,0.0,0.0,8.01,10.65
114,INDUSTRIAL,STATEN ISLAND,2024,1,332.38999999999993,0.08,53.74,0.0,0.0,9.11,-9.15
114,INDUSTRIAL,STATEN ISLAND,2024,2,401.8,0.09,64.85,0.0,0.0,11.29,36.12
114,INDUSTRIAL,STATEN ISLAND,2024,3,283.88,0.07,52.78,0.0,0.0,7.01,-41.9
114,INDUSTRIAL,STATEN ISLAND,2024,4,289.49,0.07,50.03,0.0,0.0,6.96,-6.61
114,INDUSTRIAL,STATEN ISLAND,2024,5,350.90000000000003,0.08,53.300000000000004,0.0,0.0,11.16,17.18
114,INDUSTRIAL,STATEN ISLAND,2024,6,360.93,0.08,60.38,0.0,0.0,10.46,-52.34
114,INDUSTRIAL,STATEN ISLAND,2024,7,338.59000000000003,0.08,52.230000000000004,0.0,0.0,9.91,-17.92
114,INDUSTRIAL,STATEN ISLAND,2024,8,421.0400000000001,0.1,75.29,0.0,0.0,10.43,-23.31
114,INDUSTRIAL,STATEN ISLAND,2024,9,213.95000000000002,0.05,34.529999999999994,0.0,0.0,12.69,-42.55
114,INDUSTRIAL,STATEN ISLAND,2024,10,316.9,0.07,55.620000000000005,0.0,0.0,10.87,25.26
114,INDUSTRIAL,STATEN ISLAND,2024,11,416.04,0.1,71.27000000000001,0.0,0.0,11.7,19.29
114,INDUSTRIAL,STATEN ISLAND,2024,12,396.6099999999999,0.09,64.88999999999999,0.0,0.0,9.53,-18.58
115,INDUSTRIAL,STATEN ISLAND,2022,1,1781.67,0.42,305.99,0.0,0.0,0.0,
115,INDUSTRIAL,STATEN ISLAND,2022,2,1410.63,0.33,247.21,0.0,0.0,0.0,
115,INDUSTRIAL,STATEN ISLAND,2022,3,2018.37,0.47,341.09999999999997,0.0,0.0,0.0,
115,INDUSTRIAL,STATEN ISLAND,2022,4,1554.13,0.36,276.31,0.0,0.0,0.0,
115,INDUSTRIAL,STATEN ISLAND,2022,5,1208.6299999999999,0.28,200.29000000000002,0.0,0.0,0.0,
115,INDUSTRIAL,STATEN ISLAND,2022,6,1279.42,0.3,224.26,0.0,0.0,0.0,
115,INDUSTRIAL,STATEN ISLAND,2022,7,1930.13,0.45,341.3,0.0,0.0,0.0,
115,INDUSTRIAL,STATEN ISLAND,2022,8,2076.5899999999997,0.48,334.75,0.0,0.0,0.0,
115,INDUSTRIAL,STATEN ISLAND,2022,9,1759.05,0.41,293.5,0.0,0.0,0.0,
115,INDUSTRIAL,STATEN ISLAND,2022,10,2059.66,0.48,348.51,0.0,0.0,0.0,
115,INDUSTRIAL,STATEN ISLAND,2022,11,2478.43,0.58,395.89,0.0,0.0,0.0,
115,INDUSTRIAL,STATEN ISLAND,2022,12,2124.87,0.5,365.93,0.0,0.0,0.0,
115,INDUSTRIAL,STATEN ISLAND,2023,1,1454.3600000000001,0.34,238.70000000000002,0.0,0.0,0.0,-18.37
115,INDUSTRIAL,STATEN ISLAND,2023,2,1296.3400000000001,0.3,206.06,0.0,0.0,0.0,-8.1
115,INDUSTRIAL,STATEN ISLAND,2023,3,2360.290000000001,0.55,396.26000000000005,0.0,0.0,0.0,16.94
115,INDUSTRIAL,STATEN ISLAND,2023,4,1449.34,0.34,228.64000000000001,0.0,0.0,0.0,-6.74
115,INDUSTRIAL,STATEN ISLAND,2023,5,1584.0399999999997,0.37,295.07000000000005,0.0,0.0,0.0,31.06
115,INDUSTRIAL,STATEN ISLAND,2023,6,3344.9900000000002,0.78,567.0199999999999,0.0,0.0,0.0,161.45
115,INDUSTRIAL,STATEN ISLAND,2023,7,2177.92,0.51,380.69,0.0,0.0,0.0,12.84
115,INDUSTRIAL,STATEN ISLAND,2023,8,2986.86,0.7,469.01,0.0,0.0,0.0,43.83
115,INDUSTRIAL,STATEN ISLAND,2023,9,1818.5200000000002,0.42,297.98,0.0,0.0,0.0,3.38
115,INDUSTRIAL,STATEN ISLAND,2023,10,1294.1799999999998,0.3,231.53,0.0,0.0,0.0,-37.17
115,INDUSTRIAL,STATEN ISLAND,2023,11,1273.73,0.3,204.93000000000004,0.0,0.0,0.0,-48.61
115,INDUSTRIAL,STATEN ISLAND,2023,12,2175.69,0.51,361.14000000000004,0.0,0.0,0.0,2.39
115,INDUSTRIAL,STATEN ISLAND,2024,1,1827.0099999999998,0.43,336.21999999999997,0.0,0.0,0.0,25.62
115,INDUSTRIAL,STATEN ISLAND,2024,2,1523.9399999999998,0.36,261.11,0.0,0.0,0.0,17.56
115,INDUSTRIAL,STATEN ISLAND,2024,3,1445.5599999999997,0.34,238.05,0.0,0.0,0.0,-38.75
115,INDUSTRIAL,STATEN ISLAND,2024,4,1481.56,0.35,246.17000000000002,0.0,0.0,0.0,2.22
115,INDUSTRIAL,STATEN ISLAND,2024,5,1448.76,0.34,235.65000000000003,0.0,0.0,0.0,-8.54
115,INDUSTRIAL,STATEN ISLAND,2024,6,1872.2,0.44,333.78999999999996,0.0,0.0,0.0,-44.03
115,INDUSTRIAL,STATEN ISLAND,2024,7,1970.4,0.46,348.98,0.0,0.0,0.0,-9.53
115,INDUSTRIAL,STATEN ISLAND,2024,8,2065.69,0.48,370.89000000000004,0.0,0.0,0.0,-30.84
115,INDUSTRIAL,STATEN ISLAND,2024,9,1293.8500000000001,0.3,237.14999999999998,0.0,0.0,0.0,-28.85
115,INDUSTRIAL,STATEN ISLAND,2024,10,1623.2400000000002,0.38,267.15,0.0,0.0,0.0,25.43
115,INDUSTRIAL,STATEN ISLAND,2024,11,2339.32,0.55,388.51000000000005,0.0,0.0,0.0,83.66
115,INDUSTRIAL,STATEN ISLAND,2024,12,1681.5400000000002,0.39,293.48,0.0,0.0,0.0,-22.71
116,RETAIL,STATEN ISLAND,2022,1,859.61,0.2,144.25000000000003,0.0,0.0,0.0,
116,RETAIL,STATEN ISLAND,2022,2,632.4399999999999,0.15,97.23,0.0,0.0,0.0,
116,RETAIL,STATEN ISLAND,2022,3,1165.6499999999999,0.27,187.92000000000002,0.0,0.0,0.0,
116,RETAIL,STATEN ISLAND,2022,4,765.38,0.18,121.38,0.0,0.0,0.0,
116,RETAIL,STATEN ISLAND,2022,5,528.24,0.12,89.66000000000001,0.0,0.0,0.0,
116,RETAIL,STATEN ISLAND,2022,6,701.6000000000001,0.16,121.32,0.0,0.0,0.0,
116,RETAIL,STATEN ISLAND,2022,7,822.33,0.19,152.35000000000002,0.0,0.0,0.0,
116,RETAIL,STATEN ISLAND,2022,8,967.0,0.23,172.25999999999996,0.0,0.0,0.0,
116,RETAIL,STATEN ISLAND,2022,9,675.9100000000001,0.16,106.41999999999999,0.0,0.0,0.0,
116,RETAIL,STATEN ISLAND,2022,10,899.94,0.21,149.95,0.0,0.0,0.0,
116,RETAIL,STATEN ISLAND,2022,11,1212.26,0.28,182.93,0.0,0.0,0.0,
116,RETAIL,STATEN ISLAND,2022,12,1080.08,0.25,187.67000000000002,0.0,0.0,0.0,
116,RETAIL,STATEN ISLAND,2023,1,754.19,0.18,129.13,0.0,0.0,0.0,-12.26
116,RETAIL,STATEN ISLAND,2023,2,615.2099999999999,0.14,107.6,0.0,0.0,0.0,-2.72
116,RETAIL,STATEN ISLAND,2023,3,990.1499999999999,0.23,175.4,0.0,0.0,0.0,-15.06
116,RETAIL,STATEN ISLAND,2023,4,578.27,0.13,100.14000000000001,0.0,0.0,0.0,-24.45
116,RETAIL,STATEN ISLAND,2023,5,665.9599999999999,0.16,100.41,0.0,0.0,0.0,26.07
116,RETAIL,STATEN ISLAND,2023,6,1569.8200000000002,0.37,276.3,0.0,0.0,0.0,123.75
116,RETAIL,STATEN ISLAND,2023,7,949.5100000000001,0.22,161.39,0.0,0.0,0.0,15.47
116,RETAIL,STATEN ISLAND,2023,8,1123.1699999999998,0.26,188.86000000000004,0.0,0.0,0.0,16.15
116,RETAIL,STATEN ISLAND,2023,9,772.6,0.18,128.2,0.0,0.0,0.0,14.31
116,RETAIL,STATEN ISLAND,2023,10,593.3600000000001,0.14,105.37,0.0,0.0,0.0,-34.07
116,RETAIL,STATEN ISLAND,2023,11,708.37,0.17,128.96,0.0,0.0,0.0,-41.57
116,RETAIL,STATEN ISLAND,2023,12,1030.21,0.24,179.45000000000002,0.0,0.0,0.0,-4.62
116,RETAIL,STATEN ISLAND,2024,1,718.9399999999999,0.17,118.10000000000001,0.0,0.0,0.0,-4.67
116,RETAIL,STATEN ISLAND,2024,2,787.69,0.18,142.76,0.0,0.0,0.0,28.04
116,RETAIL,STATEN ISLAND,2024,3,580.6899999999999,0.14,100.22,0.0,0.0,0.0,-41.35
116,RETAIL,STATEN ISLAND,2024,4,657.0900000000001,0.15,114.73000000000002,0.0,0.0,0.0,13.63
116,RETAIL,STATEN ISLAND,2024,5,736.8800000000001,0.17,125.43,0.0,0.0,0.0,10.65
116,RETAIL,STATEN ISLAND,2024,6,605.21,0.14,94.8,0.0,0.0,0.0,-61.45
116,RETAIL,STATEN ISLAND,2024,7,840.5600000000001,0.2,139.92,0.0,0.0,0.0,-11.47
116,RETAIL,STATEN ISLAND,2024,8,1052.6399999999999,0.25,177.86000000000004,0.0,0.0,0.0,-6.28
116,RETAIL,STATEN ISLAND,2024,9,531.0999999999999,0.12,83.78999999999999,0.0,0.0,0.0,-31.26
116,RETAIL,STATEN ISLAND,2024,10,782.24,0.18,125.36,0.0,0.0,0.0,31.83
116,RETAIL,STATEN ISLAND,2024,11,885.6499999999999,0.21,137.35,0.0,0.0,0.0,25.03
116,RETAIL,STATEN ISLAND,2024,12,812.6500000000001,0.19,123.01,0.0,0.0,0.0,-21.12
117,MIXED-USE,BROOKLYN,2022,1,1279.62,0.3,221.29999999999995,0.0,0.0,10.16,
117,MIXED-USE,BROOKLYN,2022,2,1202.5,0.28,196.31,0.0,0.0,10.6,
117,MIXED-USE,BROOKLYN,2022,3,1736.3600000000001,0.4,290.55,0.0,0.0,10.32,
117,MIXED-USE,BROOKLYN,2022,4,1220.1699999999998,0.28,206.60000000000002,0.0,0.0,9.98,
117,MIXED-USE,BROOKLYN,2022,5,903.2900000000002,0.21,169.57000000000002,0.0,0.0,11.09,
117,MIXED-USE,BROOKLYN,2022,6,1195.1899999999998,0.28,204.71999999999997,0.0,0.0,8.15,
117,MIXED-USE,BROOKLYN,2022,7,1020.4100000000001,0.24,175.37,0.0,0.0,8.06,
117,MIXED-USE,BROOKLYN,2022,8,1802.06,0.42,313.35,0.0,0.0,7.28,
117,MIXED-USE,BROOKLYN,2022,9,1369.55,0.32,237.42,0.0,0.0,9.14,
117,MIXED-USE,BROOKLYN,2022,10,1635.8100000000004,0.38,279.33,0.0,0.0,9.54,
117,MIXED-USE,BROOKLYN,2022,11,1720.54,0.4,302.61,0.0,0.0,10.6,
117,MIXED-USE,BROOKLYN,2022,12,1847.0000000000002,0.43,318.99999999999994,0.0,0.0,8.75,
117,MIXED-USE,BROOKLYN,2023,1,1012.6700000000001,0.24,182.58000000000004,0.0,0.0,8.84,-20.86
117,MIXED-USE,BROOKLYN,2023,2,953.6899999999999,0.22,156.86,0.0,0.0,9.81,-20.69
117,MIXED-USE,BROOKLYN,2023,3,1653.2000000000003,0.39,292.29,0.0,0.0,8.12,-4.79
117,MIXED-USE,BROOKLYN,2023,4,1027.22,0.24,177.92000000000002,0.0,0.0,9.88,-15.81
117,MIXED-USE,BROOKLYN,2023,5,890.53,0.21,152.56,0.0,0.0,10.33,-1.41
117,MIXED-USE,BROOKLYN,2023,6,2921.3399999999997,0.68,490.4100000000001,0.0,0.0,9.27,144.42
117,MIXED-USE,BROOKLYN,2023,7,1659.12,0.39,288.53,0.0,0.0,9.3,62.59
117,MIXED-USE,BROOKLYN,2023,8,2141.77,0.5,352.47,0.0,0.0,12.93,18.85
117,MIXED-USE,BROOKLYN,2023,9,1292.3400000000001,0.3,209.78,0.0,0.0,8.34,-5.64
117,MIXED-USE,BROOKLYN,2023,10,977.45,0.23,164.67999999999998,0.0,0.0,8.39,-40.25
117,MIXED-USE,BROOKLYN,2023,11,1035.86,0.24,183.32,0.0,0.0,10.76,-39.79
117,MIXED-USE,BROOKLYN,2023,12,1604.86,0.37,290.97,0.0,0.0,8.39,-13.11
117,MIXED-USE,BROOKLYN,2024,1,1318.7999999999997,0.31,221.44,0.0,0.0,9.07,30.23
117,MIXED-USE,BROOKLYN,2024,2,1514.8,0.35,244.57,0.0,0.0,10.7,58.84
117,MIXED-USE,BROOKLYN,2024,3,1143.47,0.27,174.04,0.0,0.0,11.03,-30.83
117,MIXED-USE,BROOKLYN,2024,4,1041.48,0.24,172.79000000000002,0.0,0.0,12.72,1.39
117,MIXED-USE,BROOKLYN,2024,5,1187.7199999999998,0.28,212.79999999999998,0.0,0.0,8.28,33.37
117,MIXED-USE,BROOKLYN,2024,6,1242.6,0.29,200.07999999999998,0.0,0.0,7.1,-57.46
117,MIXED-USE,BROOKLYN,2024,7,1498.86,0.35,262.33000000000004,0.0,0.0,9.34,-9.66
117,MIXED-USE,BROOKLYN,2024,8,1499.7699999999998,0.35,268.31,0.0,0.0,11.88,-29.98
117,MIXED-USE,BROOKLYN,2024,9,911.4700000000001,0.21,134.17,0.0,0.0,8.44,-29.47
117,MIXED-USE,BROOKLYN,2024,10,1202.54,0.28,207.85999999999996,0.0,0.0,9.23,23.03
117,MIXED-USE,BROOKLYN,2024,11,1491.4800000000002,0.35,243.14999999999998,0.0,0.0,10.84,43.98
117,MIXED-USE,BROOKLYN,2024,12,1245.05,0.29,205.78000000000003,0.0,0.0,8.39,-22.42
118,GOVERNMENT,STATEN ISLAND,2022,1,407.13000000000005,0.09,73.63,0.0,0.0,11.77,
118,GOVERNMENT,STATEN ISLAND,2022,2,301.97,0.07,47.52,0.0,0.0,9.28,
118,GOVERNMENT,STATEN ISLAND,2022,3,577.3099999999998,0.13,98.58999999999999,0.0,0.0,10.27,
118,GOVERNMENT,STATEN ISLAND,2022,4,305.15999999999997,0.07,48.57999999999999,0.0,0.0,12.23,
118,GOVERNMENT,STATEN ISLAND,2022,5,325.62,0.08,59.10000000000001,0.0,0.0,9.94,
118,GOVERNMENT,STATEN ISLAND,2022,6,391.19000000000005,0.09,65.99,0.0,0.0,6.82,
118,GOVERNMENT,STATEN ISLAND,2022,7,417.73,0.1,69.21000000000001,0.0,0.0,10.49,
118,GOVERNMENT,STATEN ISLAND,2022,8,525.6899999999999,0.12,89.05000000000001,0.0,0.0,12.1,
118,GOVERNMENT,STATEN ISLAND,2022,9,391.78000000000003,0.09,65.96000000000001,0.0,0.0,10.62,
118,GOVERNMENT,STATEN ISLAND,2022,10,526.94,0.12,93.16,0.0,0.0,7.9,
118,GOVERNMENT,STATEN ISLAND,2022,11,587.2900000000001,0.14,98.0,0.0,0.0,8.68,
118,GOVERNMENT,STATEN ISLAND,2022,12,574.5100000000001,0.13,98.05000000000001,0.0,0.0,12.31,
118,GOVERNMENT,STATEN ISLAND,2023,1,446.53999999999996,0.1,78.91,0.0,0.0,9.22,9.68
118,GOVERNMENT,STATEN ISLAND,2023,2,210.16,0.05,29.9,0.0,0.0,13.72,-30.4
118,GOVERNMENT,STATEN ISLAND,2023,3,564.75,0.13,94.77000000000001,0.0,0.0,9.43,-2.18
118,GOVERNMENT,STATEN ISLAND,2023,4,350.44,0.08,59.07,0.0,0.0,8.69,14.84
118,GOVERNMENT,STATEN ISLAND,2023,5,299.15999999999997,0.07,49.68,0.0,0.0,10.71,-8.13
118,GOVERNMENT,STATEN ISLAND,2023,6,842.5700000000002,0.2,133.24,0.0,0.0,10.62,115.39
118,GOVERNMENT,STATEN ISLAND,2023,7,562.85,0.13,97.94000000000003,0.0,0.0,11.31,34.74
118,GOVERNMENT,STATEN ISLAND,2023,8,673.5999999999999,0.16,122.46999999999998,0.0,0.0,8.91,28.14
118,GOVERNMENT,STATEN ISLAND,2023,9,428.62,0.1,75.47999999999999,0.0,0.0,9.92,9.4
118,GOVERNMENT,STATEN ISLAND,2023,10,313.88,0.07,49.25,0.0,0.0,9.49,-40.43
118,GOVERNMENT,STATEN ISLAND,2023,11,387.73,0.09,67.06,0.0,0.0,12.34,-33.98
118,GOVERNMENT,STATEN ISLAND,2023,12,475.49,0.11,82.75000000000003,0.0,0.0,12.61,-17.24
118,GOVERNMENT,STATEN ISLAND,2024,1,349.2199999999999,0.08,56.14,0.0,0.0,11.17,-21.79
118,GOVERNMENT,STATEN ISLAND,2024,2,487.88,0.11,79.21999999999998,0.0,0.0,12.05,132.15
118,GOVERNMENT,STATEN ISLAND,2024,3,320.24,0.07,58.36,0.0,0.0,8.11,-43.3
118,GOVERNMENT,STATEN ISLAND,2024,4,346.24,0.08,57.660000000000004,0.0,0.0,10.56,-1.2
118,GOVERNMENT,STATEN ISLAND,2024,5,388.49,0.09,63.55,0.0,0.0,9.87,29.86
118,GOVERNMENT,STATEN ISLAND,2024,6,387.9700000000001,0.09,67.44000000000001,0.0,0.0,11.35,-53.95
118,GOVERNMENT,STATEN ISLAND,2024,7,427.0400000000001,0.1,75.41,0.0,0.0,10.87,-24.13
118,GOVERNMENT,STATEN ISLAND,2024,8,551.57,0.13,98.05000000000001,0.0,0.0,8.9,-18.12
118,GOVERNMENT,STATEN ISLAND,2024,9,262.72999999999996,0.06,44.400000000000006,0.0,0.0,11.87,-38.7
118,GOVERNMENT,STATEN ISLAND,2024,10,408.97999999999996,0.1,69.42999999999999,0.0,0.0,12.13,30.3
118,GOVERNMENT,STATEN ISLAND,2024,11,526.65,0.12,95.18999999999998,0.0,0.0,10.37,35.83
118,GOVERNMENT,STATEN ISLAND,2024,12,378.38,0.09,61.120000000000005,0.0,0.0,10.82,-20.42
119,COMMERCIAL OFFICE,MANHATTAN,2022,1,1361.8400000000001,0.32,226.10999999999999,0.0,0.0,0.0,
119,COMMERCIAL OFFICE,MANHATTAN,2022,2,1239.8700000000001,0.29,216.83,0.0,0.0,0.0,
119,COMMERCIAL OFFICE,MANHATTAN,2022,3,1712.9999999999998,0.4,283.41999999999996,0.0,0.0,0.0,
119,COMMERCIAL OFFICE,MANHATTAN,2022,4,1340.67,0.31,212.19000000000005,0.0,0.0,0.0,
119,COMMERCIAL OFFICE,MANHATTAN,2022,5,744.0799999999999,0.17,125.52000000000001,0.0,0.0,0.0,
119,COMMERCIAL OFFICE,MANHATTAN,2022,6,1195.46,0.28,206.57999999999998,0.0,0.0,0.0,
119,COMMERCIAL OFFICE,MANHATTAN,2022,7,1170.44,0.27,182.13,0.0,0.0,0.0,
119,COMMERCIAL OFFICE,MANHATTAN,2022,8,1706.06,0.4,289.30999999999995,0.0,0.0,0.0,
119,COMMERCIAL OFFICE,MANHATTAN,2022,9,1208.9399999999998,0.28,202.09000000000003,0.0,0.0,0.0,
119,COMMERCIAL OFFICE,MANHATTAN,2022,10,1520.96,0.35,266.11000000000007,0.0,0.0,0.0,
119,COMMERCIAL OFFICE,MANHATTAN,2022,11,1917.6,0.45,344.84000000000003,0.0,0.0,0.0,
119,COMMERCIAL OFFICE,MANHATTAN,2022,12,1696.6799999999998,0.4,284.75,0.0,0.0,0.0,
119,COMMERCIAL OFFICE,MANHATTAN,2023,1,1547.8899999999999,0.36,265.35999999999996,0.0,0.0,0.0,13.66
119,COMMERCIAL OFFICE,MANHATTAN,2023,2,1207.17,0.28,221.49,0.0,0.0,0.0,-2.64
119,COMMERCIAL OFFICE,MANHATTAN,2023,3,1852.43,0.43,303.3,0.0,0.0,0.0,8.14
119,COMMERCIAL OFFICE,MANHATTAN,2023,4,1202.3400000000001,0.28,206.42999999999998,0.0,0.0,0.0,-10.32
119,COMMERCIAL OFFICE,MANHATTAN,2023,5,1024.8899999999999,0.24,176.29,0.0,0.0,0.0,37.74
119,COMMERCIAL OFFICE,MANHATTAN,2023,6,2395.71,0.56,393.9,0.0,0.0,0.0,100.4
119,COMMERCIAL OFFICE,MANHATTAN,2023,7,1720.18,0.4,293.76000000000005,0.0,0.0,0.0,46.97
119,COMMERCIAL OFFICE,MANHATTAN,2023,8,1953.1499999999996,0.46,343.57000000000005,0.0,0.0,0.0,14.48
119,COMMERCIAL OFFICE,MANHATTAN,2023,9,1315.67,0.31,226.38,0.0,0.0,0.0,8.83
119,COMMERCIAL OFFICE,MANHATTAN,2023,10,842.1800000000001,0.2,137.96,0.0,0.0,0.0,-44.63
119,COMMERCIAL OFFICE,MANHATTAN,2023,11,1132.1100000000001,0.26,181.8,0.0,0.0,0.0,-40.96
119,COMMERCIAL OFFICE,MANHATTAN,2023,12,1630.93,0.38,286.15000000000003,0.0,0.0,0.0,-3.88
119,COMMERCIAL OFFICE,MANHATTAN,2024,1,1384.2000000000003,0.32,241.3,0.0,0.0,0.0,-10.58
119,COMMERCIAL OFFICE,MANHATTAN,2024,2,1449.21,0.34,259.44000000000005,0.0,0.0,0.0,20.05
119,COMMERCIAL OFFICE,MANHATTAN,2024,3,1051.57,0.25,175.35,0.0,0.0,0.0,-43.23
119,COMMERCIAL OFFICE,MANHATTAN,2024,4,994.47,0.23,162.32,0.0,0.0,0.0,-17.29
119,COMMERCIAL OFFICE,MANHATTAN,2024,5,1088.33,0.25,179.79000000000002,0.0,0.0,0.0,6.19
119,COMMERCIAL OFFICE,MANHATTAN,2024,6,1318.23,0.31,223.49,0.0,0.0,0.0,-44.98
119,COMMERCIAL OFFICE,MANHATTAN,2024,7,1398.53,0.33,243.87000000000003,0.0,0.0,0.0,-18.7
119,COMMERCIAL OFFICE,MANHATTAN,2024,8,1588.6999999999998,0.37,287.64,0.0,0.0,0.0,-18.66
119,COMMERCIAL OFFICE,MANHATTAN,2024,9,852.82,0.2,144.20999999999998,0.0,0.0,0.0,-35.18
119,COMMERCIAL OFFICE,MANHATTAN,2024,10,886.2499999999999,0.21,152.35999999999999,0.0,0.0,0.0,5.23
119,COMMERCIAL OFFICE,MANHATTAN,2024,11,1857.03,0.43,331.5100000000001,0.0,0.0,0.0,64.03
119,COMMERCIAL OFFICE,MANHATTAN,2024,12,1275.82,0.3,243.59,0.0,0.0,0.0,-21.77
120,RETAIL,STATEN ISLAND,2022,1,1769.3200000000002,0.41,311.38999999999993,0.0,0.0,0.0,
120,RETAIL,STATEN ISLAND,2022,2,1153.2399999999998,0.27,178.91000000000003,0.0,0.0,0.0,
120,RETAIL,STATEN ISLAND,2022,3,1818.52,0.42,348.00999999999993,0.0,0.0,0.0,
120,RETAIL,STATEN ISLAND,2022,4,1244.46,0.29,197.67999999999998,0.0,0.0,0.0,
120,RETAIL,STATEN ISLAND,2022,5,1263.6799999999998,0.29,210.62,0.0,0.0,0.0,
120,RETAIL,STATEN ISLAND,2022,6,1239.3600000000001,0.29,222.11,0.0,0.0,0.0,
120,RETAIL,STATEN ISLAND,2022,7,1468.9199999999998,0.34,261.40999999999997,0.0,0.0,0.0,
120,RETAIL,STATEN ISLAND,2022,8,2021.47,0.47,321.76,0.0,0.0,0.0,
120,RETAIL,STATEN ISLAND,2022,9,1601.48,0.37,270.05,0.0,0.0,0.0,
120,RETAIL,STATEN ISLAND,2022,10,1812.71,0.42,313.09999999999997,0.0,0.0,0.0,
120,RETAIL,STATEN ISLAND,2022,11,1947.2399999999998,0.45,335.37,0.0,0.0,0.0,
120,RETAIL,STATEN ISLAND,2022,12,1842.02,0.43,295.53999999999996,0.0,0.0,0.0,
120,RETAIL,STATEN ISLAND,2023,1,1457.3,0.34,254.36999999999998,0.0,0.0,0.0,-17.64
120,RETAIL,STATEN ISLAND,2023,2,1184.16,0.28,198.98,0.0,0.0,0.0,2.68
120,RETAIL,STATEN ISLAND,2023,3,1878.1200000000001,0.44,311.94000000000005,0.0,0.0,0.0,3.28
120,RETAIL,STATEN ISLAND,2023,4,1340.42,0.31,236.84,0.0,0.0,0.0,7.71
120,RETAIL,STATEN ISLAND,2023,5,1237.6900000000003,0.29,207.36999999999998,0.0,0.0,0.0,-2.06
120,RETAIL,STATEN ISLAND,2023,6,2906.4599999999996,0.68,494.1199999999999,0.0,0.0,0.0,134.51
120,RETAIL,STATEN ISLAND,2023,7,1636.8600000000001,0.38,282.34000000000003,0.0,0.0,0.0,11.43
120,RETAIL,STATEN ISLAND,2023,8,2336.9900000000002,0.54,391.2699999999999,0.0,0.0,0.0,15.61
120,RETAIL,STATEN ISLAND,2023,9,1332.3700000000001,0.31,211.07,0.0,0.0,0.0,-16.8
120,RETAIL,STATEN ISLAND,2023,10,1101.47,0.26,171.82,0.0,0.0,0.0,-39.24
120,RETAIL,STATEN ISLAND,2023,11,1318.2700000000002,0.31,223.43,0.0,0.0,0.0,-32.3
120,RETAIL,STATEN ISLAND,2023,12,1772.9599999999998,0.41,287.76,0.0,0.0,0.0,-3.75
120,RETAIL,STATEN ISLAND,2024,1,1611.9299999999998,0.38,252.15,0.0,0.0,0.0,10.61
120,RETAIL,STATEN ISLAND,2024,2,1603.79,0.37,281.24,0.0,0.0,0.0,35.44
120,RETAIL,STATEN ISLAND,2024,3,1265.5700000000002,0.29,201.27999999999997,0.0,0.0,0.0,-32.62
120,RETAIL,STATEN ISLAND,2024,4,1291.98,0.3,220.16,0.0,0.0,0.0,-3.61
120,RETAIL,STATEN ISLAND,2024,5,1415.33,0.33,241.17999999999998,0.0,0.0,0.0,14.35
120,RETAIL,STATEN ISLAND,2024,6,1297.26,0.3,234.03999999999996,0.0,0.0,0.0,-55.37
120,RETAIL,STATEN ISLAND,2024,7,1634.6100000000001,0.38,260.5999999999999,0.0,0.0,0.0,-0.14
120,RETAIL,STATEN ISLAND,2024,8,1986.6699999999998,0.46,336.71999999999997,0.0,0.0,0.0,-14.99
120,RETAIL,STATEN ISLAND,2024,9,960.3099999999998,0.22,142.98999999999998,0.0,0.0,0.0,-27.92
120,RETAIL,STATEN ISLAND,2024,10,1298.9,0.3,214.24000000000004,0.0,0.0,0.0,17.92
120,RETAIL,STATEN ISLAND,2024,11,1840.5900000000001,0.43,315.85999999999996,0.0,0.0,0.0,39.62
120,RETAIL,STATEN ISLAND,2024,12,1526.97,0.36,247.45000000000002,0.0,0.0,0.0,-13.87
121,MIXED-USE,BROOKLYN,2022,1,1662.1,0.39,266.26,0.0,0.0,0.0,
121,MIXED-USE,BROOKLYN,2022,2,1187.75,0.28,195.5,0.0,0.0,0.0,
121,MIXED-USE,BROOKLYN,2022,3,2080.93,0.48,368.72,0.0,0.0,0.0,
121,MIXED-USE,BROOKLYN,2022,4,1240.1000000000001,0.29,214.23000000000002,0.0,0.0,0.0,
121,MIXED-USE,BROOKLYN,2022,5,1006.04,0.23,161.09,0.0,0.0,0.0,
121,MIXED-USE,BROOKLYN,2022,6,1164.71,0.27,197.17000000000002,0.0,0.0,0.0,
121,MIXED-USE,BROOKLYN,2022,7,1328.29,0.31,207.63000000000005,0.0,0.0,0.0,
121,MIXED-USE,BROOKLYN,2022,8,1456.2500000000002,0.34,264.62,0.0,0.0,0.0,
121,MIXED-USE,BROOKLYN,2022,9,1434.8999999999999,0.33,239.26,0.0,0.0,0.0,
121,MIXED-USE,BROOKLYN,2022,10,1575.0200000000002,0.37,275.25,0.0,0.0,0.0,
121,MIXED-USE,BROOKLYN,2022,11,1801.2999999999997,0.42,308.87,0.0,0.0,0.0,
121,MIXED-USE,BROOKLYN,2022,12,1837.84,0.43,303.87,0.0,0.0,0.0,
121,MIXED-USE,BROOKLYN,2023,1,1365.77,0.32,239.07999999999998,0.0,0.0,0.0,-17.83
121,MIXED-USE,BROOKLYN,2023,2,1236.81,0.29,207.68,0.0,0.0,0.0,4.13
121,MIXED-USE,BROOKLYN,2023,3,1764.5000000000002,0.41,312.90000000000003,0.0,0.0,0.0,-15.21
121,MIXED-USE,BROOKLYN,2023,4,1116.7500000000002,0.26,173.34,0.0,0.0,0.0,-9.95
121,MIXED-USE,BROOKLYN,2023,5,1187.0,0.28,214.36,0.0,0.0,0.0,17.99
121,MIXED-USE,BROOKLYN,2023,6,2721.51,0.63,466.81999999999994,0.0,0.0,0.0,133.66
121,MIXED-USE,BROOKLYN,2023,7,1809.0699999999997,0.42,279.19,0.0,0.0,0.0,36.2
121,MIXED-USE,BROOKLYN,2023,8,2301.8300000000004,0.54,377.26999999999987,0.0,0.0,0.0,58.07
121,MIXED-USE,BROOKLYN,2023,9,1227.0300000000002,0.29,208.99,0.0,0.0,0.0,-14.49
121,MIXED-USE,BROOKLYN,2023,10,926.67,0.22,165.17999999999998,0.0,0.0,0.0,-41.16
121,MIXED-USE,BROOKLYN,2023,11,1035.13,0.24,169.79000000000002,0.0,0.0,0.0,-42.53
121,MIXED-USE,BROOKLYN,2023,12,1628.54,0.38,286.76000000000005,0.0,0.0,0.0,-11.39
121,MIXED-USE,BROOKLYN,2024,1,1309.6100000000004,0.31,226.69999999999996,0.0,0.0,0.0,-4.11
121,MIXED-USE,BROOKLYN,2024,2,1355.72,0.32,215.52,0.0,0.0,0.0,9.61
121,MIXED-USE,BROOKLYN,2024,3,726.0,0.17,114.07999999999998,0.0,0.0,0.0,-58.86
121,MIXED-USE,BROOKLYN,2024,4,1135.8600000000001,0.26,213.06,0.0,0.0,0.0,1.71
121,MIXED-USE,BROOKLYN,2024,5,1246.54,0.29,215.53,0.0,0.0,0.0,5.02
121,MIXED-USE,BROOKLYN,2024,6,1412.2100000000003,0.33,245.59,0.0,0.0,0.0,-48.11
121,MIXED-USE,BROOKLYN,2024,7,1551.0199999999998,0.36,238.21,0.0,0.0,0.0,-14.26
121,MIXED-USE,BROOKLYN,2024,8,1686.8600000000001,0.39,300.2,0.0,0.0,0.0,-26.72
121,MIXED-USE,BROOKLYN,2024,9,794.2799999999999,0.19,142.67999999999998,0.0,0.0,0.0,-35.27
121,MIXED-USE,BROOKLYN,2024,10,1189.88,0.28,205.31999999999996,0.0,0.0,0.0,28.4
121,MIXED-USE,BROOKLYN,2024,11,1791.7600000000002,0.42,308.6,0.0,0.0,0.0,73.1
121,MIXED-USE,BROOKLYN,2024,12,1263.4499999999998,0.29,209.99,0.0,0.0,0.0,-22.42
122,INDUSTRIAL,QUEENS,2022,1,3398.1100000000006,0.79,595.6800000000002,0.0,0.0,0.0,
122,INDUSTRIAL,QUEENS,2022,2,2745.53,0.64,430.89,0.0,0.0,0.0,
122,INDUSTRIAL,QUEENS,2022,3,4292.01,1.0,741.0400000000002,0.0,0.0,0.0,
122,INDUSTRIAL,QUEENS,2022,4,3232.63,0.75,515.74,0.0,0.0,0.0,
122,INDUSTRIAL,QUEENS,2022,5,2082.51,0.49,347.89,0.0,0.0,0.0,
122,INDUSTRIAL,QUEENS,2022,6,2871.31,0.67,447.36,0.0,0.0,0.0,
122,INDUSTRIAL,QUEENS,2022,7,3500.2200000000003,0.82,594.86,0.0,0.0,0.0,
122,INDUSTRIAL,QUEENS,2022,8,4033.54,0.94,734.9100000000001,0.0,0.0,0.0,
122,INDUSTRIAL,QUEENS,2022,9,3185.05,0.74,503.81,0.0,0.0,0.0,
122,INDUSTRIAL,QUEENS,2022,10,3436.5400000000004,0.8,583.64,0.0,0.0,0.0,
122,INDUSTRIAL,QUEENS,2022,11,3329.45,0.78,574.59,0.0,0.0,0.0,
122,INDUSTRIAL,QUEENS,2022,12,3533.0,0.82,624.7399999999999,0.0,0.0,0.0,
122,INDUSTRIAL,QUEENS,2023,1,3171.2599999999998,0.74,503.34999999999997,0.0,0.0,0.0,-6.68
122,INDUSTRIAL,QUEENS,2023,2,1928.6599999999999,0.45,306.44,0.0,0.0,0.0,-29.75
122,INDUSTRIAL,QUEENS,2023,3,4066.6199999999994,0.95,698.17,0.0,0.0,0.0,-5.25
122,INDUSTRIAL,QUEENS,2023,4,2110.85,0.49,353.45,0.0,0.0,0.0,-34.7
122,INDUSTRIAL,QUEENS,2023,5,2424.6899999999996,0.56,399.25,0.0,0.0,0.0,16.43
122,INDUSTRIAL,QUEENS,2023,6,6745.25,1.57,1157.21,0.0,0.0,0.0,134.92
122,INDUSTRIAL,QUEENS,2023,7,4176.51,0.97,733.1599999999999,0.0,0.0,0.0,19.32
122,INDUSTRIAL,QUEENS,2023,8,4717.46,1.1,749.51,0.0,0.0,0.0,16.96
122,INDUSTRIAL,QUEENS,2023,9,2663.2599999999998,0.62,461.96000000000004,0.0,0.0,0.0,-16.38
122,INDUSTRIAL,QUEENS,2023,10,1925.76,0.45,346.27000000000004,0.0,0.0,0.0,-43.96
122,INDUSTRIAL,QUEENS,2023,11,2739.4700000000003,0.64,470.33,0.0,0.0,0.0,-17.72
122,INDUSTRIAL,QUEENS,2023,12,3693.1400000000003,0.86,621.02,0.0,0.0,0.0,4.53
122,INDUSTRIAL,QUEENS,2024,1,3089.24,0.72,511.61,0.0,0.0,0.0,-2.59
122,INDUSTRIAL,QUEENS,2024,2,3012.69,0.7,529.47,0.0,0.0,0.0,56.21
122,INDUSTRIAL,QUEENS,2024,3,2519.01,0.59,443.87,0.0,0.0,0.0,-38.06
122,INDUSTRIAL,QUEENS,2024,4,2434.8599999999997,0.57,407.02,0.0,0.0,0.0,15.35
122,INDUSTRIAL,QUEENS,2024,5,2873.4500000000003,0.67,479.3300000000001,0.0,0.0,0.0,18.51
122,INDUSTRIAL,QUEENS,2024,6,2781.38,0.65,483.83000000000004,0.0,0.0,0.0,-58.77
122,INDUSTRIAL,QUEENS,2024,7,2548.16,0.59,394.06,0.0,0.0,0.0,-38.99
122,INDUSTRIAL,QUEENS,2024,8,3704.3900000000003,0.86,610.55,0.0,0.0,0.0,-21.47
122,INDUSTRIAL,QUEENS,2024,9,2011.2500000000002,0.47,317.18000000000006,0.0,0.0,0.0,-24.48
122,INDUSTRIAL,QUEENS,2024,10,2815.84,0.66,468.80000000000007,0.0,0.0,0.0,46.22
122,INDUSTRIAL,QUEENS,2024,11,3788.88,0.88,645.26,0.0,0.0,0.0,38.31
122,INDUSTRIAL,QUEENS,2024,12,2459.0200000000004,0.57,425.58000000000004,0.0,0.0,0.0,-33.42
123,MIXED-USE,BRONX,2022,1,941.46,0.22,150.37,0.0,0.0,0.0,
123,MIXED-USE,BRONX,2022,2,738.99,0.17,116.06000000000002,0.0,0.0,0.0,
123,MIXED-USE,BRONX,2022,3,999.27,0.23,168.07999999999998,0.0,0.0,0.0,
123,MIXED-USE,BRONX,2022,4,844.27,0.2,138.97000000000003,0.0,0.0,0.0,
123,MIXED-USE,BRONX,2022,5,595.9,0.14,93.65,0.0,0.0,0.0,
123,MIXED-USE,BRONX,2022,6,775.3000000000001,0.18,129.13,0.0,0.0,0.0,
123,MIXED-USE,BRONX,2022,7,747.1700000000001,0.17,124.4,0.0,0.0,0.0,
123,MIXED-USE,BRONX,2022,8,934.58,0.22,152.70000000000002,0.0,0.0,0.0,
123,MIXED-USE,BRONX,2022,9,870.7899999999998,0.2,151.91999999999996,0.0,0.0,0.0,
123,MIXED-USE,BRONX,2022,10,987.78,0.23,170.58999999999997,0.0,0.0,0.0,
123,MIXED-USE,BRONX,2022,11,1295.56,0.3,210.85999999999999,0.0,0.0,0.0,
123,MIXED-USE,BRONX,2022,12,878.24,0.2,153.80999999999997,0.0,0.0,0.0,
123,MIXED-USE,BRONX,2023,1,750.4900000000001,0.17,135.47,0.0,0.0,0.0,-20.28
123,MIXED-USE,BRONX,2023,2,669.0300000000001,0.16,109.07000000000001,0.0,0.0,0.0,-9.47
123,MIXED-USE,BRONX,2023,3,979.84,0.23,164.14999999999998,0.0,0.0,0.0,-1.94
123,MIXED-USE,BRONX,2023,4,715.41,0.17,124.5,0.0,0.0,0.0,-15.26
123,MIXED-USE,BRONX,2023,5,682.63,0.16,113.38,0.0,0.0,0.0,14.55
123,MIXED-USE,BRONX,2023,6,1688.17,0.39,323.11,0.0,0.0,0.0,117.74
123,MIXED-USE,BRONX,2023,7,1033.6499999999999,0.24,176.26,0.0,0.0,0.0,38.34
123,MIXED-USE,BRONX,2023,8,1376.87,0.32,234.08,0.0,0.0,0.0,47.33
123,MIXED-USE,BRONX,2023,9,718.4599999999999,0.17,126.05999999999999,0.0,0.0,0.0,-17.49
123,MIXED-USE,BRONX,2023,10,580.25,0.14,107.34,0.0,0.0,0.0,-41.26
123,MIXED-USE,BRONX,2023,11,807.77,0.19,135.28,0.0,0.0,0.0,-37.65
123,MIXED-USE,BRONX,2023,12,1102.54,0.26,184.39999999999998,0.0,0.0,0.0,25.54
123,MIXED-USE,BRONX,2024,1,804.5199999999999,0.19,138.53,0.0,0.0,0.0,7.2
123,MIXED-USE,BRONX,2024,2,677.3999999999999,0.16,112.86,0.0,0.0,0.0,1.25
123,MIXED-USE,BRONX,2024,3,678.33,0.16,113.9,0.0,0.0,0.0,-30.77
123,MIXED-USE,BRONX,2024,4,649.55,0.15,111.99,0.0,0.0,0.0,-9.21
123,MIXED-USE,BRONX,2024,5,645.52,0.15,110.75999999999999,0.0,0.0,0.0,-5.44
123,MIXED-USE,BRONX,2024,6,844.98,0.2,150.56,0.0,0.0,0.0,-49.95
123,MIXED-USE,BRONX,2024,7,721.8000000000001,0.17,126.69999999999999,0.0,0.0,0.0,-30.17
123,MIXED-USE,BRONX,2024,8,1022.5300000000001,0.24,163.64,0.0,0.0,0.0,-25.74
123,MIXED-USE,BRONX,2024,9,465.1,0.11,78.52000000000001,0.0,0.0,0.0,-35.26
123,MIXED-USE,BRONX,2024,10,658.9899999999999,0.15,105.72,0.0,0.0,0.0,13.57
123,MIXED-USE,BRONX,2024,11,901.0700000000002,0.21,148.26000000000002,0.0,0.0,0.0,11.55
123,MIXED-USE,BRONX,2024,12,539.72,0.13,88.46000000000001,0.0,0.0,0.0,-51.05
124,MIXED-USE,BRONX,2022,1,1245.65,0.29,218.81,0.0,0.0,10.6,
124,MIXED-USE,BRONX,2022,2,933.62,0.22,165.62,0.0,0.0,10.93,
124,MIXED-USE,BRONX,2022,3,1693.8299999999995,0.39,286.35999999999996,0.0,0.0,8.62,
124,MIXED-USE,BRONX,2022,4,1068.01,0.25,195.45,0.0,0.0,13.71,
124,MIXED-USE,BRONX,2022,5,1129.13,0.26,204.57000000000002,0.0,0.0,8.71,
124,MIXED-USE,BRONX,2022,6,1088.22,0.25,163.78,0.0,0.0,11.5,
124,MIXED-USE,BRONX,2022,7,1199.9700000000003,0.28,191.20999999999998,0.0,0.0,13.25,
124,MIXED-USE,BRONX,2022,8,1567.1000000000001,0.37,249.18,0.0,0.0,13.45,
124,MIXED-USE,BRONX,2022,9,1308.4799999999998,0.3,218.38,0.0,0.0,8.72,
124,MIXED-USE,BRONX,2022,10,1303.27,0.3,223.49999999999994,0.0,0.0,9.47,
124,MIXED-USE,BRONX,2022,11,1712.4200000000003,0.4,296.79,0.0,0.0,9.92,
124,MIXED-USE,BRONX,2022,12,1464.6499999999999,0.34,248.88,0.0,0.0,11.66,
124,MIXED-USE,BRONX,2023,1,1440.59,0.34,246.33999999999997,0.0,0.0,10.63,15.65
124,MIXED-USE,BRONX,2023,2,1044.1999999999998,0.24,168.97000000000003,0.0,0.0,10.53,11.84
124,MIXED-USE,BRONX,2023,3,1785.0700000000002,0.42,326.93,0.0,0.0,13.24,5.39
124,MIXED-USE,BRONX,2023,4,1013.4300000000001,0.24,174.84000000000006,0.0,0.0,6.68,-5.11
124,MIXED-USE,BRONX,2023,5,994.6800000000001,0.23,176.06,0.0,0.0,11.89,-11.91
124,MIXED-USE,BRONX,2023,6,2585.0499999999997,0.6,412.22,0.0,0.0,11.59,137.55
124,MIXED-USE,BRONX,2023,7,1481.2900000000002,0.35,240.07000000000002,0.0,0.0,8.3,23.44
124,MIXED-USE,BRONX,2023,8,2021.6299999999997,0.47,337.3400000000001,0.0,0.0,8.2,29.0
124,MIXED-USE,BRONX,2023,9,1317.22,0.31,233.33,0.0,0.0,9.32,0.67
124,MIXED-USE,BRONX,2023,10,811.54,0.19,135.99,0.0,0.0,8.47,-37.73
124,MIXED-USE,BRONX,2023,11,1200.74,0.28,206.16,0.0,0.0,9.87,-29.88
124,MIXED-USE,BRONX,2023,12,1577.01,0.37,289.18,0.0,0.0,10.28,7.67
124,MIXED-USE,BRONX,2024,1,1279.1799999999998,0.3,226.92000000000002,0.0,0.0,7.77,-11.2
124,MIXED-USE,BRONX,2024,2,1147.68,0.27,192.41,0.0,0.0,8.91,9.91
124,MIXED-USE,BRONX,2024,3,1048.3,0.24,172.05,0.0,0.0,6.92,-41.27
124,MIXED-USE,BRONX,2024,4,1004.1199999999999,0.23,184.00000000000003,0.0,0.0,8.09,-0.92
124,MIXED-USE,BRONX,2024,5,976.63,0.23,180.60000000000002,0.0,0.0,12.14,-1.81
124,MIXED-USE,BRONX,2024,6,1339.9799999999998,0.31,223.99,0.0,0.0,9.04,-48.16
124,MIXED-USE,BRONX,2024,7,1207.6999999999998,0.28,202.73,0.0,0.0,11.73,-18.47
124,MIXED-USE,BRONX,2024,8,1724.8600000000001,0.4,297.61,0.0,0.0,10.14,-14.68
124,MIXED-USE,BRONX,2024,9,757.84,0.18,134.49,0.0,0.0,9.99,-42.47
124,MIXED-USE,BRONX,2024,10,1078.7,0.25,169.04,0.0,0.0,9.16,32.92
124,MIXED-USE,BRONX,2024,11,1451.89,0.34,255.63000000000002,0.0,0.0,10.31,20.92
124,MIXED-USE,BRONX,2024,12,1358.15,0.32,233.78,0.0,0.0,8.67,-13.88
125,INDUSTRIAL,MANHATTAN,2022,1,2431.83,0.57,408.79,0.0,0.0,0.0,
125,INDUSTRIAL,MANHATTAN,2022,2,2235.1099999999997,0.52,378.65000000000003,0.0,0.0,0.0,
125,INDUSTRIAL,MANHATTAN,2022,3,3562.3900000000003,0.83,608.74,0.0,0.0,0.0,
125,INDUSTRIAL,MANHATTAN,2022,4,2418.3700000000003,0.56,401.03,0.0,0.0,0.0,
125,INDUSTRIAL,MANHATTAN,2022,5,1928.5099999999998,0.45,296.03999999999996,0.0,0.0,0.0,
125,INDUSTRIAL,MANHATTAN,2022,6,2295.9700000000003,0.53,360.06000000000006,0.0,0.0,0.0,
125,INDUSTRIAL,MANHATTAN,2022,7,2070.76,0.48,330.9,0.0,0.0,0.0,
125,INDUSTRIAL,MANHATTAN,2022,8,3112.36,0.73,529.9100000000001,0.0,0.0,0.0,
125,INDUSTRIAL,MANHATTAN,2022,9,2814.0900000000006,0.66,454.9,0.0,0.0,0.0,
125,INDUSTRIAL,MANHATTAN,2022,10,2254.98,0.53,381.45,0.0,0.0,0.0,
125,INDUSTRIAL,MANHATTAN,2022,11,3918.8,0.91,633.4200000000001,0.0,0.0,0.0,
125,INDUSTRIAL,MANHATTAN,2022,12,3319.0,0.77,572.25,0.0,0.0,0.0,
125,INDUSTRIAL,MANHATTAN,2023,1,2503.7,0.58,429.5200000000001,0.0,0.0,0.0,2.96
125,INDUSTRIAL,MANHATTAN,2023,2,2022.04,0.47,357.74,0.0,0.0,0.0,-9.53
125,INDUSTRIAL,MANHATTAN,2023,3,3113.16,0.73,527.1,0.0,0.0,0.0,-12.61
125,INDUSTRIAL,MANHATTAN,2023,4,1931.74,0.45,334.2,0.0,0.0,0.0,-20.12
125,INDUSTRIAL,MANHATTAN,2023,5,2085.27,0.49,342.90999999999997,0.0,0.0,0.0,8.13
125,INDUSTRIAL,MANHATTAN,2023,6,5264.030000000001,1.23,833.7600000000001,0.0,0.0,0.0,129.27
125,INDUSTRIAL,MANHATTAN,2023,7,3098.24,0.72,560.1400000000001,0.0,0.0,0.0,49.62
125,INDUSTRIAL,MANHATTAN,2023,8,4340.28,1.01,738.9599999999999,0.0,0.0,0.0,39.45
125,INDUSTRIAL,MANHATTAN,2023,9,2550.4,0.59,417.56000000000006,0.0,0.0,0.0,-9.37
125,INDUSTRIAL,MANHATTAN,2023,10,1955.9300000000003,0.46,314.95000000000005,0.0,0.0,0.0,-13.26
125,INDUSTRIAL,MANHATTAN,2023,11,2282.7700000000004,0.53,384.26,0.0,0.0,0.0,-41.75
125,INDUSTRIAL,MANHATTAN,2023,12,3116.4900000000002,0.73,554.3499999999999,0.0,0.0,0.0,-6.1
125,INDUSTRIAL,MANHATTAN,2024,1,2773.29,0.65,464.78,0.0,0.0,0.0,10.77
125,INDUSTRIAL,MANHATTAN,2024,2,2711.97,0.63,453.82,0.0,0.0,0.0,34.12
125,INDUSTRIAL,MANHATTAN,2024,3,2276.29,0.53,386.68000000000006,0.0,0.0,0.0,-26.88
125,INDUSTRIAL,MANHATTAN,2024,4,1996.73,0.47,322.43,0.0,0.0,0.0,3.36
125,INDUSTRIAL,MANHATTAN,2024,5,2471.6299999999997,0.58,443.43999999999994,0.0,0.0,0.0,18.53
125,INDUSTRIAL,MANHATTAN,2024,6,2693.69,0.63,480.01,0.0,0.0,0.0,-48.83
125,INDUSTRIAL,MANHATTAN,2024,7,2737.0199999999995,0.64,440.7499999999999,0.0,0.0,0.0,-11.66
125,INDUSTRIAL,MANHATTAN,2024,8,2877.9700000000003,0.67,499.89000000000004,0.0,0.0,0.0,-33.69
125,INDUSTRIAL,MANHATTAN,2024,9,1817.33,0.42,318.94,0.0,0.0,0.0,-28.74
125,INDUSTRIAL,MANHATTAN,2024,10,2326.0899999999997,0.54,388.74,0.0,0.0,0.0,18.93
125,INDUSTRIAL,MANHATTAN,2024,11,3381.76,0.79,603.7800000000001,0.0,0.0,0.0,48.14
125,INDUSTRIAL,MANHATTAN,2024,12,2709.1100000000006,0.63,462.05000000000007,0.0,0.0,0.0,-13.07
126,GOVERNMENT,BROOKLYN,2022,1,190.77,0.04,32.959999999999994,0.0,0.0,0.0,
126,GOVERNMENT,BROOKLYN,2022,2,132.23000000000002,0.03,22.419999999999995,0.0,0.0,0.0,
126,GOVERNMENT,BROOKLYN,2022,3,251.57999999999998,0.06,43.06,0.0,0.0,0.0,
126,GOVERNMENT,BROOKLYN,2022,4,168.33999999999995,0.04,28.669999999999998,0.0,0.0,0.0,
126,GOVERNMENT,BROOKLYN,2022,5,122.84,0.03,21.34,0.0,0.0,0.0,
126,GOVERNMENT,BROOKLYN,2022,6,181.07,0.04,31.659999999999997,0.0,0.0,0.0,
126,GOVERNMENT,BROOKLYN,2022,7,157.06,0.04,24.46,0.0,0.0,0.0,
126,GOVERNMENT,BROOKLYN,2022,8,191.54000000000002,0.04,30.189999999999994,0.0,0.0,0.0,
126,GOVERNMENT,BROOKLYN,2022,9,180.18,0.04,32.39,0.0,0.0,0.0,
126,GOVERNMENT,BROOKLYN,2022,10,236.61,0.06,40.410000000000004,0.0,0.0,0.0,
126,GOVERNMENT,BROOKLYN,2022,11,240.14999999999998,0.06,40.11,0.0,0.0,0.0,
126,GOVERNMENT,BROOKLYN,2022,12,211.51,0.05,36.71999999999999,0.0,0.0,0.0,
126,GOVERNMENT,BROOKLYN,2023,1,145.7,0.03,24.029999999999998,0.0,0.0,0.0,-23.63
126,GOVERNMENT,BROOKLYN,2023,2,135.27,0.03,22.769999999999996,0.0,0.0,0.0,2.3
126,GOVERNMENT,BROOKLYN,2023,3,261.48,0.06,44.760000000000005,0.0,0.0,0.0,3.94
126,GOVERNMENT,BROOKLYN,2023,4,152.54,0.04,23.980000000000004,0.0,0.0,0.0,-9.39
126,GOVERNMENT,BROOKLYN,2023,5,114.32,0.03,19.15,0.0,0.0,0.0,-6.94
126,GOVERNMENT,BROOKLYN,2023,6,329.25999999999993,0.08,56.769999999999996,0.0,0.0,0.0,81.84
126,GOVERNMENT,BROOKLYN,2023,7,240.01999999999998,0.06,41.24,0.0,0.0,0.0,52.82
126,GOVERNMENT,BROOKLYN,2023,8,291.89,0.07,50.48,0.0,0.0,0.0,52.39
126,GOVERNMENT,BROOKLYN,2023,9,166.97000000000003,0.04,29.479999999999993,0.0,0.0,0.0,-7.33
126,GOVERNMENT,BROOKLYN,2023,10,109.55,0.03,17.7,0.0,0.0,0.0,-53.7
126,GOVERNMENT,BROOKLYN,2023,11,115.03,0.03,18.67,0.0,0.0,0.0,-52.1
126,GOVERNMENT,BROOKLYN,2023,12,229.87,0.05,39.06,0.0,0.0,0.0,8.68
126,GOVERNMENT,BROOKLYN,2024,1,154.43,0.04,27.05,0.0,0.0,0.0,5.99
126,GOVERNMENT,BROOKLYN,2024,2,164.94000000000003,0.04,26.73,0.0,0.0,0.0,21.93
126,GOVERNMENT,BROOKLYN,2024,3,163.17,0.04,28.009999999999994,0.0,0.0,0.0,-37.6
126,GOVERNMENT,BROOKLYN,2024,4,157.74,0.04,28.079999999999995,0.0,0.0,0.0,3.41
126,GOVERNMENT,BROOKLYN,2024,5,147.25000000000003,0.03,23.439999999999998,0.0,0.0,0.0,28.81
126,GOVERNMENT,BROOKLYN,2024,6,168.84000000000003,0.04,31.399999999999995,0.0,0.0,0.0,-48.72
126,GOVERNMENT,BROOKLYN,2024,7,194.32,0.05,31.14,0.0,0.0,0.0,-19.04
126,GOVERNMENT,BROOKLYN,2024,8,212.27,0.05,32.06,0.0,0.0,0.0,-27.28
126,GOVERNMENT,BROOKLYN,2024,9,120.85,0.03,19.03,0.0,0.0,0.0,-27.62
126,GOVERNMENT,BROOKLYN,2024,10,153.9,0.04,26.879999999999995,0.0,0.0,0.0,40.48
126,GOVERNMENT,BROOKLYN,2024,11,218.15000000000003,0.05,37.95,0.0,0.0,0.0,89.65
126,GOVERNMENT,BROOKLYN,2024,12,185.42,0.04,28.799999999999997,0.0,0.0,0.0,-19.34
127,RESIDENTIAL HIGH-RISE,STATEN ISLAND,2022,1,706.67,0.16,109.28,0.0,0.0,10.94,
127,RESIDENTIAL HIGH-RISE,STATEN ISLAND,2022,2,842.36,0.2,141.76999999999998,0.0,0.0,7.55,
127,RESIDENTIAL HIGH-RISE,STATEN ISLAND,2022,3,1222.43,0.28,217.93999999999994,0.0,0.0,8.45,
127,RESIDENTIAL HIGH-RISE,STATEN ISLAND,2022,4,746.99,0.17,126.12000000000002,0.0,0.0,10.17,
127,RESIDENTIAL HIGH-RISE,STATEN ISLAND,2022,5,570.34,0.13,91.84,0.0,0.0,8.58,
127,RESIDENTIAL HIGH-RISE,STATEN ISLAND,2022,6,834.6199999999999,0.19,145.0,0.0,0.0,10.51,
127,RESIDENTIAL HIGH-RISE,STATEN ISLAND,2022,7,881.31,0.21,143.56,0.0,0.0,11.02,
127,RESIDENTIAL HIGH-RISE,STATEN ISLAND,2022,8,1160.1100000000001,0.27,187.86,0.0,0.0,8.63,
127,RESIDENTIAL HIGH-RISE,STATEN ISLAND,2022,9,850.87,0.2,138.85999999999999,0.0,0.0,11.5,
127,RESIDENTIAL HIGH-RISE,STATEN ISLAND,2022,10,971.1499999999999,0.23,168.52000000000004,0.0,0.0,9.52,
127,RESIDENTIAL HIGH-RISE,STATEN ISLAND,2022,11,1048.52,0.24,176.87999999999997,0.0,0.0,8.26,
127,RESIDENTIAL HIGH-RISE,STATEN ISLAND,2022,12,1075.82,0.25,167.29000000000002,0.0,0.0,9.86,
127,RESIDENTIAL HIGH-RISE,STATEN ISLAND,2023,1,881.02,0.21,148.65,0.0,0.0,8.78,24.67
127,RESIDENTIAL HIGH-RISE,STATEN ISLAND,2023,2,788.7100000000002,0.18,135.32999999999998,0.0,0.0,7.65,-6.37
127,RESIDENTIAL HIGH-RISE,STATEN ISLAND,2023,3,1186.71,0.28,194.35999999999999,0.0,0.0,9.29,-2.92
127,RESIDENTIAL HIGH-RISE,STATEN ISLAND,2023,4,621.15,0.14,93.33,0.0,0.0,9.68,-16.85
127,RESIDENTIAL HIGH-RISE,STATEN ISLAND,2023,5,778.9499999999999,0.18,138.92000000000002,0.0,0.0,6.82,36.58
127,RESIDENTIAL HIGH-RISE,STATEN ISLAND,2023,6,1633.5199999999998,0.38,260.17,0.0,0.0,12.99,95.72
127,RESIDENTIAL HIGH-RISE,STATEN ISLAND,2023,7,1185.63,0.28,190.13,0.0,0.0,9.0,34.53
127,RESIDENTIAL HIGH-RISE,STATEN ISLAND,2023,8,1297.7699999999998,0.3,225.70000000000002,0.0,0.0,10.63,11.87
127,RESIDENTIAL HIGH-RISE,STATEN ISLAND,2023,9,765.69,0.18,131.70999999999998,0.0,0.0,9.28,-10.01
127,RESIDENTIAL HIGH-RISE,STATEN ISLAND,2023,10,554.3100000000001,0.13,94.85000000000001,0.0,0.0,11.6,-42.92
127,RESIDENTIAL HIGH-RISE,STATEN ISLAND,2023,11,728.85,0.17,130.67000000000002,0.0,0.0,12.41,-30.49
127,RESIDENTIAL HIGH-RISE,STATEN ISLAND,2023,12,995.4000000000001,0.23,165.5,0.0,0.0,11.72,-7.48
127,RESIDENTIAL HIGH-RISE,STATEN ISLAND,2024,1,873.8900000000001,0.2,159.57000000000002,0.0,0.0,10.49,-0.81
127,RESIDENTIAL HIGH-RISE,STATEN ISLAND,2024,2,924.8399999999999,0.22,163.46,0.0,0.0,8.33,17.26
127,RESIDENTIAL HIGH-RISE,STATEN ISLAND,2024,3,794.54,0.19,127.64999999999999,0.0,0.0,10.59,-33.05
127,RESIDENTIAL HIGH-RISE,STATEN ISLAND,2024,4,752.0300000000001,0.18,128.73,0.0,0.0,9.58,21.07
127,RESIDENTIAL HIGH-RISE,STATEN ISLAND,2024,5,695.21,0.16,128.5,0.0,0.0,10.65,-10.75
127,RESIDENTIAL HIGH-RISE,STATEN ISLAND,2024,6,891.9499999999999,0.21,135.19000000000003,0.0,0.0,11.58,-45.4
127,RESIDENTIAL HIGH-RISE,STATEN ISLAND,2024,7,954.22,0.22,172.76,0.0,0.0,9.66,-19.52
127,RESIDENTIAL HIGH-RISE,STATEN ISLAND,2024,8,1001.87,0.23,178.96999999999997,0.0,0.0,10.73,-22.8
127,RESIDENTIAL HIGH-RISE,STATEN ISLAND,2024,9,505.23,0.12,80.28,0.0,0.0,7.36,-34.02
127,RESIDENTIAL HIGH-RISE,STATEN ISLAND,2024,10,720.24,0.17,124.06,0.0,0.0,11.31,29.93
127,RESIDENTIAL HIGH-RISE,STATEN ISLAND,2024,11,1015.7,0.24,167.54999999999998,0.0,0.0,9.88,39.36
127,RESIDENTIAL HIGH-RISE,STATEN ISLAND,2024,12,895.1299999999999,0.21,157.6,0.0,0.0,7.15,-10.07
128,INDUSTRIAL,QUEENS,2022,1,2912.7699999999995,0.68,492.3199999999998,0.0,0.0,0.0,
128,INDUSTRIAL,QUEENS,2022,2,2293.0699999999997,0.53,359.19000000000005,0.0,0.0,0.0,
128,INDUSTRIAL,QUEENS,2022,3,3550.1199999999994,0.83,653.1600000000002,0.0,0.0,0.0,
128,INDUSTRIAL,QUEENS,2022,4,2583.0800000000004,0.6,430.31,0.0,0.0,0.0,
128,INDUSTRIAL,QUEENS,2022,5,1870.6900000000003,0.44,322.73999999999995,0.0,0.0,0.0,
128,INDUSTRIAL,QUEENS,2022,6,2306.7200000000003,0.54,401.71000000000004,0.0,0.0,0.0,
128,INDUSTRIAL,QUEENS,2022,7,2065.8,0.48,339.67,0.0,0.0,0.0,
128,INDUSTRIAL,QUEENS,2022,8,3067.1400000000003,0.71,548.41,0.0,0.0,0.0,
128,INDUSTRIAL,QUEENS,2022,9,2629.2,0.61,428.53000000000003,0.0,0.0,0.0,
128,INDUSTRIAL,QUEENS,2022,10,2860.6600000000003,0.67,504.47999999999996,0.0,0.0,0.0,
128,INDUSTRIAL,QUEENS,2022,11,3931.6999999999994,0.92,674.0999999999999,0.0,0.0,0.0,
128,INDUSTRIAL,QUEENS,2022,12,3452.8599999999997,0.8,546.97,0.0,0.0,0.0,
128,INDUSTRIAL,QUEENS,2023,1,2626.9800000000005,0.61,442.25,0.0,0.0,0.0,-9.81
128,INDUSTRIAL,QUEENS,2023,2,2132.46,0.5,351.9,0.0,0.0,0.0,-7.0
128,INDUSTRIAL,QUEENS,2023,3,3693.0800000000004,0.86,643.2400000000001,0.0,0.0,0.0,4.03
128,INDUSTRIAL,QUEENS,2023,4,1844.33,0.43,313.62000000000006,0.0,0.0,0.0,-28.6
128,INDUSTRIAL,QUEENS,2023,5,1890.6500000000003,0.44,322.34999999999997,0.0,0.0,0.0,1.07
128,INDUSTRIAL,QUEENS,2023,6,4666.610000000001,1.09,816.0500000000001,0.0,0.0,0.0,102.31
128,INDUSTRIAL,QUEENS,2023,7,2753.3799999999997,0.64,499.05,0.0,0.0,0.0,33.28
128,INDUSTRIAL,QUEENS,2023,8,3805.36,0.89,603.1199999999999,0.0,0.0,0.0,24.07
128,INDUSTRIAL,QUEENS,2023,9,2112.69,0.49,371.99,0.0,0.0,0.0,-19.65
128,INDUSTRIAL,QUEENS,2023,10,1897.5699999999997,0.44,336.57,0.0,0.0,0.0,-33.67
128,INDUSTRIAL,QUEENS,2023,11,2181.97,0.51,366.64,0.0,0.0,0.0,-44.5
128,INDUSTRIAL,QUEENS,2023,12,3245.84,0.76,558.59,0.0,0.0,0.0,-6.0
128,INDUSTRIAL,QUEENS,2024,1,2143.2200000000003,0.5,352.9200000000001,0.0,0.0,0.0,-18.42
128,INDUSTRIAL,QUEENS,2024,2,2044.23,0.48,327.38,0.0,0.0,0.0,-4.14
128,INDUSTRIAL,QUEENS,2024,3,1904.5299999999997,0.44,312.26,0.0,0.0,0.0,-48.43
128,INDUSTRIAL,QUEENS,2024,4,1804.12,0.42,302.68,0.0,0.0,0.0,-2.18
128,INDUSTRIAL,QUEENS,2024,5,2295.36,0.53,387.47,0.0,0.0,0.0,21.41
128,INDUSTRIAL,QUEENS,2024,6,2522.91,0.59,400.0599999999999,0.0,0.0,0.0,-45.94
128,INDUSTRIAL,QUEENS,2024,7,2619.6,0.61,473.49,0.0,0.0,0.0,-4.86
128,INDUSTRIAL,QUEENS,2024,8,3390.54,0.79,580.71,0.0,0.0,0.0,-10.9
128,INDUSTRIAL,QUEENS,2024,9,1825.31,0.43,306.12,0.0,0.0,0.0,-13.6
128,INDUSTRIAL,QUEENS,2024,10,2593.1099999999997,0.6,429.5,0.0,0.0,0.0,36.65
128,INDUSTRIAL,QUEENS,2024,11,2525.37,0.59,400.52,0.0,0.0,0.0,15.74
128,INDUSTRIAL,QUEENS,2024,12,2949.5800000000004,0.69,504.01,0.0,0.0,0.0,-9.13
129,MIXED-USE,BRONX,2022,1,1072.3,0.25,159.59,0.0,0.0,0.0,
129,MIXED-USE,BRONX,2022,2,812.51,0.19,138.54999999999998,0.0,0.0,0.0,
129,MIXED-USE,BRONX,2022,3,1450.46,0.34,260.45000000000005,0.0,0.0,0.0,
129,MIXED-USE,BRONX,2022,4,1060.3300000000002,0.25,177.67,0.0,0.0,0.0,
129,MIXED-USE,BRONX,2022,5,908.9200000000001,0.21,148.85,0.0,0.0,0.0,
129,MIXED-USE,BRONX,2022,6,1013.45,0.24,178.63,0.0,0.0,0.0,
129,MIXED-USE,BRONX,2022,7,1181.9799999999998,0.28,194.74,0.0,0.0,0.0,
129,MIXED-USE,BRONX,2022,8,1494.82,0.35,254.34999999999997,0.0,0.0,0.0,
129,MIXED-USE,BRONX,2022,9,990.3399999999998,0.23,158.35999999999999,0.0,0.0,0.0,
129,MIXED-USE,BRONX,2022,10,1269.44,0.3,213.59,0.0,0.0,0.0,
129,MIXED-USE,BRONX,2022,11,1350.98,0.31,220.41,0.0,0.0,0.0,
129,MIXED-USE,BRONX,2022,12,1415.2099999999998,0.33,226.45999999999998,0.0,0.0,0.0,
129,MIXED-USE,BRONX,2023,1,1155.76,0.27,195.83,0.0,0.0,0.0,7.78
129,MIXED-USE,BRONX,2023,2,886.5799999999999,0.21,145.31,0.0,0.0,0.0,9.12
129,MIXED-USE,BRONX,2023,3,1691.33,0.39,307.76,0.0,0.0,0.0,16.61
129,MIXED-USE,BRONX,2023,4,906.9899999999999,0.21,150.22,0.0,0.0,0.0,-14.46
129,MIXED-USE,BRONX,2023,5,912.7399999999999,0.21,165.0,0.0,0.0,0.0,0.42
129,MIXED-USE,BRONX,2023,6,2131.1499999999996,0.5,369.93999999999994,0.0,0.0,0.0,110.29
129,MIXED-USE,BRONX,2023,7,1261.59,0.29,214.72999999999996,0.0,0.0,0.0,6.74
129,MIXED-USE,BRONX,2023,8,1708.7699999999998,0.4,310.36000000000007,0.0,0.0,0.0,14.31
129,MIXED-USE,BRONX,2023,9,1028.71,0.24,180.68,0.0,0.0,0.0,3.87
129,MIXED-USE,BRONX,2023,10,522.21,0.12,81.41,0.0,0.0,0.0,-58.86
129,MIXED-USE,BRONX,2023,11,897.3899999999999,0.21,162.65,0.0,0.0,0.0,-33.57
129,MIXED-USE,BRONX,2023,12,1275.55,0.3,216.38000000000002,0.0,0.0,0.0,-9.87
129,MIXED-USE,BRONX,2024,1,868.9,0.2,151.21,0.0,0.0,0.0,-24.82
129,MIXED-USE,BRONX,2024,2,1112.6999999999998,0.26,202.42999999999995,0.0,0.0,0.0,25.5
129,MIXED-USE,BRONX,2024,3,807.5200000000001,0.19,128.87,0.0,0.0,0.0,-52.26
129,MIXED-USE,BRONX,2024,4,786.8599999999999,0.18,143.52,0.0,0.0,0.0,-13.24
129,MIXED-USE,BRONX,2024,5,931.66,0.22,162.60999999999999,0.0,0.0,0.0,2.07
129,MIXED-USE,BRONX,2024,6,1061.19,0.25,196.35,0.0,0.0,0.0,-50.21
129,MIXED-USE,BRONX,2024,7,1201.53,0.28,223.45999999999998,0.0,0.0,0.0,-4.76
129,MIXED-USE,BRONX,2024,8,1414.07,0.33,268.22999999999996,0.0,0.0,0.0,-17.25
129,MIXED-USE,BRONX,2024,9,719.47,0.17,112.32,0.0,0.0,0.0,-30.06
129,MIXED-USE,BRONX,2024,10,904.78,0.21,147.47,0.0,0.0,0.0,73.26
129,MIXED-USE,BRONX,2024,11,1338.84,0.31,215.15,0.0,0.0,0.0,49.19
129,MIXED-USE,BRONX,2024,12,927.66,0.22,166.0,0.0,0.0,0.0,-27.27
130,RESIDENTIAL HIGH-RISE,BROOKLYN,2022,1,751.5500000000001,0.18,135.79,0.0,0.0,0.0,
130,RESIDENTIAL HIGH-RISE,BROOKLYN,2022,2,825.72,0.19,128.44,0.0,0.0,0.0,
130,RESIDENTIAL HIGH-RISE,BROOKLYN,2022,3,1269.74,0.3,213.88,0.0,0.0,0.0,
130,RESIDENTIAL HIGH-RISE,BROOKLYN,2022,4,806.8199999999999,0.19,131.56,0.0,0.0,0.0,
130,RESIDENTIAL HIGH-RISE,BROOKLYN,2022,5,621.6100000000001,0.14,96.1,0.0,0.0,0.0,
130,RESIDENTIAL HIGH-RISE,BROOKLYN,2022,6,852.7099999999999,0.2,142.25,0.0,0.0,0.0,
130,RESIDENTIAL HIGH-RISE,BROOKLYN,2022,7,1013.1400000000001,0.24,165.07,0.0,0.0,0.0,
130,RESIDENTIAL HIGH-RISE,BROOKLYN,2022,8,1085.42,0.25,178.8,0.0,0.0,0.0,
130,RESIDENTIAL HIGH-RISE,BROOKLYN,2022,9,792.02,0.18,125.6,0.0,0.0,0.0,
130,RESIDENTIAL HIGH-RISE,BROOKLYN,2022,10,1103.74,0.26,187.54999999999998,0.0,0.0,0.0,
130,RESIDENTIAL HIGH-RISE,BROOKLYN,2022,11,1376.32,0.32,230.88000000000005,0.0,0.0,0.0,
130,RESIDENTIAL HIGH-RISE,BROOKLYN,2022,12,1104.14,0.26,185.94,0.0,0.0,0.0,
130,RESIDENTIAL HIGH-RISE,BROOKLYN,2023,1,778.26,0.18,132.85999999999999,0.0,0.0,0.0,3.55
130,RESIDENTIAL HIGH-RISE,BROOKLYN,2023,2,807.6,0.19,136.66,0.0,0.0,0.0,-2.19
130,RESIDENTIAL HIGH-RISE,BROOKLYN,2023,3,1167.67,0.27,201.99999999999997,0.0,0.0,0.0,-8.04
130,RESIDENTIAL HIGH-RISE,BROOKLYN,2023,4,764.9199999999998,0.18,127.48,0.0,0.0,0.0,-5.19
130,RESIDENTIAL HIGH-RISE,BROOKLYN,2023,5,719.9800000000001,0.17,119.39000000000001,0.0,0.0,0.0,15.83
130,RESIDENTIAL HIGH-RISE,BROOKLYN,2023,6,1890.52,0.44,326.96000000000004,0.0,0.0,0.0,121.71
130,RESIDENTIAL HIGH-RISE,BROOKLYN,2023,7,1129.6299999999999,0.26,194.11,0.0,0.0,0.0,11.5
130,RESIDENTIAL HIGH-RISE,BROOKLYN,2023,8,1393.45,0.32,229.29999999999998,0.0,0.0,0.0,28.38
130,RESIDENTIAL HIGH-RISE,BROOKLYN,2023,9,825.6000000000001,0.19,137.1,0.0,0.0,0.0,4.24
130,RESIDENTIAL HIGH-RISE,BROOKLYN,2023,10,546.7900000000001,0.13,93.27,0.0,0.0,0.0,-50.46
130,RESIDENTIAL HIGH-RISE,BROOKLYN,2023,11,789.73,0.18,124.64999999999999,0.0,0.0,0.0,-42.62
130,RESIDENTIAL HIGH-RISE,BROOKLYN,2023,12,968.8400000000001,0.23,169.04,0.0,0.0,0.0,-12.25
130,RESIDENTIAL HIGH-RISE,BROOKLYN,2024,1,902.96,0.21,143.2,0.0,0.0,0.0,16.02
130,RESIDENTIAL HIGH-RISE,BROOKLYN,2024,2,1021.7099999999999,0.24,156.81,0.0,0.0,0.0,26.51
130,RESIDENTIAL HIGH-RISE,BROOKLYN,2024,3,606.85,0.14,107.43,0.0,0.0,0.0,-48.03
130,RESIDENTIAL HIGH-RISE,BROOKLYN,2024,4,753.96,0.18,126.82,0.0,0.0,0.0,-1.43
130,RESIDENTIAL HIGH-RISE,BROOKLYN,2024,5,668.83,0.16,108.28999999999999,0.0,0.0,0.0,-7.1
130,RESIDENTIAL HIGH-RISE,BROOKLYN,2024,6,1019.56,0.24,181.51999999999998,0.0,0.0,0.0,-46.07
130,RESIDENTIAL HIGH-RISE,BROOKLYN,2024,7,865.6299999999998,0.2,144.51,0.0,0.0,0.0,-23.37
130,RESIDENTIAL HIGH-RISE,BROOKLYN,2024,8,1009.21,0.24,157.13,0.0,0.0,0.0,-27.57
130,RESIDENTIAL HIGH-RISE,BROOKLYN,2024,9,583.97,0.14,91.91999999999999,0.0,0.0,0.0,-29.27
130,RESIDENTIAL HIGH-RISE,BROOKLYN,2024,10,723.79,0.17,117.28999999999999,0.0,0.0,0.0,32.37
130,RESIDENTIAL HIGH-RISE,BROOKLYN,2024,11,919.5499999999998,0.21,168.62999999999997,0.0,0.0,0.0,16.44
130,RESIDENTIAL HIGH-RISE,BROOKLYN,2024,12,956.3000000000001,0.22,171.60000000000002,0.0,0.0,0.0,-1.29
131,GOVERNMENT,MANHATTAN,2022,1,923.4200000000001,0.22,145.74,0.0,0.0,0.0,
131,GOVERNMENT,MANHATTAN,2022,2,888.26,0.21,134.14999999999998,0.0,0.0,0.0,
131,GOVERNMENT,MANHATTAN,2022,3,1219.1899999999998,0.28,200.04000000000002,0.0,0.0,0.0,
131,GOVERNMENT,MANHATTAN,2022,4,941.3799999999999,0.22,159.77999999999997,0.0,0.0,0.0,
131,GOVERNMENT,MANHATTAN,2022,5,646.08,0.15,105.46,0.0,0.0,0.0,
131,GOVERNMENT,MANHATTAN,2022,6,898.06,0.21,160.90999999999997,0.0,0.0,0.0,
131,GOVERNMENT,MANHATTAN,2022,7,937.8599999999999,0.22,164.07,0.0,0.0,0.0,
131,GOVERNMENT,MANHATTAN,2022,8,1259.21,0.29,228.99,0.0,0.0,0.0,
131,GOVERNMENT,MANHATTAN,2022,9,935.5600000000001,0.22,157.08999999999997,0.0,0.0,0.0,
131,GOVERNMENT,MANHATTAN,2022,10,1163.82,0.27,187.49999999999997,0.0,0.0,0.0,
131,GOVERNMENT,MANHATTAN,2022,11,1356.2999999999997,0.32,234.81000000000003,0.0,0.0,0.0,
131,GOVERNMENT,MANHATTAN,2022,12,1278.58,0.3,240.22,0.0,0.0,0.0,
131,GOVERNMENT,MANHATTAN,2023,1,839.35,0.2,143.14000000000001,0.0,0.0,0.0,-9.1
131,GOVERNMENT,MANHATTAN,2023,2,702.9899999999999,0.16,109.64,0.0,0.0,0.0,-20.86
131,GOVERNMENT,MANHATTAN,2023,3,1157.66,0.27,201.54,0.0,0.0,0.0,-5.05
131,GOVERNMENT,MANHATTAN,2023,4,679.06,0.16,122.33000000000001,0.0,0.0,0.0,-27.87
131,GOVERNMENT,MANHATTAN,2023,5,691.46,0.16,119.84,0.0,0.0,0.0,7.02
131,GOVERNMENT,MANHATTAN,2023,6,1862.75,0.43,316.20000000000005,0.0,0.0,0.0,107.42
131,GOVERNMENT,MANHATTAN,2023,7,1233.6,0.29,196.51999999999998,0.0,0.0,0.0,31.53
131,GOVERNMENT,MANHATTAN,2023,8,1196.55,0.28,203.29999999999998,0.0,0.0,0.0,-4.98
131,GOVERNMENT,MANHATTAN,2023,9,981.6800000000001,0.23,168.73,0.0,0.0,0.0,4.93
131,GOVERNMENT,MANHATTAN,2023,10,659.8100000000001,0.15,115.27,0.0,0.0,0.0,-43.31
131,GOVERNMENT,MANHATTAN,2023,11,825.2700000000001,0.19,142.54,0.0,0.0,0.0,-39.15
131,GOVERNMENT,MANHATTAN,2023,12,1021.35,0.24,183.33999999999997,0.0,0.0,0.0,-20.12
131,GOVERNMENT,MANHATTAN,2024,1,994.64,0.23,179.32000000000002,0.0,0.0,0.0,18.5
131,GOVERNMENT,MANHATTAN,2024,2,903.2500000000001,0.21,155.73000000000002,0.0,0.0,0.0,28.49
131,GOVERNMENT,MANHATTAN,2024,3,885.07,0.21,161.67,0.0,0.0,0.0,-23.55
131,GOVERNMENT,MANHATTAN,2024,4,728.1099999999999,0.17,112.19999999999999,0.0,0.0,0.0,7.22
131,GOVERNMENT,MANHATTAN,2024,5,926.5999999999999,0.22,146.09,0.0,0.0,0.0,34.01
131,GOVERNMENT,MANHATTAN,2024,6,951.9299999999998,0.22,153.39000000000001,0.0,0.0,0.0,-48.9
131,GOVERNMENT,MANHATTAN,2024,7,845.3,0.2,136.97,0.0,0.0,0.0,-31.48
131,GOVERNMENT,MANHATTAN,2024,8,1259.7200000000003,0.29,208.29,0.0,0.0,0.0,5.28
131,GOVERNMENT,MANHATTAN,2024,9,690.64,0.16,122.08000000000001,0.0,0.0,0.0,-29.65
131,GOVERNMENT,MANHATTAN,2024,10,915.9099999999999,0.21,156.92000000000002,0.0,0.0,0.0,38.81
131,GOVERNMENT,MANHATTAN,2024,11,956.04,0.22,165.56,0.0,0.0,0.0,15.85
131,GOVERNMENT,MANHATTAN,2024,12,796.32,0.19,130.17,0.0,0.0,0.0,-22.03
132,RESIDENTIAL HIGH-RISE,QUEENS,2022,1,582.2199999999999,0.14,114.10000000000001,0.0,0.0,0.0,
132,RESIDENTIAL HIGH-RISE,QUEENS,2022,2,434.62999999999994,0.1,66.56,0.0,0.0,0.0,
132,RESIDENTIAL HIGH-RISE,QUEENS,2022,3,718.5699999999999,0.17,120.54999999999998,0.0,0.0,0.0,
132,RESIDENTIAL HIGH-RISE,QUEENS,2022,4,489.43000000000006,0.11,84.89999999999998,0.0,0.0,0.0,
132,RESIDENTIAL HIGH-RISE,QUEENS,2022,5,375.90999999999997,0.09,64.47,0.0,0.0,0.0,
132,RESIDENTIAL HIGH-RISE,QUEENS,2022,6,418.95,0.1,70.77,0.0,0.0,0.0,
132,RESIDENTIAL HIGH-RISE,QUEENS,2022,7,592.15,0.14,107.66999999999999,0.0,0.0,0.0,
132,RESIDENTIAL HIGH-RISE,QUEENS,2022,8,577.55,0.13,105.53,0.0,0.0,0.0,
132,RESIDENTIAL HIGH-RISE,QUEENS,2022,9,500.48,0.12,89.99000000000001,0.0,0.0,0.0,
132,RESIDENTIAL HIGH-RISE,QUEENS,2022,10,628.3,0.15,104.04,0.0,0.0,0.0,
132,RESIDENTIAL HIGH-RISE,QUEENS,2022,11,710.7700000000001,0.17,117.40999999999998,0.0,0.0,0.0,
132,RESIDENTIAL HIGH-RISE,QUEENS,2022,12,655.7999999999998,0.15,117.89000000000001,0.0,0.0,0.0,
132,RESIDENTIAL HIGH-RISE,QUEENS,2023,1,507.73,0.12,89.22000000000001,0.0,0.0,0.0,-12.79
132,RESIDENTIAL HIGH-RISE,QUEENS,2023,2,398.17999999999995,0.09,72.13,0.0,0.0,0.0,-8.39
132,RESIDENTIAL HIGH-RISE,QUEENS,2023,3,691.1499999999999,0.16,122.87999999999998,0.0,0.0,0.0,-3.82
132,RESIDENTIAL HIGH-RISE,QUEENS,2023,4,436.39,0.1,82.61,0.0,0.0,0.0,-10.84
132,RESIDENTIAL HIGH-RISE,QUEENS,2023,5,444.94999999999993,0.1,72.47,0.0,0.0,0.0,18.37
132,RESIDENTIAL HIGH-RISE,QUEENS,2023,6,1065.26,0.25,174.91,0.0,0.0,0.0,154.27
132,RESIDENTIAL HIGH-RISE,QUEENS,2023,7,648.9899999999999,0.15,110.02,0.0,0.0,0.0,9.6
132,RESIDENTIAL HIGH-RISE,QUEENS,2023,8,764.8,0.18,140.38,0.0,0.0,0.0,32.42
132,RESIDENTIAL HIGH-RISE,QUEENS,2023,9,430.58,0.1,72.86000000000001,0.0,0.0,0.0,-13.97
132,RESIDENTIAL HIGH-RISE,QUEENS,2023,10,365.38000000000005,0.09,60.1,0.0,0.0,0.0,-41.85
132,RESIDENTIAL HIGH-RISE,QUEENS,2023,11,451.91,0.11,76.42,0.0,0.0,0.0,-36.42
132,RESIDENTIAL HIGH-RISE,QUEENS,2023,12,531.42,0.12,81.89000000000001,0.0,0.0,0.0,-18.97
132,RESIDENTIAL HIGH-RISE,QUEENS,2024,1,413.15000000000003,0.1,61.25999999999999,0.0,0.0,0.0,-18.63
132,RESIDENTIAL HIGH-RISE,QUEENS,2024,2,542.77,0.13,92.04,0.0,0.0,0.0,36.31
132,RESIDENTIAL HIGH-RISE,QUEENS,2024,3,332.1,0.08,61.56,0.0,0.0,0.0,-51.95
132,RESIDENTIAL HIGH-RISE,QUEENS,2024,4,353.65999999999997,0.08,63.08,0.0,0.0,0.0,-18.96
132,RESIDENTIAL HIGH-RISE,QUEENS,2024,5,470.16999999999996,0.11,79.87,0.0,0.0,0.0,5.67
132,RESIDENTIAL HIGH-RISE,QUEENS,2024,6,526.0,0.12,83.62000000000002,0.0,0.0,0.0,-50.62
132,RESIDENTIAL HIGH-RISE,QUEENS,2024,7,544.0300000000001,0.13,95.38000000000001,0.0,0.0,0.0,-16.17
132,RESIDENTIAL HIGH-RISE,QUEENS,2024,8,678.67,0.16,124.50000000000001,0.0,0.0,0.0,-11.26
132,RESIDENTIAL HIGH-RISE,QUEENS,2024,9,384.99,0.09,62.78999999999999,0.0,0.0,0.0,-10.59
132,RESIDENTIAL HIGH-RISE,QUEENS,2024,10,492.86000000000007,0.11,76.17,0.0,0.0,0.0,34.89
132,RESIDENTIAL HIGH-RISE,QUEENS,2024,11,620.1999999999999,0.14,105.05000000000001,0.0,0.0,0.0,37.24
132,RESIDENTIAL HIGH-RISE,QUEENS,2024,12,483.68000000000006,0.11,79.71000000000001,0.0,0.0,0.0,-8.98
133,GOVERNMENT,BROOKLYN,2022,1,121.49000000000001,0.03,20.6,0.0,0.0,0.0,
133,GOVERNMENT,BROOKLYN,2022,2,114.97000000000001,0.03,19.669999999999998,0.0,0.0,0.0,
133,GOVERNMENT,BROOKLYN,2022,3,157.21,0.04,26.22,0.0,0.0,0.0,
133,GOVERNMENT,BROOKLYN,2022,4,98.79999999999998,0.02,18.049999999999997,0.0,0.0,0.0,
133,GOVERNMENT,BROOKLYN,2022,5,88.10000000000001,0.02,14.520000000000001,0.0,0.0,0.0,
133,GOVERNMENT,BROOKLYN,2022,6,82.99000000000001,0.02,14.999999999999996,0.0,0.0,0.0,
133,GOVERNMENT,BROOKLYN,2022,7,124.17999999999999,0.03,19.97,0.0,0.0,0.0,
133,GOVERNMENT,BROOKLYN,2022,8,153.48999999999995,0.04,24.810000000000002,0.0,0.0,0.0,
133,GOVERNMENT,BROOKLYN,2022,9,108.1,0.03,17.209999999999997,0.0,0.0,0.0,
133,GOVERNMENT,BROOKLYN,2022,10,130.81,0.03,23.67,0.0,0.0,0.0,
133,GOVERNMENT,BROOKLYN,2022,11,169.24999999999997,0.04,30.070000000000004,0.0,0.0,0.0,
133,GOVERNMENT,BROOKLYN,2022,12,133.32000000000002,0.03,21.98,0.0,0.0,0.0,
133,GOVERNMENT,BROOKLYN,2023,1,120.78999999999999,0.03,21.970000000000002,0.0,0.0,0.0,-0.58
133,GOVERNMENT,BROOKLYN,2023,2,79.95,0.02,14.66,0.0,0.0,0.0,-30.46
133,GOVERNMENT,BROOKLYN,2023,3,155.26,0.04,24.48,0.0,0.0,0.0,-1.24
133,GOVERNMENT,BROOKLYN,2023,4,93.67000000000002,0.02,16.770000000000003,0.0,0.0,0.0,-5.19
133,GOVERNMENT,BROOKLYN,2023,5,101.72,0.02,15.88,0.0,0.0,0.0,15.46
133,GOVERNMENT,BROOKLYN,2023,6,240.91,0.06,40.35000000000001,0.0,0.0,0.0,190.29
133,GOVERNMENT,BROOKLYN,2023,7,145.22,0.03,23.550000000000004,0.0,0.0,0.0,16.94
133,GOVERNMENT,BROOKLYN,2023,8,207.80999999999997,0.05,36.74,0.0,0.0,0.0,35.39
133,GOVERNMENT,BROOKLYN,2023,9,115.78999999999999,0.03,20.44,0.0,0.0,0.0,7.11
133,GOVERNMENT,BROOKLYN,2023,10,84.36000000000001,0.02,15.599999999999998,0.0,0.0,0.0,-35.51
133,GOVERNMENT,BROOKLYN,2023,11,104.51,0.02,18.27,0.0,0.0,0.0,-38.25
133,GOVERNMENT,BROOKLYN,2023,12,123.72999999999999,0.03,19.070000000000004,0.0,0.0,0.0,-7.19
133,GOVERNMENT,BROOKLYN,2024,1,103.5,0.02,17.880000000000003,0.0,0.0,0.0,-14.31
133,GOVERNMENT,BROOKLYN,2024,2,126.99,0.03,20.74,0.0,0.0,0.0,58.84
133,GOVERNMENT,BROOKLYN,2024,3,100.26000000000002,0.02,16.919999999999998,0.0,0.0,0.0,-35.42
133,GOVERNMENT,BROOKLYN,2024,4,88.16999999999999,0.02,15.819999999999999,0.0,0.0,0.0,-5.87
133,GOVERNMENT,BROOKLYN,2024,5,107.92000000000002,0.03,18.82,0.0,0.0,0.0,6.1
133,GOVERNMENT,BROOKLYN,2024,6,116.12,0.03,21.580000000000005,0.0,0.0,0.0,-51.8
133,GOVERNMENT,BROOKLYN,2024,7,129.7,0.03,22.620000000000005,0.0,0.0,0.0,-10.69
133,GOVERNMENT,BROOKLYN,2024,8,135.18,0.03,22.849999999999998,0.0,0.0,0.0,-34.95
133,GOVERNMENT,BROOKLYN,2024,9,86.66,0.02,15.879999999999999,0.0,0.0,0.0,-25.16
133,GOVERNMENT,BROOKLYN,2024,10,103.46,0.02,18.41,0.0,0.0,0.0,22.64
133,GOVERNMENT,BROOKLYN,2024,11,98.54999999999998,0.02,16.98,0.0,0.0,0.0,-5.7
133,GOVERNMENT,BROOKLYN,2024,12,105.06,0.02,17.35,0.0,0.0,0.0,-15.09
134,MIXED-USE,BROOKLYN,2022,1,872.6000000000001,0.2,140.85999999999999,0.0,0.0,0.0,
134,MIXED-USE,BROOKLYN,2022,2,891.0600000000001,0.21,155.85,0.0,0.0,0.0,
134,MIXED-USE,BROOKLYN,2022,3,1261.6599999999999,0.29,211.07000000000002,0.0,0.0,0.0,
134,MIXED-USE,BROOKLYN,2022,4,971.1600000000001,0.23,168.53000000000003,0.0,0.0,0.0,
134,MIXED-USE,BROOKLYN,2022,5,694.4200000000001,0.16,113.93000000000002,0.0,0.0,0.0,
134,MIXED-USE,BROOKLYN,2022,6,817.24,0.19,140.59,0.0,0.0,0.0,
134,MIXED-USE,BROOKLYN,2022,7,1163.5,0.27,201.76000000000002,0.0,0.0,0.0,
134,MIXED-USE,BROOKLYN,2022,8,1142.76,0.27,175.16000000000003,0.0,0.0,0.0,
134,MIXED-USE,BROOKLYN,2022,9,864.3900000000001,0.2,146.42999999999998,0.0,0.0,0.0,
134,MIXED-USE,BROOKLYN,2022,10,1182.42,0.28,197.43000000000004,0.0,0.0,0.0,
134,MIXED-USE,BROOKLYN,2022,11,1249.32,0.29,211.73000000000002,0.0,0.0,0.0,
134,MIXED-USE,BROOKLYN,2022,12,1152.68,0.27,195.12000000000003,0.0,0.0,0.0,
134,MIXED-USE,BROOKLYN,2023,1,976.42,0.23,173.4,0.0,0.0,0.0,11.9
134,MIXED-USE,BROOKLYN,2023,2,881.1099999999999,0.21,140.39000000000001,0.0,0.0,0.0,-1.12
134,MIXED-USE,BROOKLYN,2023,3,1186.7999999999995,0.28,203.07000000000002,0.0,0.0,0.0,-5.93
134,MIXED-USE,BROOKLYN,2023,4,786.19,0.18,138.01999999999998,0.0,0.0,0.0,-19.05
134,MIXED-USE,BROOKLYN,2023,5,784.4600000000002,0.18,130.12,0.0,0.0,0.0,12.97
134,MIXED-USE,BROOKLYN,2023,6,1974.98,0.46,364.06000000000006,0.0,0.0,0.0,141.66
134,MIXED-USE,BROOKLYN,2023,7,1203.81,0.28,208.68,0.0,0.0,0.0,3.46
134,MIXED-USE,BROOKLYN,2023,8,1609.41,0.37,285.93,0.0,0.0,0.0,40.84
134,MIXED-USE,BROOKLYN,2023,9,796.93,0.19,136.83999999999997,0.0,0.0,0.0,-7.8
134,MIXED-USE,BROOKLYN,2023,10,649.1200000000001,0.15,112.95999999999998,0.0,0.0,0.0,-45.1
134,MIXED-USE,BROOKLYN,2023,11,820.0000000000001,0.19,142.70000000000002,0.0,0.0,0.0,-34.36
134,MIXED-USE,BROOKLYN,2023,12,1271.9300000000003,0.3,211.75,0.0,0.0,0.0,10.35
134,MIXED-USE,BROOKLYN,2024,1,869.1300000000001,0.2,162.01999999999998,0.0,0.0,0.0,-10.99
134,MIXED-USE,BROOKLYN,2024,2,818.25,0.19,144.7,0.0,0.0,0.0,-7.13
134,MIXED-USE,BROOKLYN,2024,3,791.8900000000001,0.18,139.37,0.0,0.0,0.0,-33.28
134,MIXED-USE,BROOKLYN,2024,4,694.93,0.16,118.21999999999998,0.0,0.0,0.0,-11.61
134,MIXED-USE,BROOKLYN,2024,5,844.5,0.2,159.6,0.0,0.0,0.0,7.65
134,MIXED-USE,BROOKLYN,2024,6,909.2300000000002,0.21,135.28,0.0,0.0,0.0,-53.96
134,MIXED-USE,BROOKLYN,2024,7,948.3399999999999,0.22,155.42,0.0,0.0,0.0,-21.22
134,MIXED-USE,BROOKLYN,2024,8,1075.8700000000001,0.25,177.43,0.0,0.0,0.0,-33.15
134,MIXED-USE,BROOKLYN,2024,9,578.64,0.13,92.65999999999998,0.0,0.0,0.0,-27.39
134,MIXED-USE,BROOKLYN,2024,10,843.61,0.2,146.4,0.0,0.0,0.0,29.96
134,MIXED-USE,BROOKLYN,2024,11,1136.3100000000002,0.26,181.74,0.0,0.0,0.0,38.57
134,MIXED-USE,BROOKLYN,2024,12,980.23,0.23,166.09,0.0,0.0,0.0,-22.93
135,RESIDENTIAL HIGH-RISE,BRONX,2022,1,230.39999999999998,0.05,40.7,0.0,0.0,0.0,
135,RESIDENTIAL HIGH-RISE,BRONX,2022,2,188.83,0.04,30.27,0.0,0.0,0.0,
135,RESIDENTIAL HIGH-RISE,BRONX,2022,3,234.98000000000002,0.05,38.49999999999999,0.0,0.0,0.0,
135,RESIDENTIAL HIGH-RISE,BRONX,2022,4,194.68,0.05,35.690000000000005,0.0,0.0,0.0,
135,RESIDENTIAL HIGH-RISE,BRONX,2022,5,126.01999999999998,0.03,21.46,0.0,0.0,0.0,
135,RESIDENTIAL HIGH-RISE,BRONX,2022,6,176.28,0.04,34.09,0.0,0.0,0.0,
135,RESIDENTIAL HIGH-RISE,BRONX,2022,7,192.7,0.04,35.15,0.0,0.0,0.0,
135,RESIDENTIAL HIGH-RISE,BRONX,2022,8,231.48000000000002,0.05,37.53,0.0,0.0,0.0,
135,RESIDENTIAL HIGH-RISE,BRONX,2022,9,212.59,0.05,38.07,0.0,0.0,0.0,
135,RESIDENTIAL HIGH-RISE,BRONX,2022,10,247.33999999999997,0.06,42.44000000000001,0.0,0.0,0.0,
135,RESIDENTIAL HIGH-RISE,BRONX,2022,11,278.67999999999995,0.06,46.82999999999999,0.0,0.0,0.0,
135,RESIDENTIAL HIGH-RISE,BRONX,2022,12,253.77,0.06,43.27,0.0,0.0,0.0,
135,RESIDENTIAL HIGH-RISE,BRONX,2023,1,170.9,0.04,30.69,0.0,0.0,0.0,-25.82
135,RESIDENTIAL HIGH-RISE,BRONX,2023,2,135.38,0.03,21.520000000000003,0.0,0.0,0.0,-28.31
135,RESIDENTIAL HIGH-RISE,BRONX,2023,3,247.23,0.06,39.18,0.0,0.0,0.0,5.21
135,RESIDENTIAL HIGH-RISE,BRONX,2023,4,153.09,0.04,27.75,0.0,0.0,0.0,-21.36
135,RESIDENTIAL HIGH-RISE,BRONX,2023,5,150.68,0.04,23.489999999999995,0.0,0.0,0.0,19.57
135,RESIDENTIAL HIGH-RISE,BRONX,2023,6,376.41999999999996,0.09,60.839999999999996,0.0,0.0,0.0,113.54
135,RESIDENTIAL HIGH-RISE,BRONX,2023,7,254.55,0.06,44.199999999999996,0.0,0.0,0.0,32.1
135,RESIDENTIAL HIGH-RISE,BRONX,2023,8,283.79,0.07,49.21,0.0,0.0,0.0,22.6
135,RESIDENTIAL HIGH-RISE,BRONX,2023,9,195.18,0.05,34.5,0.0,0.0,0.0,-8.19
135,RESIDENTIAL HIGH-RISE,BRONX,2023,10,143.94,0.03,25.38,0.0,0.0,0.0,-41.8
135,RESIDENTIAL HIGH-RISE,BRONX,2023,11,180.82999999999998,0.04,32.26,0.0,0.0,0.0,-35.11
135,RESIDENTIAL HIGH-RISE,BRONX,2023,12,231.41000000000003,0.05,37.830000000000005,0.0,0.0,0.0,-8.81
135,RESIDENTIAL HIGH-RISE,BRONX,2024,1,161.79,0.04,28.86,0.0,0.0,0.0,-5.33
135,RESIDENTIAL HIGH-RISE,BRONX,2024,2,172.69,0.04,31.23,0.0,0.0,0.0,27.56
135,RESIDENTIAL HIGH-RISE,BRONX,2024,3,147.14000000000001,0.03,26.899999999999995,0.0,0.0,0.0,-40.48
135,RESIDENTIAL HIGH-RISE,BRONX,2024,4,160.3,0.04,26.290000000000003,0.0,0.0,0.0,4.71
135,RESIDENTIAL HIGH-RISE,BRONX,2024,5,179.72000000000003,0.04,31.34,0.0,0.0,0.0,19.27
135,RESIDENTIAL HIGH-RISE,BRONX,2024,6,153.98000000000002,0.04,26.220000000000006,0.0,0.0,0.0,-59.09
135,RESIDENTIAL HIGH-RISE,BRONX,2024,7,199.08,0.05,32.52,0.0,0.0,0.0,-21.79
135,RESIDENTIAL HIGH-RISE,BRONX,2024,8,242.22,0.06,44.88,0.0,0.0,0.0,-14.65
135,RESIDENTIAL HIGH-RISE,BRONX,2024,9,135.11999999999998,0.03,23.63,0.0,0.0,0.0,-30.77
135,RESIDENTIAL HIGH-RISE,BRONX,2024,10,188.19,0.04,32.16,0.0,0.0,0.0,30.74
135,RESIDENTIAL HIGH-RISE,BRONX,2024,11,233.89000000000001,0.05,37.57,0.0,0.0,0.0,29.34
135,RESIDENTIAL HIGH-RISE,BRONX,2024,12,203.17999999999998,0.05,32.38,0.0,0.0,0.0,-12.2
136,RETAIL,BRONX,2022,1,1474.72,0.34,254.94,0.0,0.0,0.0,
136,RETAIL,BRONX,2022,2,1030.9099999999999,0.24,172.84,0.0,0.0,0.0,
136,RETAIL,BRONX,2022,3,1799.3600000000004,0.42,320.66999999999996,0.0,0.0,0.0,
136,RETAIL,BRONX,2022,4,1323.55,0.31,229.5,0.0,0.0,0.0,
136,RETAIL,BRONX,2022,5,1090.4299999999998,0.25,168.92999999999998,0.0,0.0,0.0,
136,RETAIL,BRONX,2022,6,1320.1999999999998,0.31,215.19,0.0,0.0,0.0,
136,RETAIL,BRONX,2022,7,1419.9899999999998,0.33,231.26999999999998,0.0,0.0,0.0,
136,RETAIL,BRONX,2022,8,1894.1299999999999,0.44,317.59,0.0,0.0,0.0,
136,RETAIL,BRONX,2022,9,1556.81,0.36,253.03,0.0,0.0,0.0,
136,RETAIL,BRONX,2022,10,1786.64,0.42,303.78,0.0,0.0,0.0,
136,RETAIL,BRONX,2022,11,2103.3300000000004,0.49,348.4200000000001,0.0,0.0,0.0,
136,RETAIL,BRONX,2022,12,1924.0000000000005,0.45,332.47,0.0,0.0,0.0,
136,RETAIL,BRONX,2023,1,1243.0600000000002,0.29,201.62000000000003,0.0,0.0,0.0,-15.71
136,RETAIL,BRONX,2023,2,1088.76,0.25,176.76000000000002,0.0,0.0,0.0,5.61
136,RETAIL,BRONX,2023,3,1860.56,0.43,327.68000000000006,0.0,0.0,0.0,3.4
136,RETAIL,BRONX,2023,4,1364.4699999999998,0.32,235.46,0.0,0.0,0.0,3.09
136,RETAIL,BRONX,2023,5,995.05,0.23,169.79,0.0,0.0,0.0,-8.75
136,RETAIL,BRONX,2023,6,2955.91,0.69,476.0,0.0,0.0,0.0,123.9
136,RETAIL,BRONX,2023,7,2146.54,0.5,368.00999999999993,0.0,0.0,0.0,51.17
136,RETAIL,BRONX,2023,8,2526.29,0.59,408.89000000000004,0.0,0.0,0.0,33.37
136,RETAIL,BRONX,2023,9,1444.1699999999998,0.34,262.37,0.0,0.0,0.0,-7.24
136,RETAIL,BRONX,2023,10,1064.29,0.25,173.51,0.0,0.0,0.0,-40.43
136,RETAIL,BRONX,2023,11,1187.51,0.28,212.56,0.0,0.0,0.0,-43.54
136,RETAIL,BRONX,2023,12,1730.88,0.4,305.14,0.0,0.0,0.0,-10.04
136,RETAIL,BRONX,2024,1,1641.4300000000003,0.38,293.09999999999997,0.0,0.0,0.0,32.05
136,RETAIL,BRONX,2024,2,1629.12,0.38,296.19,0.0,0.0,0.0,49.63
136,RETAIL,BRONX,2024,3,1317.2,0.31,230.67,0.0,0.0,0.0,-29.2
136,RETAIL,BRONX,2024,4,1256.3500000000001,0.29,215.46,0.0,0.0,0.0,-7.92
136,RETAIL,BRONX,2024,5,1415.94,0.33,236.3,0.0,0.0,0.0,42.3
136,RETAIL,BRONX,2024,6,1014.11,0.24,168.70000000000002,0.0,0.0,0.0,-65.69
136,RETAIL,BRONX,2024,7,1723.2600000000002,0.4,315.95,0.0,0.0,0.0,-19.72
136,RETAIL,BRONX,2024,8,2024.08,0.47,353.95000000000005,0.0,0.0,0.0,-19.88
136,RETAIL,BRONX,2024,9,1101.0800000000002,0.26,190.09999999999997,0.0,0.0,0.0,-23.76
136,RETAIL,BRONX,2024,10,1386.5900000000001,0.32,249.61,0.0,0.0,0.0,30.28
136,RETAIL,BRONX,2024,11,1995.95,0.47,318.01,0.0,0.0,0.0,68.08
136,RETAIL,BRONX,2024,12,1295.6200000000001,0.3,207.40999999999997,0.0,0.0,0.0,-25.15
137,RESIDENTIAL HIGH-RISE,BROOKLYN,2022,1,494.26,0.12,87.69000000000001,0.0,0.0,10.35,
137,RESIDENTIAL HIGH-RISE,BROOKLYN,2022,2,368.95,0.09,66.79,0.0,0.0,12.76,
137,RESIDENTIAL HIGH-RISE,BROOKLYN,2022,3,559.13,0.13,92.51,0.0,0.0,10.39,
137,RESIDENTIAL HIGH-RISE,BROOKLYN,2022,4,315.57000000000005,0.07,50.06000000000001,0.0,0.0,12.43,
137,RESIDENTIAL HIGH-RISE,BROOKLYN,2022,5,338.9,0.08,60.019999999999996,0.0,0.0,7.2,
137,RESIDENTIAL HIGH-RISE,BROOKLYN,2022,6,420.21999999999997,0.1,73.58999999999999,0.0,0.0,8.16,
137,RESIDENTIAL HIGH-RISE,BROOKLYN,2022,7,484.37,0.11,79.44999999999999,0.0,0.0,6.53,
137,RESIDENTIAL HIGH-RISE,BROOKLYN,2022,8,596.33,0.14,97.81,0.0,0.0,9.76,
137,RESIDENTIAL HIGH-RISE,BROOKLYN,2022,9,484.78,0.11,83.75,0.0,0.0,8.87,
137,RESIDENTIAL HIGH-RISE,BROOKLYN,2022,10,560.6800000000001,0.13,98.33,0.0,0.0,9.15,
137,RESIDENTIAL HIGH-RISE,BROOKLYN,2022,11,666.3399999999999,0.16,115.10999999999999,0.0,0.0,11.14,
137,RESIDENTIAL HIGH-RISE,BROOKLYN,2022,12,610.7400000000001,0.14,106.17999999999999,0.0,0.0,10.37,
137,RESIDENTIAL HIGH-RISE,BROOKLYN,2023,1,411.64,0.1,78.75999999999999,0.0,0.0,8.14,-16.72
137,RESIDENTIAL HIGH-RISE,BROOKLYN,2023,2,314.38,0.07,54.88000000000001,0.0,0.0,10.33,-14.79
137,RESIDENTIAL HIGH-RISE,BROOKLYN,2023,3,663.75,0.15,112.88000000000001,0.0,0.0,9.3,18.71
137,RESIDENTIAL HIGH-RISE,BROOKLYN,2023,4,274.43,0.06,51.56,0.0,0.0,13.31,-13.04
137,RESIDENTIAL HIGH-RISE,BROOKLYN,2023,5,327.32,0.08,56.300000000000004,0.0,0.0,10.8,-3.42
137,RESIDENTIAL HIGH-RISE,BROOKLYN,2023,6,866.8800000000001,0.2,143.15,0.0,0.0,11.63,106.29
137,RESIDENTIAL HIGH-RISE,BROOKLYN,2023,7,616.9900000000001,0.14,96.83000000000001,0.0,0.0,9.37,27.38
137,RESIDENTIAL HIGH-RISE,BROOKLYN,2023,8,531.62,0.12,96.51999999999998,0.0,0.0,9.6,-10.85
137,RESIDENTIAL HIGH-RISE,BROOKLYN,2023,9,431.96,0.1,74.24000000000001,0.0,0.0,11.08,-10.9
137,RESIDENTIAL HIGH-RISE,BROOKLYN,2023,10,328.08,0.08,53.739999999999995,0.0,0.0,12.56,-41.49
137,RESIDENTIAL HIGH-RISE,BROOKLYN,2023,11,378.01,0.09,68.84,0.0,0.0,10.35,-43.27
137,RESIDENTIAL HIGH-RISE,BROOKLYN,2023,12,583.08,0.14,98.40000000000002,0.0,0.0,9.92,-4.53
137,RESIDENTIAL HIGH-RISE,BROOKLYN,2024,1,399.37,0.09,66.2,0.0,0.0,10.64,-2.98
137,RESIDENTIAL HIGH-RISE,BROOKLYN,2024,2,487.32,0.11,79.91000000000001,0.0,0.0,9.68,55.01
137,RESIDENTIAL HIGH-RISE,BROOKLYN,2024,3,327.69000000000005,0.08,56.72,0.0,0.0,10.35,-50.63
137,RESIDENTIAL HIGH-RISE,BROOKLYN,2024,4,382.2,0.09,74.41,0.0,0.0,14.57,39.27
137,RESIDENTIAL HIGH-RISE,BROOKLYN,2024,5,328.93,0.08,55.79,0.0,0.0,10.53,0.49
137,RESIDENTIAL HIGH-RISE,BROOKLYN,2024,6,381.08,0.09,62.010000000000005,0.0,0.0,11.14,-56.04
137,RESIDENTIAL HIGH-RISE,BROOKLYN,2024,7,459.23,0.11,72.83,0.0,0.0,10.48,-25.57
137,RESIDENTIAL HIGH-RISE,BROOKLYN,2024,8,593.0400000000001,0.14,105.14000000000001,0.0,0.0,9.02,11.55
137,RESIDENTIAL HIGH-RISE,BROOKLYN,2024,9,304.20000000000005,0.07,50.61999999999999,0.0,0.0,7.99,-29.58
137,RESIDENTIAL HIGH-RISE,BROOKLYN,2024,10,370.70000000000005,0.09,63.129999999999995,0.0,0.0,8.65,12.99
137,RESIDENTIAL HIGH-RISE,BROOKLYN,2024,11,494.26000000000005,0.12,85.69000000000001,0.0,0.0,11.65,30.75
137,RESIDENTIAL HIGH-RISE,BROOKLYN,2024,12,427.99,0.1,69.09000000000002,0.0,0.0,7.93,-26.6
138,GOVERNMENT,BRONX,2022,1,718.0500000000001,0.17,120.66,0.0,0.0,0.0,
138,GOVERNMENT,BRONX,2022,2,765.15,0.18,128.72,0.0,0.0,0.0,
138,GOVERNMENT,BRONX,2022,3,973.24,0.23,158.96,0.0,0.0,0.0,
138,GOVERNMENT,BRONX,2022,4,727.3899999999999,0.17,124.13999999999999,0.0,0.0,0.0,
138,GOVERNMENT,BRONX,2022,5,562.0200000000001,0.13,104.17,0.0,0.0,0.0,
138,GOVERNMENT,BRONX,2022,6,768.6900000000002,0.18,129.87,0.0,0.0,0.0,
138,GOVERNMENT,BRONX,2022,7,623.44,0.15,109.87,0.0,0.0,0.0,
138,GOVERNMENT,BRONX,2022,8,937.3799999999999,0.22,159.01000000000002,0.0,0.0,0.0,
138,GOVERNMENT,BRONX,2022,9,750.21,0.17,127.27000000000001,0.0,0.0,0.0,
138,GOVERNMENT,BRONX,2022,10,959.53,0.22,166.94000000000003,0.0,0.0,0.0,
138,GOVERNMENT,BRONX,2022,11,980.59,0.23,156.50000000000003,0.0,0.0,0.0,
138,GOVERNMENT,BRONX,2022,12,910.99,0.21,151.24,0.0,0.0,0.0,
138,GOVERNMENT,BRONX,2023,1,785.15,0.18,122.59,0.0,0.0,0.0,9.34
138,GOVERNMENT,BRONX,2023,2,625.08,0.15,103.44000000000001,0.0,0.0,0.0,-18.31
138,GOVERNMENT,BRONX,2023,3,867.84,0.2,153.29,0.0,0.0,0.0,-10.83
138,GOVERNMENT,BRONX,2023,4,648.2499999999999,0.15,113.35999999999999,0.0,0.0,0.0,-10.88
138,GOVERNMENT,BRONX,2023,5,530.74,0.12,89.94,0.0,0.0,0.0,-5.57
138,GOVERNMENT,BRONX,2023,6,1438.77,0.34,244.11999999999998,0.0,0.0,0.0,87.17
138,GOVERNMENT,BRONX,2023,7,1002.44,0.23,158.81,0.0,0.0,0.0,60.79
138,GOVERNMENT,BRONX,2023,8,1296.15,0.3,224.70000000000002,0.0,0.0,0.0,38.27
138,GOVERNMENT,BRONX,2023,9,665.9599999999999,0.16,107.32000000000001,0.0,0.0,0.0,-11.23
138,GOVERNMENT,BRONX,2023,10,547.74,0.13,95.07999999999998,0.0,0.0,0.0,-42.92
138,GOVERNMENT,BRONX,2023,11,583.62,0.14,97.00000000000001,0.0,0.0,0.0,-40.48
138,GOVERNMENT,BRONX,2023,12,1000.74,0.23,175.44,0.0,0.0,0.0,9.85
138,GOVERNMENT,BRONX,2024,1,777.9399999999999,0.18,125.69999999999999,0.0,0.0,0.0,-0.92
138,GOVERNMENT,BRONX,2024,2,783.55,0.18,126.72999999999999,0.0,0.0,0.0,25.35
138,GOVERNMENT,BRONX,2024,3,538.4900000000001,0.13,88.11000000000001,0.0,0.0,0.0,-37.95
138,GOVERNMENT,BRONX,2024,4,561.0899999999999,0.13,86.01,0.0,0.0,0.0,-13.45
138,GOVERNMENT,BRONX,2024,5,605.2099999999999,0.14,96.71000000000001,0.0,0.0,0.0,14.03
138,GOVERNMENT,BRONX,2024,6,758.4,0.18,124.35000000000001,0.0,0.0,0.0,-47.29
138,GOVERNMENT,BRONX,2024,7,840.11,0.2,139.84000000000003,0.0,0.0,0.0,-16.19
138,GOVERNMENT,BRONX,2024,8,926.46,0.22,157.83999999999997,0.0,0.0,0.0,-28.52
138,GOVERNMENT,BRONX,2024,9,536.23,0.12,94.45,0.0,0.0,0.0,-19.48
138,GOVERNMENT,BRONX,2024,10,658.3799999999999,0.15,110.6,0.0,0.0,0.0,20.2
138,GOVERNMENT,BRONX,2024,11,950.5500000000001,0.22,165.37000000000003,0.0,0.0,0.0,62.87
138,GOVERNMENT,BRONX,2024,12,808.7599999999999,0.19,133.38,0.0,0.0,0.0,-19.18
139,COMMERCIAL OFFICE,STATEN ISLAND,2022,1,1165.03,0.27,195.82999999999998,0.0,0.0,0.0,
139,COMMERCIAL OFFICE,STATEN ISLAND,2022,2,1122.43,0.26,173.8,0.0,0.0,0.0,
139,COMMERCIAL OFFICE,STATEN ISLAND,2022,3,1695.16,0.39,266.89000000000004,0.0,0.0,0.0,
139,COMMERCIAL OFFICE,STATEN ISLAND,2022,4,1309.5,0.31,213.64,0.0,0.0,0.0,
139,COMMERCIAL OFFICE,STATEN ISLAND,2022,5,672.74,0.16,112.35,0.0,0.0,0.0,
139,COMMERCIAL OFFICE,STATEN ISLAND,2022,6,1263.9199999999998,0.29,223.02,0.0,0.0,0.0,
139,COMMERCIAL OFFICE,STATEN ISLAND,2022,7,1255.14,0.29,213.65999999999997,0.0,0.0,0.0,
139,COMMERCIAL OFFICE,STATEN ISLAND,2022,8,1368.69,0.32,234.27,0.0,0.0,0.0,
139,COMMERCIAL OFFICE,STATEN ISLAND,2022,9,995.68,0.23,179.79,0.0,0.0,0.0,
139,COMMERCIAL OFFICE,STATEN ISLAND,2022,10,1382.3099999999997,0.32,247.45,0.0,0.0,0.0,
139,COMMERCIAL OFFICE,STATEN ISLAND,2022,11,1728.17,0.4,283.02000000000004,0.0,0.0,0.0,
139,COMMERCIAL OFFICE,STATEN ISLAND,2022,12,1309.1299999999999,0.31,200.08999999999995,0.0,0.0,0.0,
139,COMMERCIAL OFFICE,STATEN ISLAND,2023,1,1153.4,0.27,205.66000000000003,0.0,0.0,0.0,-1.0
139,COMMERCIAL OFFICE,STATEN ISLAND,2023,2,1220.94,0.28,217.33999999999997,0.0,0.0,0.0,8.78
139,COMMERCIAL OFFICE,STATEN ISLAND,2023,3,1726.3400000000004,0.4,287.75,0.0,0.0,0.0,1.84
139,COMMERCIAL OFFICE,STATEN ISLAND,2023,4,1005.3899999999999,0.23,168.12,0.0,0.0,0.0,-23.22
139,COMMERCIAL OFFICE,STATEN ISLAND,2023,5,1191.3,0.28,197.86,0.0,0.0,0.0,77.08
139,COMMERCIAL OFFICE,STATEN ISLAND,2023,6,2749.17,0.64,462.5500000000001,0.0,0.0,0.0,117.51
139,COMMERCIAL OFFICE,STATEN ISLAND,2023,7,1394.56,0.32,227.51,0.0,0.0,0.0,11.11
139,COMMERCIAL OFFICE,STATEN ISLAND,2023,8,1902.5,0.44,310.54,0.0,0.0,0.0,39.0
139,COMMERCIAL OFFICE,STATEN ISLAND,2023,9,1133.1,0.26,181.17000000000002,0.0,0.0,0.0,13.8
139,COMMERCIAL OFFICE,STATEN ISLAND,2023,10,975.63,0.23,164.48,0.0,0.0,0.0,-29.42
139,COMMERCIAL OFFICE,STATEN ISLAND,2023,11,1209.4099999999999,0.28,220.19,0.0,0.0,0.0,-30.02
139,COMMERCIAL OFFICE,STATEN ISLAND,2023,12,1377.5900000000001,0.32,238.40999999999997,0.0,0.0,0.0,5.23
139,COMMERCIAL OFFICE,STATEN ISLAND,2024,1,1439.3700000000001,0.34,230.30999999999997,0.0,0.0,0.0,24.79
139,COMMERCIAL OFFICE,STATEN ISLAND,2024,2,1367.1500000000003,0.32,227.41000000000003,0.0,0.0,0.0,11.98
139,COMMERCIAL OFFICE,STATEN ISLAND,2024,3,879.41,0.2,151.87,0.0,0.0,0.0,-49.06
139,COMMERCIAL OFFICE,STATEN ISLAND,2024,4,979.4399999999998,0.23,169.54000000000002,0.0,0.0,0.0,-2.58
139,COMMERCIAL OFFICE,STATEN ISLAND,2024,5,1237.9099999999996,0.29,224.85999999999999,0.0,0.0,0.0,3.91
139,COMMERCIAL OFFICE,STATEN ISLAND,2024,6,1400.01,0.33,242.87000000000003,0.0,0.0,0.0,-49.08
139,COMMERCIAL OFFICE,STATEN ISLAND,2024,7,1359.1899999999998,0.32,240.38000000000005,0.0,0.0,0.0,-2.54
139,COMMERCIAL OFFICE,STATEN ISLAND,2024,8,1855.2899999999997,0.43,298.40999999999997,0.0,0.0,0.0,-2.48
139,COMMERCIAL OFFICE,STATEN ISLAND,2024,9,704.4300000000001,0.16,132.14,0.0,0.0,0.0,-37.83
139,COMMERCIAL OFFICE,STATEN ISLAND,2024,10,1068.79,0.25,172.52,0.0,0.0,0.0,9.55
139,COMMERCIAL OFFICE,STATEN ISLAND,2024,11,1601.19,0.37,290.49,0.0,0.0,0.0,32.39
139,COMMERCIAL OFFICE,STATEN ISLAND,2024,12,1280.96,0.3,242.44000000000003,0.0,0.0,0.0,-7.01
140,RESIDENTIAL HIGH-RISE,MANHATTAN,2022,1,50.410000000000004,0.01,8.489999999999998,0.0,0.0,10.87,
140,RESIDENTIAL HIGH-RISE,MANHATTAN,2022,2,51.23,0.01,8.56,0.0,0.0,6.75,
140,RESIDENTIAL HIGH-RISE,MANHATTAN,2022,3,68.44000000000001,0.02,12.26,0.0,0.0,9.31,
140,RESIDENTIAL HIGH-RISE,MANHATTAN,2022,4,46.779999999999994,0.01,8.399999999999999,0.0,0.0,9.02,
140,RESIDENTIAL HIGH-RISE,MANHATTAN,2022,5,38.8,0.01,6.6499999999999995,0.0,0.0,7.94,
140,RESIDENTIAL HIGH-RISE,MANHATTAN,2022,6,47.709999999999994,0.01,7.81,0.0,0.0,8.17,
140,RESIDENTIAL HIGH-RISE,MANHATTAN,2022,7,53.07000000000001,0.01,8.430000000000001,0.0,0.0,10.61,
140,RESIDENTIAL HIGH-RISE,MANHATTAN,2022,8,58.510000000000005,0.01,10.399999999999999,0.0,0.0,10.48,
140,RESIDENTIAL HIGH-RISE,MANHATTAN,2022,9,49.21,0.01,8.86,0.0,0.0,9.67,
140,RESIDENTIAL HIGH-RISE,MANHATTAN,2022,10,64.50999999999999,0.02,10.629999999999999,0.0,0.0,11.5,
140,RESIDENTIAL HIGH-RISE,MANHATTAN,2022,11,71.22000000000001,0.02,12.64,0.0,0.0,7.44,
140,RESIDENTIAL HIGH-RISE,MANHATTAN,2022,12,68.06,0.02,11.91,0.0,0.0,7.35,
140,RESIDENTIAL HIGH-RISE,MANHATTAN,2023,1,49.0,0.01,7.840000000000001,0.0,0.0,9.08,-2.8
140,RESIDENTIAL HIGH-RISE,MANHATTAN,2023,2,43.94,0.01,7.450000000000001,0.0,0.0,12.7,-14.23
140,RESIDENTIAL HIGH-RISE,MANHATTAN,2023,3,76.84,0.02,13.05,0.0,0.0,10.23,12.27
140,RESIDENTIAL HIGH-RISE,MANHATTAN,2023,4,38.56999999999999,0.01,5.72,0.0,0.0,10.58,-17.55
140,RESIDENTIAL HIGH-RISE,MANHATTAN,2023,5,44.48,0.01,7.67,0.0,0.0,11.53,14.64
140,RESIDENTIAL HIGH-RISE,MANHATTAN,2023,6,92.08999999999999,0.02,14.75,0.0,0.0,7.51,93.02
140,RESIDENTIAL HIGH-RISE,MANHATTAN,2023,7,58.11,0.01,10.56,0.0,0.0,9.41,9.5
140,RESIDENTIAL HIGH-RISE,MANHATTAN,2023,8,69.78,0.02,11.129999999999999,0.0,0.0,9.69,19.26
140,RESIDENTIAL HIGH-RISE,MANHATTAN,2023,9,49.52,0.01,8.450000000000001,0.0,0.0,10.58,0.63
140,RESIDENTIAL HIGH-RISE,MANHATTAN,2023,10,30.159999999999997,0.01,5.17,0.0,0.0,8.29,-53.25
140,RESIDENTIAL HIGH-RISE,MANHATTAN,2023,11,36.059999999999995,0.01,5.93,0.0,0.0,8.6,-49.37
140,RESIDENTIAL HIGH-RISE,MANHATTAN,2023,12,52.79,0.01,9.61,0.0,0.0,11.4,-22.44
140,RESIDENTIAL HIGH-RISE,MANHATTAN,2024,1,48.67999999999999,0.01,8.459999999999999,0.0,0.0,7.25,-0.65
140,RESIDENTIAL HIGH-RISE,MANHATTAN,2024,2,45.91,0.01,7.78,0.0,0.0,10.98,4.48
140,RESIDENTIAL HIGH-RISE,MANHATTAN,2024,3,39.62,0.01,6.670000000000001,0.0,0.0,11.31,-48.44
140,RESIDENTIAL HIGH-RISE,MANHATTAN,2024,4,35.77,0.01,6.3,0.0,0.0,13.03,-7.26
140,RESIDENTIAL HIGH-RISE,MANHATTAN,2024,5,43.519999999999996,0.01,6.920000000000001,0.0,0.0,10.52,-2.16
140,RESIDENTIAL HIGH-RISE,MANHATTAN,2024,6,48.5,0.01,8.229999999999999,0.0,0.0,9.22,-47.33
140,RESIDENTIAL HIGH-RISE,MANHATTAN,2024,7,51.86,0.01,9.35,0.0,0.0,11.88,-10.76
140,RESIDENTIAL HIGH-RISE,MANHATTAN,2024,8,67.55999999999999,0.02,10.889999999999999,0.0,0.0,8.26,-3.18
140,RESIDENTIAL HIGH-RISE,MANHATTAN,2024,9,32.95,0.01,5.3999999999999995,0.0,0.0,12.63,-33.46
140,RESIDENTIAL HIGH-RISE,MANHATTAN,2024,10,45.349999999999994,0.01,7.760000000000001,0.0,0.0,9.5,50.36
140,RESIDENTIAL HIGH-RISE,MANHATTAN,2024,11,60.86,0.01,10.149999999999999,0.0,0.0,12.34,68.77
140,RESIDENTIAL HIGH-RISE,MANHATTAN,2024,12,34.18,0.01,6.239999999999999,0.0,0.0,9.57,-35.25
141,RETAIL,QUEENS,2022,1,386.02,0.09,62.07000000000001,0.0,0.0,6.93,
141,RETAIL,QUEENS,2022,2,352.89000000000004,0.08,59.23,0.0,0.0,7.68,
141,RETAIL,QUEENS,2022,3,486.62000000000006,0.11,84.41000000000001,0.0,0.0,13.13,
141,RETAIL,QUEENS,2022,4,409.97,0.1,74.06,0.0,0.0,11.64,
141,RETAIL,QUEENS,2022,5,249.21000000000004,0.06,41.76999999999999,0.0,0.0,10.29,
141,RETAIL,QUEENS,2022,6,298.62999999999994,0.07,48.29,0.0,0.0,8.37,
141,RETAIL,QUEENS,2022,7,360.95,0.08,64.11999999999999,0.0,0.0,10.22,
141,RETAIL,QUEENS,2022,8,480.96000000000004,0.11,80.78,0.0,0.0,8.92,
141,RETAIL,QUEENS,2022,9,368.94999999999993,0.09,61.72,0.0,0.0,11.23,
141,RETAIL,QUEENS,2022,10,424.39,0.1,73.44,0.0,0.0,8.32,
141,RETAIL,QUEENS,2022,11,477.96000000000004,0.11,73.92,0.0,0.0,13.8,
141,RETAIL,QUEENS,2022,12,467.52000000000004,0.11,82.23000000000002,0.0,0.0,12.0,
141,RETAIL,QUEENS,2023,1,332.9599999999999,0.08,53.99,0.0,0.0,10.25,-13.75
141,RETAIL,QUEENS,2023,2,332.49,0.08,56.12,0.0,0.0,10.16,-5.78
141,RETAIL,QUEENS,2023,3,563.3599999999999,0.13,97.99999999999999,0.0,0.0,9.62,15.77
141,RETAIL,QUEENS,2023,4,310.58,0.07,49.089999999999996,0.0,0.0,11.55,-24.24
141,RETAIL,QUEENS,2023,5,284.70000000000005,0.07,49.1,0.0,0.0,15.45,14.24
141,RETAIL,QUEENS,2023,6,679.8199999999999,0.16,119.05999999999999,0.0,0.0,9.7,127.65
141,RETAIL,QUEENS,2023,7,484.53,0.11,84.70000000000002,0.0,0.0,8.14,34.24
141,RETAIL,QUEENS,2023,8,614.6700000000001,0.14,101.41,0.0,0.0,11.87,27.8
141,RETAIL,QUEENS,2023,9,332.21,0.08,56.43000000000001,0.0,0.0,10.02,-9.96
141,RETAIL,QUEENS,2023,10,273.62,0.06,43.17999999999999,0.0,0.0,9.4,-35.53
141,RETAIL,QUEENS,2023,11,318.96,0.07,52.34,0.0,0.0,11.5,-33.27
141,RETAIL,QUEENS,2023,12,461.59000000000003,0.11,74.35,0.0,0.0,10.2,-1.27
141,RETAIL,QUEENS,2024,1,377.15999999999997,0.09,61.449999999999996,0.0,0.0,11.06,13.27
141,RETAIL,QUEENS,2024,2,394.69,0.09,67.14999999999999,0.0,0.0,7.42,18.71
141,RETAIL,QUEENS,2024,3,296.46,0.07,50.50999999999999,0.0,0.0,14.61,-47.38
141,RETAIL,QUEENS,2024,4,321.61000000000007,0.07,54.60000000000001,0.0,0.0,12.48,3.55
141,RETAIL,QUEENS,2024,5,351.15,0.08,55.489999999999995,0.0,0.0,13.79,23.34
141,RETAIL,QUEENS,2024,6,346.69,0.08,58.75000000000001,0.0,0.0,9.77,-49.0
141,RETAIL,QUEENS,2024,7,351.65999999999997,0.08,59.879999999999995,0.0,0.0,10.01,-27.42
141,RETAIL,QUEENS,2024,8,424.31000000000006,0.1,72.93999999999998,0.0,0.0,10.12,-30.97
141,RETAIL,QUEENS,2024,9,233.02999999999997,0.05,40.25,0.0,0.0,7.08,-29.85
141,RETAIL,QUEENS,2024,10,295.01000000000005,0.07,53.53999999999999,0.0,0.0,8.89,7.82
141,RETAIL,QUEENS,2024,11,445.93999999999994,0.1,75.80000000000001,0.0,0.0,12.5,39.81
141,RETAIL,QUEENS,2024,12,409.19,0.1,70.42999999999999,0.0,0.0,8.51,-11.35
142,RETAIL,BRONX,2022,1,1610.8299999999997,0.38,267.72,0.0,0.0,8.73,
142,RETAIL,BRONX,2022,2,1169.71,0.27,196.95999999999998,0.0,0.0,10.78,
142,RETAIL,BRONX,2022,3,1951.7899999999997,0.45,339.47999999999996,0.0,0.0,9.62,
142,RETAIL,BRONX,2022,4,1262.07,0.29,236.85999999999999,0.0,0.0,10.34,
142,RETAIL,BRONX,2022,5,1187.3799999999999,0.28,205.91999999999996,0.0,0.0,8.68,
142,RETAIL,BRONX,2022,6,1181.03,0.28,183.56,0.0,0.0,10.93,
142,RETAIL,BRONX,2022,7,1538.0100000000002,0.36,262.69,0.0,0.0,7.5,
142,RETAIL,BRONX,2022,8,1913.0800000000002,0.45,327.00999999999993,0.0,0.0,12.33,
142,RETAIL,BRONX,2022,9,1402.52,0.33,256.56,0.0,0.0,7.53,
142,RETAIL,BRONX,2022,10,1999.4500000000003,0.47,339.08000000000004,0.0,0.0,10.88,
142,RETAIL,BRONX,2022,11,2090.7100000000005,0.49,367.8699999999999,0.0,0.0,9.47,
142,RETAIL,BRONX,2022,12,1782.3,0.42,296.78000000000003,0.0,0.0,10.31,
142,RETAIL,BRONX,2023,1,1555.7200000000003,0.36,277.92,0.0,0.0,12.32,-3.42
142,RETAIL,BRONX,2023,2,1045.29,0.24,202.3,0.0,0.0,9.65,-10.64
142,RETAIL,BRONX,2023,3,1754.0400000000002,0.41,290.78,0.0,0.0,12.43,-10.13
142,RETAIL,BRONX,2023,4,1206.68,0.28,195.08000000000004,0.0,0.0,11.63,-4.39
142,RETAIL,BRONX,2023,5,1058.02,0.25,181.41,0.0,0.0,10.3,-10.89
142,RETAIL,BRONX,2023,6,2919.0100000000007,0.68,531.8,0.0,0.0,7.01,147.16
142,RETAIL,BRONX,2023,7,1805.4,0.42,306.53999999999996,0.0,0.0,11.25,17.39
142,RETAIL,BRONX,2023,8,1966.65,0.46,333.46000000000004,0.0,0.0,7.97,2.8
142,RETAIL,BRONX,2023,9,1424.59,0.33,218.07,0.0,0.0,11.39,1.57
142,RETAIL,BRONX,2023,10,926.7800000000001,0.22,152.90999999999997,0.0,0.0,13.88,-53.65
142,RETAIL,BRONX,2023,11,1132.72,0.26,195.91,0.0,0.0,9.1,-45.82
142,RETAIL,BRONX,2023,12,1777.9399999999998,0.41,291.17,0.0,0.0,9.29,-0.24
142,RETAIL,BRONX,2024,1,1405.97,0.33,240.26000000000002,0.0,0.0,10.58,-9.63
142,RETAIL,BRONX,2024,2,1678.9,0.39,266.3,0.0,0.0,9.32,60.62
142,RETAIL,BRONX,2024,3,1218.76,0.28,210.26,0.0,0.0,8.23,-30.52
142,RETAIL,BRONX,2024,4,1045.29,0.24,175.82000000000002,0.0,0.0,5.14,-13.37
142,RETAIL,BRONX,2024,5,1227.61,0.29,203.02,0.0,0.0,9.59,16.03
142,RETAIL,BRONX,2024,6,1559.39,0.36,258.82,0.0,0.0,9.1,-46.58
142,RETAIL,BRONX,2024,7,1529.47,0.36,257.2,0.0,0.0,10.88,-15.28
142,RETAIL,BRONX,2024,8,1570.4900000000002,0.37,254.70999999999998,0.0,0.0,11.1,-20.14
142,RETAIL,BRONX,2024,9,965.01,0.22,168.33,0.0,0.0,11.8,-32.26
142,RETAIL,BRONX,2024,10,1314.1299999999999,0.31,225.88,0.0,0.0,10.09,41.8
142,RETAIL,BRONX,2024,11,1783.79,0.42,293.15,0.0,0.0,6.76,57.48
142,RETAIL,BRONX,2024,12,1354.8300000000002,0.32,250.10000000000002,0.0,0.0,13.65,-23.8
143,COMMERCIAL OFFICE,BRONX,2022,1,226.69000000000003,0.05,38.199999999999996,0.0,0.0,0.0,
143,COMMERCIAL OFFICE,BRONX,2022,2,194.27000000000004,0.05,28.349999999999998,0.0,0.0,0.0,
143,COMMERCIAL OFFICE,BRONX,2022,3,278.85,0.06,43.89,0.0,0.0,0.0,
143,COMMERCIAL OFFICE,BRONX,2022,4,224.93,0.05,36.29,0.0,0.0,0.0,
143,COMMERCIAL OFFICE,BRONX,2022,5,142.39999999999998,0.03,24.330000000000002,0.0,0.0,0.0,
143,COMMERCIAL OFFICE,BRONX,2022,6,191.9,0.04,32.8,0.0,0.0,0.0,
143,COMMERCIAL OFFICE,BRONX,2022,7,229.20999999999998,0.05,36.50000000000001,0.0,0.0,0.0,
143,COMMERCIAL OFFICE,BRONX,2022,8,231.36,0.05,40.89,0.0,0.0,0.0,
143,COMMERCIAL OFFICE,BRONX,2022,9,172.31,0.04,29.189999999999994,0.0,0.0,0.0,
143,COMMERCIAL OFFICE,BRONX,2022,10,237.92999999999998,0.06,40.25999999999999,0.0,0.0,0.0,
143,COMMERCIAL OFFICE,BRONX,2022,11,311.66,0.07,49.64,0.0,0.0,0.0,
143,COMMERCIAL OFFICE,BRONX,2022,12,273.71999999999997,0.06,48.449999999999996,0.0,0.0,0.0,
143,COMMERCIAL OFFICE,BRONX,2023,1,209.11,0.05,35.58,0.0,0.0,0.0,-7.76
143,COMMERCIAL OFFICE,BRONX,2023,2,178.36000000000004,0.04,28.980000000000004,0.0,0.0,0.0,-8.19
143,COMMERCIAL OFFICE,BRONX,2023,3,241.49,0.06,41.459999999999994,0.0,0.0,0.0,-13.4
143,COMMERCIAL OFFICE,BRONX,2023,4,172.03999999999996,0.04,31.400000000000002,0.0,0.0,0.0,-23.51
143,COMMERCIAL OFFICE,BRONX,2023,5,175.17,0.04,31.65,0.0,0.0,0.0,23.01
143,COMMERCIAL OFFICE,BRONX,2023,6,424.5499999999999,0.1,73.69000000000001,0.0,0.0,0.0,121.24
143,COMMERCIAL OFFICE,BRONX,2023,7,218.07000000000002,0.05,35.81,0.0,0.0,0.0,-4.86
143,COMMERCIAL OFFICE,BRONX,2023,8,320.30999999999995,0.07,52.56,0.0,0.0,0.0,38.45
143,COMMERCIAL OFFICE,BRONX,2023,9,177.32,0.04,30.599999999999998,0.0,0.0,0.0,2.91
143,COMMERCIAL OFFICE,BRONX,2023,10,147.21,0.03,26.0,0.0,0.0,0.0,-38.13
143,COMMERCIAL OFFICE,BRONX,2023,11,187.32000000000002,0.04,30.92,0.0,0.0,0.0,-39.9
143,COMMERCIAL OFFICE,BRONX,2023,12,217.91000000000003,0.05,37.339999999999996,0.0,0.0,0.0,-20.39
143,COMMERCIAL OFFICE,BRONX,2024,1,202.95,0.05,33.49,0.0,0.0,0.0,-2.95
143,COMMERCIAL OFFICE,BRONX,2024,2,227.16000000000003,0.05,40.8,0.0,0.0,0.0,27.36
143,COMMERCIAL OFFICE,BRONX,2024,3,164.60000000000002,0.04,23.410000000000004,0.0,0.0,0.0,-31.84
143,COMMERCIAL OFFICE,BRONX,2024,4,131.85,0.03,23.210000000000004,0.0,0.0,0.0,-23.36
143,COMMERCIAL OFFICE,BRONX,2024,5,201.32999999999998,0.05,34.79,0.0,0.0,0.0,14.93
143,COMMERCIAL OFFICE,BRONX,2024,6,189.31000000000003,0.04,35.26,0.0,0.0,0.0,-55.41
143,COMMERCIAL OFFICE,BRONX,2024,7,223.55,0.05,38.989999999999995,0.0,0.0,0.0,2.51
143,COMMERCIAL OFFICE,BRONX,2024,8,261.46000000000004,0.06,45.92,0.0,0.0,0.0,-18.37
143,COMMERCIAL OFFICE,BRONX,2024,9,110.35999999999999,0.03,19.310000000000002,0.0,0.0,0.0,-37.76
143,COMMERCIAL OFFICE,BRONX,2024,10,184.35999999999999,0.04,31.250000000000007,0.0,0.0,0.0,25.24
143,COMMERCIAL OFFICE,BRONX,2024,11,239.35,0.06,39.31,0.0,0.0,0.0,27.78
143,COMMERCIAL OFFICE,BRONX,2024,12,218.21,0.05,40.290000000000006,0.0,0.0,0.0,0.14
144,MIXED-USE,MANHATTAN,2022,1,990.41,0.23,174.6,0.0,0.0,0.0,
144,MIXED-USE,MANHATTAN,2022,2,840.9100000000001,0.2,135.04000000000002,0.0,0.0,0.0,
144,MIXED-USE,MANHATTAN,2022,3,1244.58,0.29,197.39000000000001,0.0,0.0,0.0,
144,MIXED-USE,MANHATTAN,2022,4,1084.3600000000001,0.25,184.00999999999996,0.0,0.0,0.0,
144,MIXED-USE,MANHATTAN,2022,5,550.81,0.13,97.77000000000001,0.0,0.0,0.0,
144,MIXED-USE,MANHATTAN,2022,6,777.9699999999999,0.18,126.89999999999999,0.0,0.0,0.0,
144,MIXED-USE,MANHATTAN,2022,7,1219.61,0.28,214.72,0.0,0.0,0.0,
144,MIXED-USE,MANHATTAN,2022,8,1005.2400000000001,0.23,158.77999999999997,0.0,0.0,0.0,
144,MIXED-USE,MANHATTAN,2022,9,861.7799999999999,0.2,140.18,0.0,0.0,0.0,
144,MIXED-USE,MANHATTAN,2022,10,1165.91,0.27,205.05,0.0,0.0,0.0,
144,MIXED-USE,MANHATTAN,2022,11,1472.46,0.34,266.15000000000003,0.0,0.0,0.0,
144,MIXED-USE,MANHATTAN,2022,12,1187.08,0.28,205.29000000000002,0.0,0.0,0.0,
144,MIXED-USE,MANHATTAN,2023,1,926.52,0.22,158.99,0.0,0.0,0.0,-6.45
144,MIXED-USE,MANHATTAN,2023,2,839.6,0.2,146.12,0.0,0.0,0.0,-0.16
144,MIXED-USE,MANHATTAN,2023,3,1368.6899999999998,0.32,234.68000000000004,0.0,0.0,0.0,9.97
144,MIXED-USE,MANHATTAN,2023,4,877.5699999999999,0.2,158.12000000000003,0.0,0.0,0.0,-19.07
144,MIXED-USE,MANHATTAN,2023,5,756.6,0.18,135.41,0.0,0.0,0.0,37.36
144,MIXED-USE,MANHATTAN,2023,6,2059.8799999999997,0.48,361.54999999999995,0.0,0.0,0.0,164.78
144,MIXED-USE,MANHATTAN,2023,7,1242.52,0.29,207.16000000000003,0.0,0.0,0.0,1.88
144,MIXED-USE,MANHATTAN,2023,8,1562.2900000000002,0.36,283.34000000000003,0.0,0.0,0.0,55.41
144,MIXED-USE,MANHATTAN,2023,9,1001.51,0.23,169.62,0.0,0.0,0.0,16.21
144,MIXED-USE,MANHATTAN,2023,10,604.11,0.14,94.36000000000001,0.0,0.0,0.0,-48.19
144,MIXED-USE,MANHATTAN,2023,11,921.34,0.21,153.44,0.0,0.0,0.0,-37.43
144,MIXED-USE,MANHATTAN,2023,12,1007.31,0.23,174.77999999999997,0.0,0.0,0.0,-15.14
144,MIXED-USE,MANHATTAN,2024,1,940.64,0.22,164.08,0.0,0.0,0.0,1.52
144,MIXED-USE,MANHATTAN,2024,2,1136.6899999999998,0.26,184.13,0.0,0.0,0.0,35.38
144,MIXED-USE,MANHATTAN,2024,3,770.44,0.18,130.28,0.0,0.0,0.0,-43.71
144,MIXED-USE,MANHATTAN,2024,4,871.35,0.2,142.56,0.0,0.0,0.0,-0.71
144,MIXED-USE,MANHATTAN,2024,5,838.0999999999999,0.2,150.23,0.0,0.0,0.0,10.77
144,MIXED-USE,MANHATTAN,2024,6,985.8999999999999,0.23,162.35999999999999,0.0,0.0,0.0,-52.14
144,MIXED-USE,MANHATTAN,2024,7,1085.2,0.25,183.98999999999998,0.0,0.0,0.0,-12.66
144,MIXED-USE,MANHATTAN,2024,8,1146.52,0.27,209.84,0.0,0.0,0.0,-26.61
144,MIXED-USE,MANHATTAN,2024,9,760.85,0.18,129.18,0.0,0.0,0.0,-24.03
144,MIXED-USE,MANHATTAN,2024,10,840.5099999999999,0.2,152.62,0.0,0.0,0.0,39.13
144,MIXED-USE,MANHATTAN,2024,11,1191.48,0.28,213.18,0.0,0.0,0.0,29.32
144,MIXED-USE,MANHATTAN,2024,12,899.03,0.21,144.46,0.0,0.0,0.0,-10.75
145,RETAIL,MANHATTAN,2022,1,60.94000000000001,0.01,11.030000000000001,0.0,0.0,0.0,
145,RETAIL,MANHATTAN,2022,2,60.07,0.01,9.780000000000001,0.0,0.0,0.0,
145,RETAIL,MANHATTAN,2022,3,80.64,0.02,14.280000000000001,0.0,0.0,0.0,
145,RETAIL,MANHATTAN,2022,4,58.27,0.01,10.0,0.0,0.0,0.0,
145,RETAIL,MANHATTAN,2022,5,49.15,0.01,8.76,0.0,0.0,0.0,
145,RETAIL,MANHATTAN,2022,6,50.510000000000005,0.01,8.8,0.0,0.0,0.0,
145,RETAIL,MANHATTAN,2022,7,52.62,0.01,9.069999999999999,0.0,0.0,0.0,
145,RETAIL,MANHATTAN,2022,8,66.48,0.02,11.65,0.0,0.0,0.0,
145,RETAIL,MANHATTAN,2022,9,69.10999999999999,0.02,11.26,0.0,0.0,0.0,
145,RETAIL,MANHATTAN,2022,10,71.54,0.02,12.24,0.0,0.0,0.0,
145,RETAIL,MANHATTAN,2022,11,85.17999999999998,0.02,14.98,0.0,0.0,0.0,
145,RETAIL,MANHATTAN,2022,12,80.85999999999999,0.02,14.02,0.0,0.0,0.0,
145,RETAIL,MANHATTAN,2023,1,58.989999999999995,0.01,10.5,0.0,0.0,0.0,-3.2
145,RETAIL,MANHATTAN,2023,2,57.19,0.01,8.959999999999999,0.0,0.0,0.0,-4.79
145,RETAIL,MANHATTAN,2023,3,79.89,0.02,13.369999999999997,0.0,0.0,0.0,-0.93
145,RETAIL,MANHATTAN,2023,4,55.11,0.01,9.770000000000001,0.0,0.0,0.0,-5.42
145,RETAIL,MANHATTAN,2023,5,51.379999999999995,0.01,9.14,0.0,0.0,0.0,4.54
145,RETAIL,MANHATTAN,2023,6,122.74,0.03,21.150000000000002,0.0,0.0,0.0,143.0
145,RETAIL,MANHATTAN,2023,7,64.35,0.01,10.790000000000003,0.0,0.0,0.0,22.29
145,RETAIL,MANHATTAN,2023,8,92.61999999999999,0.02,16.169999999999998,0.0,0.0,0.0,39.32
145,RETAIL,MANHATTAN,2023,9,66.17999999999999,0.02,10.700000000000001,0.0,0.0,0.0,-4.24
145,RETAIL,MANHATTAN,2023,10,44.099999999999994,0.01,7.67,0.0,0.0,0.0,-38.36
145,RETAIL,MANHATTAN,2023,11,54.80999999999999,0.01,9.390000000000002,0.0,0.0,0.0,-35.65
145,RETAIL,MANHATTAN,2023,12,67.97,0.02,11.51,0.0,0.0,0.0,-15.94
145,RETAIL,MANHATTAN,2024,1,59.160000000000004,0.01,9.61,0.0,0.0,0.0,0.29
145,RETAIL,MANHATTAN,2024,2,67.89999999999999,0.02,12.549999999999999,0.0,0.0,0.0,18.73
145,RETAIL,MANHATTAN,2024,3,47.190000000000005,0.01,8.299999999999999,0.0,0.0,0.0,-40.93
145,RETAIL,MANHATTAN,2024,4,48.580000000000005,0.01,8.1,0.0,0.0,0.0,-11.85
145,RETAIL,MANHATTAN,2024,5,45.44999999999999,0.01,7.859999999999999,0.0,0.0,0.0,-11.54
145,RETAIL,MANHATTAN,2024,6,50.220000000000006,0.01,9.11,0.0,0.0,0.0,-59.08
145,RETAIL,MANHATTAN,2024,7,67.91,0.02,12.45,0.0,0.0,0.0,5.53
145,RETAIL,MANHATTAN,2024,8,65.8,0.02,12.22,0.0,0.0,0.0,-28.96
145,RETAIL,MANHATTAN,2024,9,39.7,0.01,6.59,0.0,0.0,0.0,-40.01
145,RETAIL,MANHATTAN,2024,10,52.88999999999999,0.01,9.31,0.0,0.0,0.0,19.93
145,RETAIL,MANHATTAN,2024,11,67.79,0.02,11.56,0.0,0.0,0.0,23.68
145,RETAIL,MANHATTAN,2024,12,65.4,0.02,10.540000000000001,0.0,0.0,0.0,-3.78
146,RESIDENTIAL HIGH-RISE,BRONX,2022,1,468.87,0.11,74.77000000000001,0.0,0.0,8.49,
146,RESIDENTIAL HIGH-RISE,BRONX,2022,2,392.31,0.09,62.17,0.0,0.0,8.91,
146,RESIDENTIAL HIGH-RISE,BRONX,2022,3,706.69,0.16,129.10000000000002,0.0,0.0,10.9,
146,RESIDENTIAL HIGH-RISE,BRONX,2022,4,443.38000000000005,0.1,74.75,0.0,0.0,7.77,
146,RESIDENTIAL HIGH-RISE,BRONX,2022,5,425.85,0.1,76.86,0.0,0.0,6.93,
146,RESIDENTIAL HIGH-RISE,BRONX,2022,6,523.71,0.12,95.72,0.0,0.0,9.09,
146,RESIDENTIAL HIGH-RISE,BRONX,2022,7,406.76,0.09,72.77,0.0,0.0,9.66,
146,RESIDENTIAL HIGH-RISE,BRONX,2022,8,591.91,0.14,109.4,0.0,0.0,7.12,
146,RESIDENTIAL HIGH-RISE,BRONX,2022,9,426.32,0.1,73.80000000000001,0.0,0.0,8.67,
146,RESIDENTIAL HIGH-RISE,BRONX,2022,10,589.1700000000001,0.14,98.65000000000002,0.0,0.0,9.37,
146,RESIDENTIAL HIGH-RISE,BRONX,2022,11,658.0300000000001,0.15,114.05,0.0,0.0,8.72,
146,RESIDENTIAL HIGH-RISE,BRONX,2022,12,664.7800000000001,0.15,114.34,0.0,0.0,7.84,
146,RESIDENTIAL HIGH-RISE,BRONX,2023,1,405.45000000000005,0.09,72.18999999999998,0.0,0.0,8.95,-13.53
146,RESIDENTIAL HIGH-RISE,BRONX,2023,2,427.35999999999996,0.1,75.88,0.0,0.0,10.52,8.93
146,RESIDENTIAL HIGH-RISE,BRONX,2023,3,691.43,0.16,122.4,0.0,0.0,11.38,-2.16
146,RESIDENTIAL HIGH-RISE,BRONX,2023,4,430.79,0.1,68.81,0.0,0.0,6.2,-2.84
146,RESIDENTIAL HIGH-RISE,BRONX,2023,5,362.48,0.08,59.989999999999995,0.0,0.0,10.59,-14.88
146,RESIDENTIAL HIGH-RISE,BRONX,2023,6,989.4799999999999,0.23,169.62000000000003,0.0,0.0,11.22,88.94
146,RESIDENTIAL HIGH-RISE,BRONX,2023,7,464.24,0.11,81.03,0.0,0.0,8.13,14.13
146,RESIDENTIAL HIGH-RISE,BRONX,2023,8,840.47,0.2,154.07000000000002,0.0,0.0,8.38,41.99
146,RESIDENTIAL HIGH-RISE,BRONX,2023,9,364.21999999999997,0.08,65.27,0.0,0.0,9.41,-14.57
146,RESIDENTIAL HIGH-RISE,BRONX,2023,10,339.42,0.08,56.7,0.0,0.0,7.49,-42.39
146,RESIDENTIAL HIGH-RISE,BRONX,2023,11,432.44,0.1,74.03999999999999,0.0,0.0,7.77,-34.28
146,RESIDENTIAL HIGH-RISE,BRONX,2023,12,620.9799999999999,0.14,115.70999999999998,0.0,0.0,7.23,-6.59
146,RESIDENTIAL HIGH-RISE,BRONX,2024,1,494.76000000000005,0.12,82.27999999999999,0.0,0.0,10.8,22.03
146,RESIDENTIAL HIGH-RISE,BRONX,2024,2,473.01000000000005,0.11,74.25,0.0,0.0,8.33,10.68
146,RESIDENTIAL HIGH-RISE,BRONX,2024,3,418.05999999999995,0.1,74.33,0.0,0.0,8.97,-39.54
146,RESIDENTIAL HIGH-RISE,BRONX,2024,4,390.90000000000003,0.09,66.89999999999999,0.0,0.0,10.11,-9.26
146,RESIDENTIAL HIGH-RISE,BRONX,2024,5,508.96000000000004,0.12,85.95,0.0,0.0,9.75,40.41
146,RESIDENTIAL HIGH-RISE,BRONX,2024,6,302.99,0.07,48.75000000000001,0.0,0.0,8.47,-69.38
146,RESIDENTIAL HIGH-RISE,BRONX,2024,7,405.9599999999999,0.09,74.66,0.0,0.0,7.06,-12.55
146,RESIDENTIAL HIGH-RISE,BRONX,2024,8,602.0799999999999,0.14,106.75999999999999,0.0,0.0,13.49,-28.36
146,RESIDENTIAL HIGH-RISE,BRONX,2024,9,325.7300000000001,0.08,53.14,0.0,0.0,8.38,-10.57
146,RESIDENTIAL HIGH-RISE,BRONX,2024,10,459.34,0.11,78.44,0.0,0.0,9.15,35.33
146,RESIDENTIAL HIGH-RISE,BRONX,2024,11,592.86,0.14,100.19000000000001,0.0,0.0,8.92,37.1
146,RESIDENTIAL HIGH-RISE,BRONX,2024,12,477.74,0.11,79.78999999999999,0.0,0.0,8.22,-23.07
147,RETAIL,BRONX,2022,1,300.64,0.07,50.55,0.0,0.0,0.0,
147,RETAIL,BRONX,2022,2,391.71999999999997,0.09,64.59,0.0,0.0,0.0,
147,RETAIL,BRONX,2022,3,589.1600000000001,0.14,91.24,0.0,0.0,0.0,
147,RETAIL,BRONX,2022,4,385.41999999999996,0.09,64.47,0.0,0.0,0.0,
147,RETAIL,BRONX,2022,5,339.99,0.08,60.25999999999999,0.0,0.0,0.0,
147,RETAIL,BRONX,2022,6,342.44,0.08,59.269999999999996,0.0,0.0,0.0,
147,RETAIL,BRONX,2022,7,399.64,0.09,71.80000000000001,0.0,0.0,0.0,
147,RETAIL,BRONX,2022,8,582.7299999999999,0.14,96.74,0.0,0.0,0.0,
147,RETAIL,BRONX,2022,9,390.6,0.09,74.03,0.0,0.0,0.0,
147,RETAIL,BRONX,2022,10,504.51,0.12,83.24000000000001,0.0,0.0,0.0,
147,RETAIL,BRONX,2022,11,653.65,0.15,111.77,0.0,0.0,0.0,
147,RETAIL,BRONX,2022,12,585.7,0.14,100.02000000000001,0.0,0.0,0.0,
147,RETAIL,BRONX,2023,1,321.43,0.07,59.49,0.0,0.0,0.0,6.92
147,RETAIL,BRONX,2023,2,367.2,0.09,68.21,0.0,0.0,0.0,-6.26
147,RETAIL,BRONX,2023,3,590.3799999999999,0.14,101.49000000000001,0.0,0.0,0.0,0.21
147,RETAIL,BRONX,2023,4,387.71000000000004,0.09,69.98,0.0,0.0,0.0,0.59
147,RETAIL,BRONX,2023,5,264.31,0.06,47.64,0.0,0.0,0.0,-22.26
147,RETAIL,BRONX,2023,6,895.2600000000002,0.21,158.84,0.0,0.0,0.0,161.44
147,RETAIL,BRONX,2023,7,453.13,0.11,75.12000000000002,0.0,0.0,0.0,13.38
147,RETAIL,BRONX,2023,8,692.5600000000001,0.16,113.38000000000002,0.0,0.0,0.0,18.85
147,RETAIL,BRONX,2023,9,442.23,0.1,73.14999999999999,0.0,0.0,0.0,13.22
147,RETAIL,BRONX,2023,10,319.11,0.07,59.260000000000005,0.0,0.0,0.0,-36.75
147,RETAIL,BRONX,2023,11,395.33000000000004,0.09,63.71000000000001,0.0,0.0,0.0,-39.52
147,RETAIL,BRONX,2023,12,485.01000000000005,0.11,77.04000000000002,0.0,0.0,0.0,-17.19
147,RETAIL,BRONX,2024,1,385.96,0.09,63.47,0.0,0.0,0.0,20.08
147,RETAIL,BRONX,2024,2,498.44000000000005,0.12,85.34,0.0,0.0,0.0,35.74
147,RETAIL,BRONX,2024,3,323.74999999999994,0.08,48.19,0.0,0.0,0.0,-45.16
147,RETAIL,BRONX,2024,4,369.93,0.09,60.63,0.0,0.0,0.0,-4.59
147,RETAIL,BRONX,2024,5,420.83,0.1,71.7,0.0,0.0,0.0,59.22
147,RETAIL,BRONX,2024,6,434.31,0.1,71.92,0.0,0.0,0.0,-51.49
147,RETAIL,BRONX,2024,7,423.03999999999996,0.1,69.87,0.0,0.0,0.0,-6.64
147,RETAIL,BRONX,2024,8,523.59,0.12,93.29000000000002,0.0,0.0,0.0,-24.4
147,RETAIL,BRONX,2024,9,299.8,0.07,53.59,0.0,0.0,0.0,-32.21
147,RETAIL,BRONX,2024,10,398.1,0.09,69.43,0.0,0.0,0.0,24.75
147,RETAIL,BRONX,2024,11,536.1999999999999,0.12,91.62999999999998,0.0,0.0,0.0,35.63
147,RETAIL,BRONX,2024,12,407.77000000000004,0.1,73.35,0.0,0.0,0.0,-15.93
148,RETAIL,STATEN ISLAND,2022,1,1492.83,0.35,267.58,0.0,0.0,0.0,
148,RETAIL,STATEN ISLAND,2022,2,1174.67,0.27,183.43,0.0,0.0,0.0,
148,RETAIL,STATEN ISLAND,2022,3,1693.61,0.39,295.14,0.0,0.0,0.0,
148,RETAIL,STATEN ISLAND,2022,4,1206.18,0.28,219.20000000000002,0.0,0.0,0.0,
148,RETAIL,STATEN ISLAND,2022,5,925.2,0.22,148.47,0.0,0.0,0.0,
148,RETAIL,STATEN ISLAND,2022,6,1159.29,0.27,204.85999999999999,0.0,0.0,0.0,
148,RETAIL,STATEN ISLAND,2022,7,1529.3700000000001,0.36,253.18,0.0,0.0,0.0,
148,RETAIL,STATEN ISLAND,2022,8,1672.3299999999997,0.39,298.62,0.0,0.0,0.0,
148,RETAIL,STATEN ISLAND,2022,9,1180.6,0.28,215.57,0.0,0.0,0.0,
148,RETAIL,STATEN ISLAND,2022,10,1771.18,0.41,293.68999999999994,0.0,0.0,0.0,
148,RETAIL,STATEN ISLAND,2022,11,1893.55,0.44,338.4400000000001,0.0,0.0,0.0,
148,RETAIL,STATEN ISLAND,2022,12,1838.4899999999998,0.43,322.18000000000006,0.0,0.0,0.0,
148,RETAIL,STATEN ISLAND,2023,1,1271.39,0.3,218.21,0.0,0.0,0.0,-14.83
148,RETAIL,STATEN ISLAND,2023,2,970.77,0.23,157.07,0.0,0.0,0.0,-17.36
148,RETAIL,STATEN ISLAND,2023,3,1791.2699999999998,0.42,311.68,0.0,0.0,0.0,5.77
148,RETAIL,STATEN ISLAND,2023,4,1152.3700000000001,0.27,189.92,0.0,0.0,0.0,-4.46
148,RETAIL,STATEN ISLAND,2023,5,944.26,0.22,172.69,0.0,0.0,0.0,2.06
148,RETAIL,STATEN ISLAND,2023,6,2573.5,0.6,465.93,0.0,0.0,0.0,121.99
148,RETAIL,STATEN ISLAND,2023,7,1836.7399999999998,0.43,311.07000000000005,0.0,0.0,0.0,20.1
148,RETAIL,STATEN ISLAND,2023,8,2109.64,0.49,357.68999999999994,0.0,0.0,0.0,26.15
148,RETAIL,STATEN ISLAND,2023,9,1272.0000000000002,0.3,199.74,0.0,0.0,0.0,7.74
148,RETAIL,STATEN ISLAND,2023,10,941.76,0.22,172.84000000000003,0.0,0.0,0.0,-46.83
148,RETAIL,STATEN ISLAND,2023,11,1001.2099999999999,0.23,161.08,0.0,0.0,0.0,-47.13
148,RETAIL,STATEN ISLAND,2023,12,1601.27,0.37,267.85999999999996,0.0,0.0,0.0,-12.9
148,RETAIL,STATEN ISLAND,2024,1,1227.7,0.29,230.68,0.0,0.0,0.0,-3.44
148,RETAIL,STATEN ISLAND,2024,2,1338.08,0.31,244.21,0.0,0.0,0.0,37.84
148,RETAIL,STATEN ISLAND,2024,3,1046.01,0.24,188.43999999999997,0.0,0.0,0.0,-41.61
148,RETAIL,STATEN ISLAND,2024,4,1027.41,0.24,183.89000000000001,0.0,0.0,0.0,-10.84
148,RETAIL,STATEN ISLAND,2024,5,971.2200000000001,0.23,153.10000000000002,0.0,0.0,0.0,2.86
148,RETAIL,STATEN ISLAND,2024,6,1190.93,0.28,215.49000000000004,0.0,0.0,0.0,-53.72
148,RETAIL,STATEN ISLAND,2024,7,1180.8999999999999,0.28,205.50000000000003,0.0,0.0,0.0,-35.71
148,RETAIL,STATEN ISLAND,2024,8,1664.5899999999997,0.39,283.61999999999995,0.0,0.0,0.0,-21.1
148,RETAIL,STATEN ISLAND,2024,9,868.85,0.2,155.11,0.0,0.0,0.0,-31.69
148,RETAIL,STATEN ISLAND,2024,10,1087.3700000000001,0.25,166.82,0.0,0.0,0.0,15.46
148,RETAIL,STATEN ISLAND,2024,11,1545.33,0.36,266.46,0.0,0.0,0.0,54.35
148,RETAIL,STATEN ISLAND,2024,12,1363.6499999999999,0.32,205.93,0.0,0.0,0.0,-14.84
149,RESIDENTIAL HIGH-RISE,BRONX,2022,1,1188.6800000000003,0.28,203.88000000000005,0.0,0.0,9.49,
149,RESIDENTIAL HIGH-RISE,BRONX,2022,2,1092.0,0.25,188.65,0.0,0.0,10.24,
149,RESIDENTIAL HIGH-RISE,BRONX,2022,3,1399.6799999999996,0.33,240.08000000000004,0.0,0.0,9.13,
149,RESIDENTIAL HIGH-RISE,BRONX,2022,4,1106.49,0.26,170.84000000000003,0.0,0.0,10.47,
149,RESIDENTIAL HIGH-RISE,BRONX,2022,5,787.5,0.18,125.4,0.0,0.0,10.81,
149,RESIDENTIAL HIGH-RISE,BRONX,2022,6,770.01,0.18,132.70999999999998,0.0,0.0,8.78,
149,RESIDENTIAL HIGH-RISE,BRONX,2022,7,1029.28,0.24,178.18,0.0,0.0,5.62,
149,RESIDENTIAL HIGH-RISE,BRONX,2022,8,1424.2700000000002,0.33,244.18,0.0,0.0,10.79,
149,RESIDENTIAL HIGH-RISE,BRONX,2022,9,969.2600000000001,0.23,146.98999999999998,0.0,0.0,10.54,
149,RESIDENTIAL HIGH-RISE,BRONX,2022,10,1422.7700000000002,0.33,240.54000000000002,0.0,0.0,8.97,
149,RESIDENTIAL HIGH-RISE,BRONX,2022,11,1628.4200000000003,0.38,282.94000000000005,0.0,0.0,10.61,
149,RESIDENTIAL HIGH-RISE,BRONX,2022,12,1301.15,0.3,244.52000000000004,0.0,0.0,11.52,
149,RESIDENTIAL HIGH-RISE,BRONX,2023,1,1029.07,0.24,178.05,0.0,0.0,13.44,-13.43
149,RESIDENTIAL HIGH-RISE,BRONX,2023,2,866.7299999999999,0.2,152.29999999999998,0.0,0.0,8.57,-20.63
149,RESIDENTIAL HIGH-RISE,BRONX,2023,3,1406.5600000000004,0.33,233.64999999999998,0.0,0.0,8.39,0.49
149,RESIDENTIAL HIGH-RISE,BRONX,2023,4,888.47,0.21,155.22,0.0,0.0,10.95,-19.7
149,RESIDENTIAL HIGH-RISE,BRONX,2023,5,651.3499999999999,0.15,110.41,0.0,0.0,10.54,-17.29
149,RESIDENTIAL HIGH-RISE,BRONX,2023,6,2136.5299999999997,0.5,358.4899999999999,0.0,0.0,8.6,177.47
149,RESIDENTIAL HIGH-RISE,BRONX,2023,7,1267.8000000000002,0.3,196.98,0.0,0.0,9.03,23.17
149,RESIDENTIAL HIGH-RISE,BRONX,2023,8,1844.1400000000003,0.43,325.35,0.0,0.0,9.26,29.48
149,RESIDENTIAL HIGH-RISE,BRONX,2023,9,1134.07,0.26,186.19000000000003,0.0,0.0,7.63,17.0
149,RESIDENTIAL HIGH-RISE,BRONX,2023,10,769.88,0.18,124.95000000000002,0.0,0.0,11.95,-45.89
149,RESIDENTIAL HIGH-RISE,BRONX,2023,11,903.73,0.21,151.91000000000003,0.0,0.0,8.67,-44.5
149,RESIDENTIAL HIGH-RISE,BRONX,2023,12,1396.4,0.33,233.46000000000004,0.0,0.0,9.95,7.32
149,RESIDENTIAL HIGH-RISE,BRONX,2024,1,1203.2500000000002,0.28,220.56,0.0,0.0,10.79,16.93
149,RESIDENTIAL HIGH-RISE,BRONX,2024,2,1097.1100000000001,0.26,187.54,0.0,0.0,8.23,26.58
149,RESIDENTIAL HIGH-RISE,BRONX,2024,3,793.54,0.18,129.76999999999998,0.0,0.0,12.01,-43.58
149,RESIDENTIAL HIGH-RISE,BRONX,2024,4,903.98,0.21,155.88,0.0,0.0,8.52,1.75
149,RESIDENTIAL HIGH-RISE,BRONX,2024,5,1129.93,0.26,188.83,0.0,0.0,11.26,73.48
149,RESIDENTIAL HIGH-RISE,BRONX,2024,6,1130.4499999999998,0.26,183.92000000000002,0.0,0.0,9.96,-47.09
149,RESIDENTIAL HIGH-RISE,BRONX,2024,7,1295.26,0.3,228.81,0.0,0.0,10.04,2.17
149,RESIDENTIAL HIGH-RISE,BRONX,2024,8,1126.9399999999998,0.26,192.39999999999998,0.0,0.0,7.2,-38.89
149,RESIDENTIAL HIGH-RISE,BRONX,2024,9,821.45,0.19,144.72000000000003,0.0,0.0,7.5,-27.57
149,RESIDENTIAL HIGH-RISE,BRONX,2024,10,910.6199999999999,0.21,157.16,0.0,0.0,11.72,18.28
149,RESIDENTIAL HIGH-RISE,BRONX,2024,11,1127.95,0.26,194.93,0.0,0.0,7.67,24.81
149,RESIDENTIAL HIGH-RISE,BRONX,2024,12,1078.8500000000001,0.25,177.55,0.0,0.0,9.29,-22.74
150,INDUSTRIAL,BRONX,2022,1,458.44,0.11,77.75,0.0,0.0,9.96,
150,INDUSTRIAL,BRONX,2022,2,392.67,0.09,65.93,0.0,0.0,10.86,
150,INDUSTRIAL,BRONX,2022,3,502.17,0.12,84.07,0.0,0.0,11.66,
150,INDUSTRIAL,BRONX,2022,4,340.61,0.08,57.39,0.0,0.0,10.82,
150,INDUSTRIAL,BRONX,2022,5,318.83,0.07,55.32000000000001,0.0,0.0,8.28,
150,INDUSTRIAL,BRONX,2022,6,366.37,0.09,60.26,0.0,0.0,10.17,
150,INDUSTRIAL,BRONX,2022,7,414.28999999999996,0.1,70.35000000000001,0.0,0.0,8.86,
150,INDUSTRIAL,BRONX,2022,8,510.8,0.12,88.88999999999999,0.0,0.0,9.08,
150,INDUSTRIAL,BRONX,2022,9,332.23,0.08,60.769999999999996,0.0,0.0,9.05,
150,INDUSTRIAL,BRONX,2022,10,476.60999999999996,0.11,79.46999999999998,0.0,0.0,9.17,
150,INDUSTRIAL,BRONX,2022,11,534.1999999999999,0.12,91.69999999999999,0.0,0.0,8.97,
150,INDUSTRIAL,BRONX,2022,12,560.5,0.13,100.93,0.0,0.0,9.13,
150,INDUSTRIAL,BRONX,2023,1,372.03,0.09,59.010000000000005,0.0,0.0,9.01,-18.85
150,INDUSTRIAL,BRONX,2023,2,322.81999999999994,0.08,53.56999999999999,0.0,0.0,11.92,-17.79
150,INDUSTRIAL,BRONX,2023,3,509.7599999999999,0.12,85.43,0.0,0.0,9.51,1.51
150,INDUSTRIAL,BRONX,2023,4,339.31000000000006,0.08,52.349999999999994,0.0,0.0,9.49,-0.38
150,INDUSTRIAL,BRONX,2023,5,360.48,0.08,66.13,0.0,0.0,9.87,13.06
150,INDUSTRIAL,BRONX,2023,6,744.5200000000001,0.17,124.69,0.0,0.0,11.49,103.22
150,INDUSTRIAL,BRONX,2023,7,510.66999999999996,0.12,86.53999999999999,0.0,0.0,10.94,23.26
150,INDUSTRIAL,BRONX,2023,8,667.0199999999999,0.16,114.02999999999999,0.0,0.0,9.16,30.58
150,INDUSTRIAL,BRONX,2023,9,383.49999999999994,0.09,65.98000000000002,0.0,0.0,12.58,15.43
150,INDUSTRIAL,BRONX,2023,10,262.83,0.06,45.040000000000006,0.0,0.0,6.1,-44.85
150,INDUSTRIAL,BRONX,2023,11,359.38000000000005,0.08,65.03,0.0,0.0,10.84,-32.73
150,INDUSTRIAL,BRONX,2023,12,465.41999999999996,0.11,76.47,0.0,0.0,11.55,-16.96
150,INDUSTRIAL,BRONX,2024,1,364.82,0.09,65.99999999999999,0.0,0.0,8.19,-1.94
150,INDUSTRIAL,BRONX,2024,2,354.09,0.08,57.04,0.0,0.0,9.9,9.69
150,INDUSTRIAL,BRONX,2024,3,258.03000000000003,0.06,40.32,0.0,0.0,8.16,-49.38
150,INDUSTRIAL,BRONX,2024,4,308.78,0.07,51.269999999999996,0.0,0.0,8.66,-9.0
150,INDUSTRIAL,BRONX,2024,5,315.45,0.07,55.89,0.0,0.0,14.74,-12.49
150,INDUSTRIAL,BRONX,2024,6,315.03999999999996,0.07,58.68000000000001,0.0,0.0,9.11,-57.69
150,INDUSTRIAL,BRONX,2024,7,373.15,0.09,61.68,0.0,0.0,9.55,-26.93
150,INDUSTRIAL,BRONX,2024,8,479.04,0.11,78.1,0.0,0.0,9.63,-28.18
150,INDUSTRIAL,BRONX,2024,9,216.44,0.05,39.730000000000004,0.0,0.0,10.76,-43.56
150,INDUSTRIAL,BRONX,2024,10,313.77,0.07,48.78,0.0,0.0,10.0,19.38
150,INDUSTRIAL,BRONX,2024,11,486.35999999999996,0.11,75.88,0.0,0.0,13.64,35.33
150,INDUSTRIAL,BRONX,2024,12,371.1,0.09,62.01999999999999,0.0,0.0,9.93,-20.27
151,INDUSTRIAL,QUEENS,2022,1,3067.6700000000005,0.71,541.2,0.0,0.0,0.0,
151,INDUSTRIAL,QUEENS,2022,2,2733.31,0.64,467.39,0.0,0.0,0.0,
151,INDUSTRIAL,QUEENS,2022,3,3950.4599999999996,0.92,660.6600000000001,0.0,0.0,0.0,
151,INDUSTRIAL,QUEENS,2022,4,2253.28,0.53,377.51000000000005,0.0,0.0,0.0,
151,INDUSTRIAL,QUEENS,2022,5,2177.2799999999997,0.51,346.87,0.0,0.0,0.0,
151,INDUSTRIAL,QUEENS,2022,6,2596.48,0.6,456.40999999999997,0.0,0.0,0.0,
151,INDUSTRIAL,QUEENS,2022,7,3195.1000000000004,0.74,529.63,0.0,0.0,0.0,
151,INDUSTRIAL,QUEENS,2022,8,4410.67,1.03,774.9,0.0,0.0,0.0,
151,INDUSTRIAL,QUEENS,2022,9,2720.3499999999995,0.63,397.69,0.0,0.0,0.0,
151,INDUSTRIAL,QUEENS,2022,10,3857.73,0.9,632.8799999999999,0.0,0.0,0.0,
151,INDUSTRIAL,QUEENS,2022,11,4850.029999999999,1.13,836.6099999999999,0.0,0.0,0.0,
151,INDUSTRIAL,QUEENS,2022,12,3508.689999999999,0.82,627.3199999999999,0.0,0.0,0.0,
151,INDUSTRIAL,QUEENS,2023,1,2853.9399999999996,0.66,511.39000000000004,0.0,0.0,0.0,-6.97
151,INDUSTRIAL,QUEENS,2023,2,2605.0499999999997,0.61,442.79,0.0,0.0,0.0,-4.69
151,INDUSTRIAL,QUEENS,2023,3,3544.6400000000003,0.83,597.7399999999999,0.0,0.0,0.0,-10.27
151,INDUSTRIAL,QUEENS,2023,4,2360.91,0.55,395.79999999999995,0.0,0.0,0.0,4.78
151,INDUSTRIAL,QUEENS,2023,5,2268.0099999999998,0.53,355.2,0.0,0.0,0.0,4.17
151,INDUSTRIAL,QUEENS,2023,6,5641.01,1.31,1011.2499999999998,0.0,0.0,0.0,117.26
151,INDUSTRIAL,QUEENS,2023,7,3743.1199999999994,0.87,619.85,0.0,0.0,0.0,17.15
151,INDUSTRIAL,QUEENS,2023,8,4805.54,1.12,819.02,0.0,0.0,0.0,8.95
151,INDUSTRIAL,QUEENS,2023,9,2981.6699999999996,0.69,506.0099999999999,0.0,0.0,0.0,9.61
151,INDUSTRIAL,QUEENS,2023,10,2297.8199999999997,0.54,394.72,0.0,0.0,0.0,-40.44
151,INDUSTRIAL,QUEENS,2023,11,1955.3500000000001,0.46,318.09000000000003,0.0,0.0,0.0,-59.68
151,INDUSTRIAL,QUEENS,2023,12,3566.1800000000003,0.83,584.1199999999999,0.0,0.0,0.0,1.64
151,INDUSTRIAL,QUEENS,2024,1,2951.7,0.69,505.4900000000001,0.0,0.0,0.0,3.43
151,INDUSTRIAL,QUEENS,2024,2,2893.5000000000005,0.67,495.10999999999996,0.0,0.0,0.0,11.07
151,INDUSTRIAL,QUEENS,2024,3,2436.14,0.57,369.32000000000005,0.0,0.0,0.0,-31.27
151,INDUSTRIAL,QUEENS,2024,4,2399.2200000000003,0.56,395.4200000000001,0.0,0.0,0.0,1.62
151,INDUSTRIAL,QUEENS,2024,5,2871.54,0.67,483.29999999999995,0.0,0.0,0.0,26.61
151,INDUSTRIAL,QUEENS,2024,6,2992.3399999999997,0.7,511.65999999999997,0.0,0.0,0.0,-46.95
151,INDUSTRIAL,QUEENS,2024,7,3859.03,0.9,654.08,0.0,0.0,0.0,3.1
151,INDUSTRIAL,QUEENS,2024,8,3750.4299999999994,0.87,660.7499999999999,0.0,0.0,0.0,-21.96
151,INDUSTRIAL,QUEENS,2024,9,2510.14,0.58,429.40000000000003,0.0,0.0,0.0,-15.81
151,INDUSTRIAL,QUEENS,2024,10,2567.82,0.6,448.88000000000005,0.0,0.0,0.0,11.75
151,INDUSTRIAL,QUEENS,2024,11,3411.46,0.79,560.9,0.0,0.0,0.0,74.47
151,INDUSTRIAL,QUEENS,2024,12,2920.5800000000004,0.68,457.28999999999996,0.0,0.0,0.0,-18.1
152,COMMERCIAL OFFICE,STATEN ISLAND,2022,1,1706.0,0.4,276.36,0.0,0.0,0.0,
152,COMMERCIAL OFFICE,STATEN ISLAND,2022,2,1686.61,0.39,305.0,0.0,0.0,0.0,
152,COMMERCIAL OFFICE,STATEN ISLAND,2022,3,2222.25,0.52,403.23,0.0,0.0,0.0,
152,COMMERCIAL OFFICE,STATEN ISLAND,2022,4,1549.5899999999997,0.36,254.77999999999997,0.0,0.0,0.0,
152,COMMERCIAL OFFICE,STATEN ISLAND,2022,5,1251.97,0.29,200.45000000000002,0.0,0.0,0.0,
152,COMMERCIAL OFFICE,STATEN ISLAND,2022,6,1416.33,0.33,260.59000000000003,0.0,0.0,0.0,
152,COMMERCIAL OFFICE,STATEN ISLAND,2022,7,1700.78,0.4,309.38,0.0,0.0,0.0,
152,COMMERCIAL OFFICE,STATEN ISLAND,2022,8,2011.2999999999997,0.47,328.36000000000007,0.0,0.0,0.0,
152,COMMERCIAL OFFICE,STATEN ISLAND,2022,9,1520.8599999999997,0.35,236.8,0.0,0.0,0.0,
152,COMMERCIAL OFFICE,STATEN ISLAND,2022,10,1617.7399999999998,0.38,282.59999999999997,0.0,0.0,0.0,
152,COMMERCIAL OFFICE,STATEN ISLAND,2022,11,2506.04,0.58,422.9599999999999,0.0,0.0,0.0,
152,COMMERCIAL OFFICE,STATEN ISLAND,2022,12,2198.53,0.51,385.06,0.0,0.0,0.0,
152,COMMERCIAL OFFICE,STATEN ISLAND,2023,1,1686.46,0.39,299.17,0.0,0.0,0.0,-1.15
152,COMMERCIAL OFFICE,STATEN ISLAND,2023,2,1549.47,0.36,263.04,0.0,0.0,0.0,-8.13
152,COMMERCIAL OFFICE,STATEN ISLAND,2023,3,2439.97,0.57,434.46,0.0,0.0,0.0,9.8
152,COMMERCIAL OFFICE,STATEN ISLAND,2023,4,1212.23,0.28,190.95,0.0,0.0,0.0,-21.77
152,COMMERCIAL OFFICE,STATEN ISLAND,2023,5,1379.65,0.32,220.42,0.0,0.0,0.0,10.2
152,COMMERCIAL OFFICE,STATEN ISLAND,2023,6,3469.0399999999995,0.81,615.0799999999999,0.0,0.0,0.0,144.93
152,COMMERCIAL OFFICE,STATEN ISLAND,2023,7,1640.21,0.38,284.64,0.0,0.0,0.0,-3.56
152,COMMERCIAL OFFICE,STATEN ISLAND,2023,8,2681.0399999999995,0.62,483.16000000000014,0.0,0.0,0.0,33.3
152,COMMERCIAL OFFICE,STATEN ISLAND,2023,9,1459.05,0.34,252.78999999999996,0.0,0.0,0.0,-4.06
152,COMMERCIAL OFFICE,STATEN ISLAND,2023,10,888.5799999999999,0.21,149.41,0.0,0.0,0.0,-45.07
152,COMMERCIAL OFFICE,STATEN ISLAND,2023,11,1359.72,0.32,226.76,0.0,0.0,0.0,-45.74
152,COMMERCIAL OFFICE,STATEN ISLAND,2023,12,1812.8800000000003,0.42,287.45000000000005,0.0,0.0,0.0,-17.54
152,COMMERCIAL OFFICE,STATEN ISLAND,2024,1,1517.3300000000002,0.35,260.81,0.0,0.0,0.0,-10.03
152,COMMERCIAL OFFICE,STATEN ISLAND,2024,2,1734.3400000000001,0.4,278.72999999999996,0.0,0.0,0.0,11.93
152,COMMERCIAL OFFICE,STATEN ISLAND,2024,3,1167.23,0.27,176.01999999999998,0.0,0.0,0.0,-52.16
152,COMMERCIAL OFFICE,STATEN ISLAND,2024,4,1237.12,0.29,211.70999999999998,0.0,0.0,0.0,2.05
152,COMMERCIAL OFFICE,STATEN ISLAND,2024,5,1390.1999999999998,0.32,233.4,0.0,0.0,0.0,0.76
152,COMMERCIAL OFFICE,STATEN ISLAND,2024,6,1516.9800000000002,0.35,273.65,0.0,0.0,0.0,-56.27
152,COMMERCIAL OFFICE,STATEN ISLAND,2024,7,1614.4099999999999,0.38,288.72999999999996,0.0,0.0,0.0,-1.57
152,COMMERCIAL OFFICE,STATEN ISLAND,2024,8,2327.55,0.54,409.36,0.0,0.0,0.0,-13.18
152,COMMERCIAL OFFICE,STATEN ISLAND,2024,9,1087.76,0.25,209.41000000000003,0.0,0.0,0.0,-25.45
152,COMMERCIAL OFFICE,STATEN ISLAND,2024,10,1289.4399999999998,0.3,225.89,0.0,0.0,0.0,45.11
152,COMMERCIAL OFFICE,STATEN ISLAND,2024,11,2058.14,0.48,348.07,0.0,0.0,0.0,51.36
152,COMMERCIAL OFFICE,STATEN ISLAND,2024,12,1484.6100000000001,0.35,246.18999999999997,0.0,0.0,0.0,-18.11
153,COMMERCIAL OFFICE,MANHATTAN,2022,1,1087.17,0.25,186.78,0.0,0.0,9.85,
153,COMMERCIAL OFFICE,MANHATTAN,2022,2,1020.83,0.24,160.44,0.0,0.0,10.31,
153,COMMERCIAL OFFICE,MANHATTAN,2022,3,1487.45,0.35,232.42000000000002,0.0,0.0,8.76,
153,COMMERCIAL OFFICE,MANHATTAN,2022,4,1150.92,0.27,192.67,0.0,0.0,9.86,
153,COMMERCIAL OFFICE,MANHATTAN,2022,5,805.94,0.19,137.07999999999998,0.0,0.0,9.68,
153,COMMERCIAL OFFICE,MANHATTAN,2022,6,977.6399999999999,0.23,165.41,0.0,0.0,10.22,
153,COMMERCIAL OFFICE,MANHATTAN,2022,7,1237.17,0.29,207.89000000000001,0.0,0.0,9.63,
153,COMMERCIAL OFFICE,MANHATTAN,2022,8,1142.0,0.27,187.93,0.0,0.0,10.68,
153,COMMERCIAL OFFICE,MANHATTAN,2022,9,930.3199999999999,0.22,157.86999999999998,0.0,0.0,10.63,
153,COMMERCIAL OFFICE,MANHATTAN,2022,10,1288.6599999999999,0.3,237.33000000000004,0.0,0.0,9.23,
153,COMMERCIAL OFFICE,MANHATTAN,2022,11,1918.63,0.45,338.42,0.0,0.0,10.83,
153,COMMERCIAL OFFICE,MANHATTAN,2022,12,1442.0699999999997,0.34,241.10999999999996,0.0,0.0,9.13,
153,COMMERCIAL OFFICE,MANHATTAN,2023,1,1174.73,0.27,217.15,0.0,0.0,9.61,8.05
153,COMMERCIAL OFFICE,MANHATTAN,2023,2,984.4499999999999,0.23,160.60999999999999,0.0,0.0,11.87,-3.56
153,COMMERCIAL OFFICE,MANHATTAN,2023,3,1617.3899999999999,0.38,296.55,0.0,0.0,8.24,8.74
153,COMMERCIAL OFFICE,MANHATTAN,2023,4,1101.21,0.26,177.46999999999997,0.0,0.0,9.99,-4.32
153,COMMERCIAL OFFICE,MANHATTAN,2023,5,938.56,0.22,176.39999999999998,0.0,0.0,11.38,16.46
153,COMMERCIAL OFFICE,MANHATTAN,2023,6,2549.2899999999995,0.59,436.95000000000005,0.0,0.0,8.72,160.76
153,COMMERCIAL OFFICE,MANHATTAN,2023,7,1521.43,0.35,269.49,0.0,0.0,12.89,22.98
153,COMMERCIAL OFFICE,MANHATTAN,2023,8,1931.9199999999996,0.45,341.22,0.0,0.0,11.32,69.17
153,COMMERCIAL OFFICE,MANHATTAN,2023,9,1120.2300000000002,0.26,178.07,0.0,0.0,9.34,20.41
153,COMMERCIAL OFFICE,MANHATTAN,2023,10,951.52,0.22,161.04999999999998,0.0,0.0,9.99,-26.16
153,COMMERCIAL OFFICE,MANHATTAN,2023,11,1099.7700000000002,0.26,187.79999999999998,0.0,0.0,10.4,-42.68
153,COMMERCIAL OFFICE,MANHATTAN,2023,12,1444.51,0.34,250.48000000000002,0.0,0.0,7.94,0.17
153,COMMERCIAL OFFICE,MANHATTAN,2024,1,1096.64,0.26,175.37,0.0,0.0,10.95,-6.65
153,COMMERCIAL OFFICE,MANHATTAN,2024,2,1243.63,0.29,210.21,0.0,0.0,10.89,26.33
153,COMMERCIAL OFFICE,MANHATTAN,2024,3,859.8900000000001,0.2,139.92000000000002,0.0,0.0,7.01,-46.83
153,COMMERCIAL OFFICE,MANHATTAN,2024,4,990.5699999999999,0.23,162.66000000000003,0.0,0.0,11.28,-10.05
153,COMMERCIAL OFFICE,MANHATTAN,2024,5,1194.0100000000002,0.28,203.5,0.0,0.0,10.57,27.22
153,COMMERCIAL OFFICE,MANHATTAN,2024,6,1083.66,0.25,185.32,0.0,0.0,10.38,-57.49
153,COMMERCIAL OFFICE,MANHATTAN,2024,7,1250.31,0.29,194.96,0.0,0.0,9.6,-17.82
153,COMMERCIAL OFFICE,MANHATTAN,2024,8,1577.1299999999999,0.37,256.59,0.0,0.0,12.01,-18.36
153,COMMERCIAL OFFICE,MANHATTAN,2024,9,700.1199999999999,0.16,130.17,0.0,0.0,7.84,-37.5
153,COMMERCIAL OFFICE,MANHATTAN,2024,10,1096.67,0.26,174.74,0.0,0.0,9.95,15.25
153,COMMERCIAL OFFICE,MANHATTAN,2024,11,1443.37,0.34,219.76999999999995,0.0,0.0,10.42,31.24
153,COMMERCIAL OFFICE,MANHATTAN,2024,12,1244.21,0.29,218.51000000000005,0.0,0.0,10.36,-13.87
154,MIXED-USE,MANHATTAN,2022,1,252.79,0.06,42.61,0.0,0.0,9.02,
154,MIXED-USE,MANHATTAN,2022,2,179.32,0.04,28.72,0.0,0.0,9.58,
154,MIXED-USE,MANHATTAN,2022,3,281.41999999999996,0.07,49.51,0.0,0.0,7.63,
154,MIXED-USE,MANHATTAN,2022,4,188.01000000000002,0.04,32.21000000000001,0.0,0.0,9.62,
154,MIXED-USE,MANHATTAN,2022,5,150.54,0.04,25.36,0.0,0.0,10.04,
154,MIXED-USE,MANHATTAN,2022,6,182.66000000000003,0.04,32.39,0.0,0.0,8.69,
154,MIXED-USE,MANHATTAN,2022,7,184.72,0.04,30.799999999999994,0.0,0.0,13.01,
154,MIXED-USE,MANHATTAN,2022,8,235.2,0.05,44.260000000000005,0.0,0.0,11.33,
154,MIXED-USE,MANHATTAN,2022,9,204.38,0.05,35.32000000000001,0.0,0.0,11.96,
154,MIXED-USE,MANHATTAN,2022,10,268.25000000000006,0.06,43.260000000000005,0.0,0.0,9.43,
154,MIXED-USE,MANHATTAN,2022,11,278.62000000000006,0.06,51.419999999999995,0.0,0.0,10.51,
154,MIXED-USE,MANHATTAN,2022,12,295.76,0.07,54.040000000000006,0.0,0.0,10.92,
154,MIXED-USE,MANHATTAN,2023,1,218.49,0.05,39.019999999999996,0.0,0.0,10.43,-13.57
154,MIXED-USE,MANHATTAN,2023,2,149.99,0.03,24.06,0.0,0.0,7.09,-16.36
154,MIXED-USE,MANHATTAN,2023,3,261.23,0.06,41.92,0.0,0.0,10.02,-7.17
154,MIXED-USE,MANHATTAN,2023,4,116.39,0.03,20.76,0.0,0.0,9.49,-38.09
154,MIXED-USE,MANHATTAN,2023,5,157.56,0.04,24.38,0.0,0.0,11.58,4.66
154,MIXED-USE,MANHATTAN,2023,6,400.0099999999999,0.09,73.01,0.0,0.0,11.79,118.99
154,MIXED-USE,MANHATTAN,2023,7,235.73999999999998,0.05,43.27,0.0,0.0,7.8,27.62
154,MIXED-USE,MANHATTAN,2023,8,316.52000000000004,0.07,52.70999999999999,0.0,0.0,8.99,34.57
154,MIXED-USE,MANHATTAN,2023,9,182.42,0.04,29.51,0.0,0.0,11.04,-10.74
154,MIXED-USE,MANHATTAN,2023,10,123.74000000000002,0.03,20.580000000000002,0.0,0.0,12.34,-53.87
154,MIXED-USE,MANHATTAN,2023,11,186.31,0.04,32.67,0.0,0.0,7.57,-33.13
154,MIXED-USE,MANHATTAN,2023,12,259.21999999999997,0.06,46.440000000000005,0.0,0.0,8.32,-12.35
154,MIXED-USE,MANHATTAN,2024,1,222.36999999999998,0.05,35.95,0.0,0.0,10.23,1.78
154,MIXED-USE,MANHATTAN,2024,2,217.90999999999997,0.05,38.68,0.0,0.0,10.19,45.28
154,MIXED-USE,MANHATTAN,2024,3,169.14000000000004,0.04,30.46,0.0,0.0,12.37,-35.25
154,MIXED-USE,MANHATTAN,2024,4,128.48999999999998,0.03,22.48,0.0,0.0,7.47,10.4
154,MIXED-USE,MANHATTAN,2024,5,178.95,0.04,30.01,0.0,0.0,8.86,13.58
154,MIXED-USE,MANHATTAN,2024,6,224.29,0.05,38.510000000000005,0.0,0.0,8.69,-43.93
154,MIXED-USE,MANHATTAN,2024,7,235.78000000000003,0.05,39.54,0.0,0.0,9.84,0.02
154,MIXED-USE,MANHATTAN,2024,8,268.71,0.06,48.62,0.0,0.0,9.13,-15.1
154,MIXED-USE,MANHATTAN,2024,9,158.98,0.04,27.570000000000004,0.0,0.0,7.15,-12.85
154,MIXED-USE,MANHATTAN,2024,10,194.68000000000004,0.05,33.410000000000004,0.0,0.0,9.41,57.33
154,MIXED-USE,MANHATTAN,2024,11,257.28,0.06,46.53,0.0,0.0,8.55,38.09
154,MIXED-USE,MANHATTAN,2024,12,153.11999999999998,0.04,26.740000000000002,0.0,0.0,10.91,-40.93
155,GOVERNMENT,MANHATTAN,2022,1,542.2099999999999,0.13,88.14,0.0,0.0,10.29,
155,GOVERNMENT,MANHATTAN,2022,2,368.63,0.09,61.04,0.0,0.0,8.49,
155,GOVERNMENT,MANHATTAN,2022,3,535.53,0.12,95.13999999999999,0.0,0.0,10.15,
155,GOVERNMENT,MANHATTAN,2022,4,435.47,0.1,73.55000000000001,0.0,0.0,7.71,
155,GOVERNMENT,MANHATTAN,2022,5,409.31000000000006,0.1,75.08,0.0,0.0,12.21,
155,GOVERNMENT,MANHATTAN,2022,6,453.22999999999996,0.11,76.63999999999999,0.0,0.0,8.84,
155,GOVERNMENT,MANHATTAN,2022,7,393.42,0.09,63.290000000000006,0.0,0.0,10.63,
155,GOVERNMENT,MANHATTAN,2022,8,509.56,0.12,83.71,0.0,0.0,10.12,
155,GOVERNMENT,MANHATTAN,2022,9,445.08,0.1,76.27999999999999,0.0,0.0,9.13,
155,GOVERNMENT,MANHATTAN,2022,10,640.25,0.15,109.53999999999999,0.0,0.0,10.1,
155,GOVERNMENT,MANHATTAN,2022,11,689.08,0.16,113.81,0.0,0.0,8.79,
155,GOVERNMENT,MANHATTAN,2022,12,555.01,0.13,85.11000000000001,0.0,0.0,8.89,
155,GOVERNMENT,MANHATTAN,2023,1,449.99,0.1,77.85999999999999,0.0,0.0,9.78,-17.01
155,GOVERNMENT,MANHATTAN,2023,2,420.58,0.1,79.26,0.0,0.0,11.21,14.09
155,GOVERNMENT,MANHATTAN,2023,3,678.99,0.16,124.83999999999999,0.0,0.0,10.52,26.79
155,GOVERNMENT,MANHATTAN,2023,4,357.35,0.08,60.27,0.0,0.0,7.05,-17.94
155,GOVERNMENT,MANHATTAN,2023,5,399.02000000000004,0.09,63.019999999999996,0.0,0.0,11.05,-2.51
155,GOVERNMENT,MANHATTAN,2023,6,923.7599999999998,0.22,161.86999999999998,0.0,0.0,8.55,103.82
155,GOVERNMENT,MANHATTAN,2023,7,514.71,0.12,91.4,0.0,0.0,12.15,30.83
155,GOVERNMENT,MANHATTAN,2023,8,780.5500000000001,0.18,140.26,0.0,0.0,12.13,53.18
155,GOVERNMENT,MANHATTAN,2023,9,380.9799999999999,0.09,58.78000000000001,0.0,0.0,8.08,-14.4
155,GOVERNMENT,MANHATTAN,2023,10,360.77000000000004,0.08,62.02,0.0,0.0,10.05,-43.65
155,GOVERNMENT,MANHATTAN,2023,11,427.29999999999995,0.1,76.64000000000001,0.0,0.0,10.2,-37.99
155,GOVERNMENT,MANHATTAN,2023,12,598.48,0.14,103.57000000000002,0.0,0.0,9.49,7.83
155,GOVERNMENT,MANHATTAN,2024,1,513.68,0.12,93.96,0.0,0.0,9.0,14.15
155,GOVERNMENT,MANHATTAN,2024,2,563.18,0.13,94.95,0.0,0.0,8.52,33.91
155,GOVERNMENT,MANHATTAN,2024,3,401.90000000000003,0.09,71.0,0.0,0.0,8.72,-40.81
155,GOVERNMENT,MANHATTAN,2024,4,388.46999999999997,0.09,66.06,0.0,0.0,12.55,8.71
155,GOVERNMENT,MANHATTAN,2024,5,447.66,0.1,75.74,0.0,0.0,7.5,12.19
155,GOVERNMENT,MANHATTAN,2024,6,408.31,0.1,68.67,0.0,0.0,10.18,-55.8
155,GOVERNMENT,MANHATTAN,2024,7,549.79,0.13,99.88999999999999,0.0,0.0,12.49,6.82
155,GOVERNMENT,MANHATTAN,2024,8,662.2900000000001,0.15,111.89999999999998,0.0,0.0,10.44,-15.15
155,GOVERNMENT,MANHATTAN,2024,9,356.40999999999997,0.08,54.17,0.0,0.0,9.54,-6.45
155,GOVERNMENT,MANHATTAN,2024,10,423.37,0.1,71.14,0.0,0.0,9.08,17.35
155,GOVERNMENT,MANHATTAN,2024,11,646.23,0.15,111.25999999999999,0.0,0.0,11.23,51.24
155,GOVERNMENT,MANHATTAN,2024,12,475.94,0.11,84.01999999999998,0.0,0.0,11.12,-20.48
156,COMMERCIAL OFFICE,QUEENS,2022,1,1749.61,0.41,284.94,0.0,0.0,0.0,
156,COMMERCIAL OFFICE,QUEENS,2022,2,1553.2300000000002,0.36,255.14999999999998,0.0,0.0,0.0,
156,COMMERCIAL OFFICE,QUEENS,2022,3,1962.4,0.46,337.47999999999996,0.0,0.0,0.0,
156,COMMERCIAL OFFICE,QUEENS,2022,4,1432.3900000000003,0.33,257.71,0.0,0.0,0.0,
156,COMMERCIAL OFFICE,QUEENS,2022,5,1151.6000000000001,0.27,197.93,0.0,0.0,0.0,
156,COMMERCIAL OFFICE,QUEENS,2022,6,1165.23,0.27,193.64,0.0,0.0,0.0,
156,COMMERCIAL OFFICE,QUEENS,2022,7,1516.8000000000002,0.35,236.79,0.0,0.0,0.0,
156,COMMERCIAL OFFICE,QUEENS,2022,8,1917.4,0.45,336.2,0.0,0.0,0.0,
156,COMMERCIAL OFFICE,QUEENS,2022,9,1372.83,0.32,244.84,0.0,0.0,0.0,
156,COMMERCIAL OFFICE,QUEENS,2022,10,1753.5700000000002,0.41,320.9,0.0,0.0,0.0,
156,COMMERCIAL OFFICE,QUEENS,2022,11,1762.28,0.41,298.77,0.0,0.0,0.0,
156,COMMERCIAL OFFICE,QUEENS,2022,12,2298.5799999999995,0.54,395.83000000000004,0.0,0.0,0.0,
156,COMMERCIAL OFFICE,QUEENS,2023,1,1627.6499999999999,0.38,266.55,0.0,0.0,0.0,-6.97
156,COMMERCIAL OFFICE,QUEENS,2023,2,1216.88,0.28,212.88,0.0,0.0,0.0,-21.65
156,COMMERCIAL OFFICE,QUEENS,2023,3,1907.0800000000002,0.44,318.52,0.0,0.0,0.0,-2.82
156,COMMERCIAL OFFICE,QUEENS,2023,4,1288.27,0.3,210.51999999999998,0.0,0.0,0.0,-10.06
156,COMMERCIAL OFFICE,QUEENS,2023,5,1206.66,0.28,206.70999999999998,0.0,0.0,0.0,4.78
156,COMMERCIAL OFFICE,QUEENS,2023,6,2966.6800000000007,0.69,496.28,0.0,0.0,0.0,154.6
156,COMMERCIAL OFFICE,QUEENS,2023,7,1989.23,0.46,343.03999999999996,0.0,0.0,0.0,31.15
156,COMMERCIAL OFFICE,QUEENS,2023,8,2606.84,0.61,412.41,0.0,0.0,0.0,35.96
156,COMMERCIAL OFFICE,QUEENS,2023,9,1322.9299999999998,0.31,230.85,0.0,0.0,0.0,-3.63
156,COMMERCIAL OFFICE,QUEENS,2023,10,1140.65,0.27,184.65000000000003,0.0,0.0,0.0,-34.95
156,COMMERCIAL OFFICE,QUEENS,2023,11,1454.84,0.34,226.07999999999998,0.0,0.0,0.0,-17.45
156,COMMERCIAL OFFICE,QUEENS,2023,12,1684.28,0.39,276.94,0.0,0.0,0.0,-26.73
156,COMMERCIAL OFFICE,QUEENS,2024,1,1452.49,0.34,246.13,0.0,0.0,0.0,-10.76
156,COMMERCIAL OFFICE,QUEENS,2024,2,1653.4399999999998,0.39,286.55,0.0,0.0,0.0,35.88
156,COMMERCIAL OFFICE,QUEENS,2024,3,1137.7800000000002,0.27,193.19000000000003,0.0,0.0,0.0,-40.34
156,COMMERCIAL OFFICE,QUEENS,2024,4,1142.23,0.27,193.28,0.0,0.0,0.0,-11.34
156,COMMERCIAL OFFICE,QUEENS,2024,5,1528.69,0.36,275.49,0.0,0.0,0.0,26.69
156,COMMERCIAL OFFICE,QUEENS,2024,6,1448.08,0.34,250.02,0.0,0.0,0.0,-51.19
156,COMMERCIAL OFFICE,QUEENS,2024,7,1530.03,0.36,275.97999999999996,0.0,0.0,0.0,-23.08
156,COMMERCIAL OFFICE,QUEENS,2024,8,1912.96,0.45,345.51,0.0,0.0,0.0,-26.62
156,COMMERCIAL OFFICE,QUEENS,2024,9,1062.0300000000002,0.25,171.47,0.0,0.0,0.0,-19.72
156,COMMERCIAL OFFICE,QUEENS,2024,10,1439.4099999999996,0.34,254.52000000000004,0.0,0.0,0.0,26.19
156,COMMERCIAL OFFICE,QUEENS,2024,11,2093.41,0.49,359.3,0.0,0.0,0.0,43.89
156,COMMERCIAL OFFICE,QUEENS,2024,12,1587.34,0.37,261.89000000000004,0.0,0.0,0.0,-5.76
157,INDUSTRIAL,QUEENS,2022,1,461.15999999999997,0.11,77.33999999999999,0.0,0.0,0.0,
157,INDUSTRIAL,QUEENS,2022,2,357.51,0.08,66.7,0.0,0.0,0.0,
157,INDUSTRIAL,QUEENS,2022,3,588.4399999999999,0.14,106.12999999999998,0.0,0.0,0.0,
157,INDUSTRIAL,QUEENS,2022,4,285.43,0.07,50.05,0.0,0.0,0.0,
157,INDUSTRIAL,QUEENS,2022,5,315.62,0.07,54.41999999999999,0.0,0.0,0.0,
157,INDUSTRIAL,QUEENS,2022,6,370.82,0.09,64.24,0.0,0.0,0.0,
157,INDUSTRIAL,QUEENS,2022,7,488.5800000000001,0.11,80.63999999999999,0.0,0.0,0.0,
157,INDUSTRIAL,QUEENS,2022,8,579.9300000000001,0.14,98.32000000000001,0.0,0.0,0.0,
157,INDUSTRIAL,QUEENS,2022,9,397.48,0.09,63.160000000000004,0.0,0.0,0.0,
157,INDUSTRIAL,QUEENS,2022,10,505.62,0.12,79.08,0.0,0.0,0.0,
157,INDUSTRIAL,QUEENS,2022,11,619.38,0.14,104.16,0.0,0.0,0.0,
157,INDUSTRIAL,QUEENS,2022,12,478.38,0.11,79.24,0.0,0.0,0.0,
157,INDUSTRIAL,QUEENS,2023,1,408.17,0.1,67.6,0.0,0.0,0.0,-11.49
157,INDUSTRIAL,QUEENS,2023,2,399.72999999999996,0.09,68.84,0.0,0.0,0.0,11.81
157,INDUSTRIAL,QUEENS,2023,3,588.13,0.14,100.54,0.0,0.0,0.0,-0.05
157,INDUSTRIAL,QUEENS,2023,4,367.40999999999997,0.09,65.08,0.0,0.0,0.0,28.72
157,INDUSTRIAL,QUEENS,2023,5,270.95,0.06,43.22,0.0,0.0,0.0,-14.15
157,INDUSTRIAL,QUEENS,2023,6,893.13,0.21,148.14,0.0,0.0,0.0,140.85
157,INDUSTRIAL,QUEENS,2023,7,569.35,0.13,93.46,0.0,0.0,0.0,16.53
157,INDUSTRIAL,QUEENS,2023,8,702.0899999999999,0.16,116.14999999999999,0.0,0.0,0.0,21.06
157,INDUSTRIAL,QUEENS,2023,9,408.63,0.1,64.75999999999999,0.0,0.0,0.0,2.81
157,INDUSTRIAL,QUEENS,2023,10,238.01999999999998,0.06,45.13,0.0,0.0,0.0,-52.93
157,INDUSTRIAL,QUEENS,2023,11,336.02,0.08,61.760000000000005,0.0,0.0,0.0,-45.75
157,INDUSTRIAL,QUEENS,2023,12,567.5999999999999,0.13,93.76,0.0,0.0,0.0,18.65
157,INDUSTRIAL,QUEENS,2024,1,407.46000000000004,0.09,73.9,0.0,0.0,0.0,-0.17
157,INDUSTRIAL,QUEENS,2024,2,410.93,0.1,60.6,0.0,0.0,0.0,2.8
157,INDUSTRIAL,QUEENS,2024,3,325.7,0.08,54.17000000000001,0.0,0.0,0.0,-44.62
157,INDUSTRIAL,QUEENS,2024,4,388.69000000000005,0.09,67.66,0.0,0.0,0.0,5.79
157,INDUSTRIAL,QUEENS,2024,5,374.93000000000006,0.09,61.750000000000014,0.0,0.0,0.0,38.38
157,INDUSTRIAL,QUEENS,2024,6,417.37000000000006,0.1,70.82000000000001,0.0,0.0,0.0,-53.27
157,INDUSTRIAL,QUEENS,2024,7,415.31,0.1,71.78999999999999,0.0,0.0,0.0,-27.06
157,INDUSTRIAL,QUEENS,2024,8,541.5200000000001,0.13,91.43,0.0,0.0,0.0,-22.87
157,INDUSTRIAL,QUEENS,2024,9,295.45000000000005,0.07,49.660000000000004,0.0,0.0,0.0,-27.7
157,INDUSTRIAL,QUEENS,2024,10,382.6,0.09,69.74,0.0,0.0,0.0,60.74
157,INDUSTRIAL,QUEENS,2024,11,518.31,0.12,94.15999999999998,0.0,0.0,0.0,54.25
157,INDUSTRIAL,QUEENS,2024,12,439.39,0.1,73.77000000000001,0.0,0.0,0.0,-22.59
158,GOVERNMENT,STATEN ISLAND,2022,1,742.0699999999999,0.17,129.15,0.0,0.0,0.0,
158,GOVERNMENT,STATEN ISLAND,2022,2,737.0899999999999,0.17,114.67000000000002,0.0,0.0,0.0,
158,GOVERNMENT,STATEN ISLAND,2022,3,1165.5,0.27,197.54,0.0,0.0,0.0,
158,GOVERNMENT,STATEN ISLAND,2022,4,784.2699999999999,0.18,136.41,0.0,0.0,0.0,
158,GOVERNMENT,STATEN ISLAND,2022,5,570.2700000000001,0.13,105.92999999999999,0.0,0.0,0.0,
158,GOVERNMENT,STATEN ISLAND,2022,6,757.26,0.18,131.82,0.0,0.0,0.0,
158,GOVERNMENT,STATEN ISLAND,2022,7,797.75,0.19,129.06,0.0,0.0,0.0,
158,GOVERNMENT,STATEN ISLAND,2022,8,1071.8899999999999,0.25,172.93000000000004,0.0,0.0,0.0,
158,GOVERNMENT,STATEN ISLAND,2022,9,856.6399999999999,0.2,143.39000000000001,0.0,0.0,0.0,
158,GOVERNMENT,STATEN ISLAND,2022,10,1025.09,0.24,172.39000000000001,0.0,0.0,0.0,
158,GOVERNMENT,STATEN ISLAND,2022,11,1063.2900000000002,0.25,178.13000000000002,0.0,0.0,0.0,
158,GOVERNMENT,STATEN ISLAND,2022,12,1151.9099999999999,0.27,186.52,0.0,0.0,0.0,
158,GOVERNMENT,STATEN ISLAND,2023,1,904.15,0.21,155.1,0.0,0.0,0.0,21.84
158,GOVERNMENT,STATEN ISLAND,2023,2,671.3600000000001,0.16,109.28,0.0,0.0,0.0,-8.92
158,GOVERNMENT,STATEN ISLAND,2023,3,1219.0000000000002,0.28,208.02,0.0,0.0,0.0,4.59
158,GOVERNMENT,STATEN ISLAND,2023,4,747.16,0.17,130.69,0.0,0.0,0.0,-4.73
158,GOVERNMENT,STATEN ISLAND,2023,5,694.7599999999999,0.16,110.61,0.0,0.0,0.0,21.83
158,GOVERNMENT,STATEN ISLAND,2023,6,1560.8899999999999,0.36,262.05999999999995,0.0,0.0,0.0,106.12
158,GOVERNMENT,STATEN ISLAND,2023,7,1081.8200000000002,0.25,191.51999999999998,0.0,0.0,0.0,35.61
158,GOVERNMENT,STATEN ISLAND,2023,8,1440.29,0.34,243.64999999999998,0.0,0.0,0.0,34.37
158,GOVERNMENT,STATEN ISLAND,2023,9,809.89,0.19,132.55,0.0,0.0,0.0,-5.46
158,GOVERNMENT,STATEN ISLAND,2023,10,578.9199999999998,0.13,91.79,0.0,0.0,0.0,-43.52
158,GOVERNMENT,STATEN ISLAND,2023,11,703.17,0.16,117.88000000000002,0.0,0.0,0.0,-33.87
158,GOVERNMENT,STATEN ISLAND,2023,12,1124.52,0.26,190.81,0.0,0.0,0.0,-2.38
158,GOVERNMENT,STATEN ISLAND,2024,1,940.3999999999999,0.22,144.94,0.0,0.0,0.0,4.01
158,GOVERNMENT,STATEN ISLAND,2024,2,777.9699999999999,0.18,134.68,0.0,0.0,0.0,15.88
158,GOVERNMENT,STATEN ISLAND,2024,3,655.6,0.15,112.77000000000001,0.0,0.0,0.0,-46.22
158,GOVERNMENT,STATEN ISLAND,2024,4,684.0999999999999,0.16,112.03999999999999,0.0,0.0,0.0,-8.44
158,GOVERNMENT,STATEN ISLAND,2024,5,756.7999999999998,0.18,124.82,0.0,0.0,0.0,8.93
158,GOVERNMENT,STATEN ISLAND,2024,6,697.8599999999999,0.16,119.56000000000002,0.0,0.0,0.0,-55.29
158,GOVERNMENT,STATEN ISLAND,2024,7,901.24,0.21,162.13,0.0,0.0,0.0,-16.69
158,GOVERNMENT,STATEN ISLAND,2024,8,912.0100000000001,0.21,160.14999999999998,0.0,0.0,0.0,-36.68
158,GOVERNMENT,STATEN ISLAND,2024,9,640.58,0.15,106.14,0.0,0.0,0.0,-20.91
158,GOVERNMENT,STATEN ISLAND,2024,10,677.9100000000001,0.16,112.86,0.0,0.0,0.0,17.1
158,GOVERNMENT,STATEN ISLAND,2024,11,901.8699999999999,0.21,146.98,0.0,0.0,0.0,28.26
158,GOVERNMENT,STATEN ISLAND,2024,12,925.09,0.22,149.26,0.0,0.0,0.0,-17.73
159,INDUSTRIAL,MANHATTAN,2022,1,300.63,0.07,53.76,0.0,0.0,0.0,
159,INDUSTRIAL,MANHATTAN,2022,2,239.64999999999998,0.06,40.58,0.0,0.0,0.0,
159,INDUSTRIAL,MANHATTAN,2022,3,409.34999999999997,0.1,70.29,0.0,0.0,0.0,
159,INDUSTRIAL,MANHATTAN,2022,4,302.03000000000003,0.07,49.94000000000001,0.0,0.0,0.0,
159,INDUSTRIAL,MANHATTAN,2022,5,184.88,0.04,29.730000000000004,0.0,0.0,0.0,
159,INDUSTRIAL,MANHATTAN,2022,6,265.01,0.06,45.779999999999994,0.0,0.0,0.0,
159,INDUSTRIAL,MANHATTAN,2022,7,262.02,0.06,47.05,0.0,0.0,0.0,
159,INDUSTRIAL,MANHATTAN,2022,8,357.35,0.08,60.41000000000001,0.0,0.0,0.0,
159,INDUSTRIAL,MANHATTAN,2022,9,300.56999999999994,0.07,51.85999999999999,0.0,0.0,0.0,
159,INDUSTRIAL,MANHATTAN,2022,10,396.37,0.09,68.03,0.0,0.0,0.0,
159,INDUSTRIAL,MANHATTAN,2022,11,420.4700000000001,0.1,74.07,0.0,0.0,0.0,
159,INDUSTRIAL,MANHATTAN,2022,12,399.30999999999995,0.09,67.43,0.0,0.0,0.0,
159,INDUSTRIAL,MANHATTAN,2023,1,324.03,0.08,58.09,0.0,0.0,0.0,7.78
159,INDUSTRIAL,MANHATTAN,2023,2,267.3,0.06,42.190000000000005,0.0,0.0,0.0,11.54
159,INDUSTRIAL,MANHATTAN,2023,3,366.74000000000007,0.09,62.970000000000006,0.0,0.0,0.0,-10.41
159,INDUSTRIAL,MANHATTAN,2023,4,225.32,0.05,37.99,0.0,0.0,0.0,-25.4
159,INDUSTRIAL,MANHATTAN,2023,5,250.17000000000002,0.06,42.2,0.0,0.0,0.0,35.31
159,INDUSTRIAL,MANHATTAN,2023,6,595.74,0.14,106.02999999999999,0.0,0.0,0.0,124.8
159,INDUSTRIAL,MANHATTAN,2023,7,371.74999999999994,0.09,64.89,0.0,0.0,0.0,41.88
159,INDUSTRIAL,MANHATTAN,2023,8,509.26,0.12,86.67,0.0,0.0,0.0,42.51
159,INDUSTRIAL,MANHATTAN,2023,9,299.98999999999995,0.07,53.67,0.0,0.0,0.0,-0.19
159,INDUSTRIAL,MANHATTAN,2023,10,230.42,0.05,35.31999999999999,0.0,0.0,0.0,-41.87
159,INDUSTRIAL,MANHATTAN,2023,11,270.48,0.06,47.43000000000001,0.0,0.0,0.0,-35.67
159,INDUSTRIAL,MANHATTAN,2023,12,384.11999999999995,0.09,61.86,0.0,0.0,0.0,-3.8
159,INDUSTRIAL,MANHATTAN,2024,1,288.36,0.07,45.38000000000001,0.0,0.0,0.0,-11.01
159,INDUSTRIAL,MANHATTAN,2024,2,327.24,0.08,56.349999999999994,0.0,0.0,0.0,22.42
159,INDUSTRIAL,MANHATTAN,2024,3,271.21000000000004,0.06,44.54,0.0,0.0,0.0,-26.05
159,INDUSTRIAL,MANHATTAN,2024,4,252.87,0.06,40.42000000000001,0.0,0.0,0.0,12.23
159,INDUSTRIAL,MANHATTAN,2024,5,306.71999999999997,0.07,53.199999999999996,0.0,0.0,0.0,22.6
159,INDUSTRIAL,MANHATTAN,2024,6,285.0,0.07,48.0,0.0,0.0,0.0,-52.16
159,INDUSTRIAL,MANHATTAN,2024,7,270.13,0.06,49.66,0.0,0.0,0.0,-27.34
159,INDUSTRIAL,MANHATTAN,2024,8,368.96999999999997,0.09,61.98,0.0,0.0,0.0,-27.55
159,INDUSTRIAL,MANHATTAN,2024,9,224.08999999999997,0.05,40.62,0.0,0.0,0.0,-25.3
159,INDUSTRIAL,MANHATTAN,2024,10,252.44000000000003,0.06,48.019999999999996,0.0,0.0,0.0,9.56
159,INDUSTRIAL,MANHATTAN,2024,11,391.1999999999999,0.09,64.83,0.0,0.0,0.0,44.63
159,INDUSTRIAL,MANHATTAN,2024,12,305.31,0.07,54.290000000000006,0.0,0.0,0.0,-20.52
160,COMMERCIAL OFFICE,MANHATTAN,2022,1,1402.31,0.33,244.46999999999997,0.0,0.0,0.0,
160,COMMERCIAL OFFICE,MANHATTAN,2022,2,1110.46,0.26,192.33999999999997,0.0,0.0,0.0,
160,COMMERCIAL OFFICE,MANHATTAN,2022,3,1627.1200000000003,0.38,281.27,0.0,0.0,0.0,
160,COMMERCIAL OFFICE,MANHATTAN,2022,4,1318.97,0.31,217.12,0.0,0.0,0.0,
160,COMMERCIAL OFFICE,MANHATTAN,2022,5,947.5199999999999,0.22,166.26000000000002,0.0,0.0,0.0,
160,COMMERCIAL OFFICE,MANHATTAN,2022,6,1038.82,0.24,189.93,0.0,0.0,0.0,
160,COMMERCIAL OFFICE,MANHATTAN,2022,7,1376.01,0.32,213.25000000000003,0.0,0.0,0.0,
160,COMMERCIAL OFFICE,MANHATTAN,2022,8,1557.5800000000002,0.36,240.83000000000004,0.0,0.0,0.0,
160,COMMERCIAL OFFICE,MANHATTAN,2022,9,1511.3300000000002,0.35,265.47,0.0,0.0,0.0,
160,COMMERCIAL OFFICE,MANHATTAN,2022,10,1428.44,0.33,254.91000000000003,0.0,0.0,0.0,
160,COMMERCIAL OFFICE,MANHATTAN,2022,11,1879.32,0.44,299.35999999999996,0.0,0.0,0.0,
160,COMMERCIAL OFFICE,MANHATTAN,2022,12,1486.9699999999998,0.35,252.25,0.0,0.0,0.0,
160,COMMERCIAL OFFICE,MANHATTAN,2023,1,1248.1799999999998,0.29,210.75000000000006,0.0,0.0,0.0,-10.99
160,COMMERCIAL OFFICE,MANHATTAN,2023,2,1000.28,0.23,169.36,0.0,0.0,0.0,-9.92
160,COMMERCIAL OFFICE,MANHATTAN,2023,3,1893.1100000000001,0.44,334.41,0.0,0.0,0.0,16.35
160,COMMERCIAL OFFICE,MANHATTAN,2023,4,1099.06,0.26,199.01,0.0,0.0,0.0,-16.67
160,COMMERCIAL OFFICE,MANHATTAN,2023,5,926.36,0.22,158.01999999999998,0.0,0.0,0.0,-2.23
160,COMMERCIAL OFFICE,MANHATTAN,2023,6,2670.570000000001,0.62,482.34999999999997,0.0,0.0,0.0,157.08
160,COMMERCIAL OFFICE,MANHATTAN,2023,7,1139.92,0.27,198.73000000000002,0.0,0.0,0.0,-17.16
160,COMMERCIAL OFFICE,MANHATTAN,2023,8,2278.29,0.53,383.52000000000004,0.0,0.0,0.0,46.27
160,COMMERCIAL OFFICE,MANHATTAN,2023,9,1145.71,0.27,200.26999999999998,0.0,0.0,0.0,-24.19
160,COMMERCIAL OFFICE,MANHATTAN,2023,10,966.17,0.23,161.34000000000003,0.0,0.0,0.0,-32.36
160,COMMERCIAL OFFICE,MANHATTAN,2023,11,1224.78,0.29,191.19,0.0,0.0,0.0,-34.83
160,COMMERCIAL OFFICE,MANHATTAN,2023,12,1583.2000000000003,0.37,265.65000000000003,0.0,0.0,0.0,6.47
160,COMMERCIAL OFFICE,MANHATTAN,2024,1,1034.41,0.24,190.52,0.0,0.0,0.0,-17.13
160,COMMERCIAL OFFICE,MANHATTAN,2024,2,1305.9599999999998,0.3,233.59000000000006,0.0,0.0,0.0,30.56
160,COMMERCIAL OFFICE,MANHATTAN,2024,3,979.99,0.23,166.31000000000003,0.0,0.0,0.0,-48.23
160,COMMERCIAL OFFICE,MANHATTAN,2024,4,1038.6499999999999,0.24,175.5,0.0,0.0,0.0,-5.5
160,COMMERCIAL OFFICE,MANHATTAN,2024,5,1154.47,0.27,191.75000000000003,0.0,0.0,0.0,24.62
160,COMMERCIAL OFFICE,MANHATTAN,2024,6,1252.3300000000002,0.29,213.84,0.0,0.0,0.0,-53.11
160,COMMERCIAL OFFICE,MANHATTAN,2024,7,1444.83,0.34,259.2,0.0,0.0,0.0,26.75
160,COMMERCIAL OFFICE,MANHATTAN,2024,8,1559.3900000000003,0.36,253.17999999999998,0.0,0.0,0.0,-31.55
160,COMMERCIAL OFFICE,MANHATTAN,2024,9,943.99,0.22,155.91,0.0,0.0,0.0,-17.61
160,COMMERCIAL OFFICE,MANHATTAN,2024,10,1268.17,0.3,229.17000000000002,0.0,0.0,0.0,31.26
160,COMMERCIAL OFFICE,MANHATTAN,2024,11,1511.66,0.35,273.14000000000004,0.0,0.0,0.0,23.42
160,COMMERCIAL OFFICE,MANHATTAN,2024,12,1258.7199999999998,0.29,234.76,0.0,0.0,0.0,-20.5
161,MIXED-USE,QUEENS,2022,1,950.41,0.22,155.76999999999998,0.0,0.0,0.0,
161,MIXED-USE,QUEENS,2022,2,706.3199999999999,0.16,105.01999999999998,0.0,0.0,0.0,
161,MIXED-USE,QUEENS,2022,3,1290.3400000000001,0.3,204.75,0.0,0.0,0.0,
161,MIXED-USE,QUEENS,2022,4,834.3599999999999,0.19,145.31,0.0,0.0,0.0,
161,MIXED-USE,QUEENS,2022,5,666.7700000000001,0.16,115.56,0.0,0.0,0.0,
161,MIXED-USE,QUEENS,2022,6,752.1899999999998,0.18,118.22,0.0,0.0,0.0,
161,MIXED-USE,QUEENS,2022,7,854.8500000000001,0.2,143.09,0.0,0.0,0.0,
161,MIXED-USE,QUEENS,2022,8,1129.3999999999999,0.26,194.29,0.0,0.0,0.0,
161,MIXED-USE,QUEENS,2022,9,913.5100000000001,0.21,166.82999999999998,0.0,0.0,0.0,
161,MIXED-USE,QUEENS,2022,10,1218.8700000000001,0.28,205.4,0.0,0.0,0.0,
161,MIXED-USE,QUEENS,2022,11,1195.38,0.28,201.95,0.0,0.0,0.0,
161,MIXED-USE,QUEENS,2022,12,1049.96,0.24,182.07,0.0,0.0,0.0,
161,MIXED-USE,QUEENS,2023,1,741.19,0.17,123.94999999999999,0.0,0.0,0.0,-22.01
161,MIXED-USE,QUEENS,2023,2,367.51,0.09,63.28999999999999,0.0,0.0,0.0,-47.97
161,MIXED-USE,QUEENS,2023,3,1204.82,0.28,197.02999999999994,0.0,0.0,0.0,-6.63
161,MIXED-USE,QUEENS,2023,4,799.32,0.19,138.23999999999998,0.0,0.0,0.0,-4.2
161,MIXED-USE,QUEENS,2023,5,753.9599999999999,0.18,123.53999999999999,0.0,0.0,0.0,13.08
161,MIXED-USE,QUEENS,2023,6,1881.1299999999999,0.44,325.48,0.0,0.0,0.0,150.09
161,MIXED-USE,QUEENS,2023,7,1122.35,0.26,196.38,0.0,0.0,0.0,31.29
161,MIXED-USE,QUEENS,2023,8,1421.3400000000004,0.33,250.84,0.0,0.0,0.0,25.85
161,MIXED-USE,QUEENS,2023,9,890.4499999999999,0.21,144.75,0.0,0.0,0.0,-2.52
161,MIXED-USE,QUEENS,2023,10,492.7800000000001,0.11,81.72,0.0,0.0,0.0,-59.57
161,MIXED-USE,QUEENS,2023,11,789.1300000000001,0.18,142.38,0.0,0.0,0.0,-33.99
161,MIXED-USE,QUEENS,2023,12,1024.88,0.24,181.82000000000002,0.0,0.0,0.0,-2.39
161,MIXED-USE,QUEENS,2024,1,751.2900000000001,0.18,125.88000000000001,0.0,0.0,0.0,1.36
161,MIXED-USE,QUEENS,2024,2,975.3900000000003,0.23,159.88,0.0,0.0,0.0,165.41
161,MIXED-USE,QUEENS,2024,3,596.16,0.14,101.97000000000001,0.0,0.0,0.0,-50.52
161,MIXED-USE,QUEENS,2024,4,693.0899999999999,0.16,125.78999999999999,0.0,0.0,0.0,-13.29
161,MIXED-USE,QUEENS,2024,5,696.51,0.16,114.30999999999999,0.0,0.0,0.0,-7.62
161,MIXED-USE,QUEENS,2024,6,938.5,0.22,145.88,0.0,0.0,0.0,-50.11
161,MIXED-USE,QUEENS,2024,7,1057.3899999999999,0.25,182.20999999999998,0.0,0.0,0.0,-5.79
161,MIXED-USE,QUEENS,2024,8,997.9299999999998,0.23,154.47,0.0,0.0,0.0,-29.79
161,MIXED-USE,QUEENS,2024,9,615.5899999999999,0.14,97.74000000000001,0.0,0.0,0.0,-30.87
161,MIXED-USE,QUEENS,2024,10,818.26,0.19,139.78,0.0,0.0,0.0,66.05
161,MIXED-USE,QUEENS,2024,11,1198.9299999999998,0.28,212.06000000000003,0.0,0.0,0.0,51.93
161,MIXED-USE,QUEENS,2024,12,809.4499999999999,0.19,134.91,0.0,0.0,0.0,-21.02
162,GOVERNMENT,STATEN ISLAND,2022,1,651.3700000000001,0.15,116.33000000000001,0.0,0.0,0.0,
162,GOVERNMENT,STATEN ISLAND,2022,2,519.56,0.12,95.74000000000001,0.0,0.0,0.0,
162,GOVERNMENT,STATEN ISLAND,2022,3,873.6500000000001,0.2,151.21,0.0,0.0,0.0,
162,GOVERNMENT,STATEN ISLAND,2022,4,535.62,0.12,92.51999999999998,0.0,0.0,0.0,
162,GOVERNMENT,STATEN ISLAND,2022,5,398.56000000000006,0.09,72.50999999999999,0.0,0.0,0.0,
162,GOVERNMENT,STATEN ISLAND,2022,6,592.2199999999999,0.14,105.58000000000001,0.0,0.0,0.0,
162,GOVERNMENT,STATEN ISLAND,2022,7,692.7399999999999,0.16,126.85,0.0,0.0,0.0,
162,GOVERNMENT,STATEN ISLAND,2022,8,635.75,0.15,98.82,0.0,0.0,0.0,
162,GOVERNMENT,STATEN ISLAND,2022,9,561.11,0.13,95.67000000000002,0.0,0.0,0.0,
162,GOVERNMENT,STATEN ISLAND,2022,10,685.3,0.16,120.6,0.0,0.0,0.0,
162,GOVERNMENT,STATEN ISLAND,2022,11,955.06,0.22,162.78,0.0,0.0,0.0,
162,GOVERNMENT,STATEN ISLAND,2022,12,849.51,0.2,153.64999999999995,0.0,0.0,0.0,
162,GOVERNMENT,STATEN ISLAND,2023,1,551.62,0.13,91.91000000000001,0.0,0.0,0.0,-15.31
162,GOVERNMENT,STATEN ISLAND,2023,2,507.34000000000003,0.12,92.56,0.0,0.0,0.0,-2.35
162,GOVERNMENT,STATEN ISLAND,2023,3,769.95,0.18,133.84,0.0,0.0,0.0,-11.87
162,GOVERNMENT,STATEN ISLAND,2023,4,530.2700000000001,0.12,89.13,0.0,0.0,0.0,-1.0
162,GOVERNMENT,STATEN ISLAND,2023,5,501.75999999999993,0.12,78.54000000000002,0.0,0.0,0.0,25.89
162,GOVERNMENT,STATEN ISLAND,2023,6,1252.6399999999999,0.29,201.63999999999996,0.0,0.0,0.0,111.52
162,GOVERNMENT,STATEN ISLAND,2023,7,628.0799999999999,0.15,97.38000000000001,0.0,0.0,0.0,-9.33
162,GOVERNMENT,STATEN ISLAND,2023,8,1002.8399999999999,0.23,160.9,0.0,0.0,0.0,57.74
162,GOVERNMENT,STATEN ISLAND,2023,9,616.49,0.14,111.38,0.0,0.0,0.0,9.87
162,GOVERNMENT,STATEN ISLAND,2023,10,420.86,0.1,70.38,0.0,0.0,0.0,-38.59
162,GOVERNMENT,STATEN ISLAND,2023,11,545.4699999999999,0.13,94.64,0.0,0.0,0.0,-42.89
162,GOVERNMENT,STATEN ISLAND,2023,12,654.5600000000001,0.15,102.57999999999998,0.0,0.0,0.0,-22.95
162,GOVERNMENT,STATEN ISLAND,2024,1,621.42,0.14,108.62000000000002,0.0,0.0,0.0,12.65
162,GOVERNMENT,STATEN ISLAND,2024,2,690.73,0.16,119.57,0.0,0.0,0.0,36.15
162,GOVERNMENT,STATEN ISLAND,2024,3,395.4200000000001,0.09,63.24,0.0,0.0,0.0,-48.64
162,GOVERNMENT,STATEN ISLAND,2024,4,543.22,0.13,88.15,0.0,0.0,0.0,2.44
162,GOVERNMENT,STATEN ISLAND,2024,5,536.27,0.12,90.04,0.0,0.0,0.0,6.88
162,GOVERNMENT,STATEN ISLAND,2024,6,435.09999999999997,0.1,74.21000000000001,0.0,0.0,0.0,-65.27
162,GOVERNMENT,STATEN ISLAND,2024,7,691.5500000000001,0.16,105.30000000000001,0.0,0.0,0.0,10.11
162,GOVERNMENT,STATEN ISLAND,2024,8,790.1100000000002,0.18,139.94,0.0,0.0,0.0,-21.21
162,GOVERNMENT,STATEN ISLAND,2024,9,260.8,0.06,44.92999999999999,0.0,0.0,0.0,-57.7
162,GOVERNMENT,STATEN ISLAND,2024,10,620.0799999999999,0.14,101.39999999999999,0.0,0.0,0.0,47.34
162,GOVERNMENT,STATEN ISLAND,2024,11,672.71,0.16,108.82999999999998,0.0,0.0,0.0,23.33
162,GOVERNMENT,STATEN ISLAND,2024,12,495.26,0.12,82.19,0.0,0.0,0.0,-24.34
163,INDUSTRIAL,BRONX,2022,1,985.3399999999999,0.23,174.04000000000002,0.0,0.0,0.0,
163,INDUSTRIAL,BRONX,2022,2,1083.45,0.25,197.85999999999999,0.0,0.0,0.0,
163,INDUSTRIAL,BRONX,2022,3,1475.02,0.34,255.0,0.0,0.0,0.0,
163,INDUSTRIAL,BRONX,2022,4,1074.14,0.25,175.82000000000002,0.0,0.0,0.0,
163,INDUSTRIAL,BRONX,2022,5,762.75,0.18,126.27000000000001,0.0,0.0,0.0,
163,INDUSTRIAL,BRONX,2022,6,1112.8600000000001,0.26,155.76,0.0,0.0,0.0,
163,INDUSTRIAL,BRONX,2022,7,1236.8,0.29,216.89999999999998,0.0,0.0,0.0,
163,INDUSTRIAL,BRONX,2022,8,1635.01,0.38,271.86,0.0,0.0,0.0,
163,INDUSTRIAL,BRONX,2022,9,1338.9,0.31,229.84000000000003,0.0,0.0,0.0,
163,INDUSTRIAL,BRONX,2022,10,1396.3600000000004,0.33,229.37,0.0,0.0,0.0,
163,INDUSTRIAL,BRONX,2022,11,1702.6299999999997,0.4,290.24999999999994,0.0,0.0,0.0,
163,INDUSTRIAL,BRONX,2022,12,1484.91,0.35,251.79,0.0,0.0,0.0,
163,INDUSTRIAL,BRONX,2023,1,1245.6999999999998,0.29,211.43,0.0,0.0,0.0,26.42
163,INDUSTRIAL,BRONX,2023,2,984.25,0.23,161.84,0.0,0.0,0.0,-9.16
163,INDUSTRIAL,BRONX,2023,3,1428.5900000000001,0.33,249.34000000000003,0.0,0.0,0.0,-3.15
163,INDUSTRIAL,BRONX,2023,4,964.5,0.22,159.06,0.0,0.0,0.0,-10.21
163,INDUSTRIAL,BRONX,2023,5,1021.2700000000001,0.24,174.01,0.0,0.0,0.0,33.89
163,INDUSTRIAL,BRONX,2023,6,2405.8,0.56,389.70000000000005,0.0,0.0,0.0,116.18
163,INDUSTRIAL,BRONX,2023,7,1325.33,0.31,243.41,0.0,0.0,0.0,7.16
163,INDUSTRIAL,BRONX,2023,8,1963.8700000000003,0.46,337.95,0.0,0.0,0.0,20.11
163,INDUSTRIAL,BRONX,2023,9,1039.15,0.24,176.3,0.0,0.0,0.0,-22.39
163,INDUSTRIAL,BRONX,2023,10,903.7800000000001,0.21,155.8,0.0,0.0,0.0,-35.28
163,INDUSTRIAL,BRONX,2023,11,1071.2800000000002,0.25,164.36,0.0,0.0,0.0,-37.08
163,INDUSTRIAL,BRONX,2023,12,1372.7599999999998,0.32,234.06,0.0,0.0,0.0,-7.55
163,INDUSTRIAL,BRONX,2024,1,1286.98,0.3,228.37,0.0,0.0,0.0,3.31
163,INDUSTRIAL,BRONX,2024,2,1112.83,0.26,187.8,0.0,0.0,0.0,13.06
163,INDUSTRIAL,BRONX,2024,3,969.48,0.23,163.3,0.0,0.0,0.0,-32.14
163,INDUSTRIAL,BRONX,2024,4,912.67,0.21,146.19,0.0,0.0,0.0,-5.37
163,INDUSTRIAL,BRONX,2024,5,776.1300000000001,0.18,134.9,0.0,0.0,0.0,-24.0
163,INDUSTRIAL,BRONX,2024,6,1282.17,0.3,223.56000000000003,0.0,0.0,0.0,-46.71
163,INDUSTRIAL,BRONX,2024,7,1388.73,0.32,244.23000000000002,0.0,0.0,0.0,4.78
163,INDUSTRIAL,BRONX,2024,8,1324.3899999999999,0.31,234.05999999999997,0.0,0.0,0.0,-32.56
163,INDUSTRIAL,BRONX,2024,9,724.6800000000001,0.17,120.38,0.0,0.0,0.0,-30.26
163,INDUSTRIAL,BRONX,2024,10,998.75,0.23,159.32,0.0,0.0,0.0,10.51
163,INDUSTRIAL,BRONX,2024,11,1168.6000000000001,0.27,187.53000000000003,0.0,0.0,0.0,9.08
163,INDUSTRIAL,BRONX,2024,12,1161.2400000000002,0.27,198.7,0.0,0.0,0.0,-15.41
164,COMMERCIAL OFFICE,BRONX,2022,1,1843.6899999999998,0.43,296.92999999999995,0.0,0.0,13.16,
164,COMMERCIAL OFFICE,BRONX,2022,2,1582.56,0.37,271.39000000000004,0.0,0.0,8.95,
164,COMMERCIAL OFFICE,BRONX,2022,3,2247.76,0.52,378.49,0.0,0.0,9.76,
164,COMMERCIAL OFFICE,BRONX,2022,4,1517.95,0.35,262.43,0.0,0.0,10.12,
164,COMMERCIAL OFFICE,BRONX,2022,5,1173.1799999999998,0.27,185.22,0.0,0.0,7.57,
164,COMMERCIAL OFFICE,BRONX,2022,6,1191.46,0.28,210.56000000000003,0.0,0.0,14.59,
164,COMMERCIAL OFFICE,BRONX,2022,7,1681.0699999999997,0.39,295.0,0.0,0.0,8.52,
164,COMMERCIAL OFFICE,BRONX,2022,8,1897.3899999999999,0.44,320.32,0.0,0.0,8.72,
164,COMMERCIAL OFFICE,BRONX,2022,9,1662.05,0.39,264.14,0.0,0.0,10.11,
164,COMMERCIAL OFFICE,BRONX,2022,10,2217.27,0.52,405.76000000000005,0.0,0.0,10.08,
164,COMMERCIAL OFFICE,BRONX,2022,11,2479.76,0.58,393.71,0.0,0.0,7.38,
164,COMMERCIAL OFFICE,BRONX,2022,12,2426.3100000000004,0.57,384.3400000000001,0.0,0.0,9.49,
164,COMMERCIAL OFFICE,BRONX,2023,1,1587.39,0.37,268.11,0.0,0.0,11.89,-13.9
164,COMMERCIAL OFFICE,BRONX,2023,2,1094.82,0.26,199.57,0.0,0.0,7.76,-30.82
164,COMMERCIAL OFFICE,BRONX,2023,3,2411.56,0.56,398.34000000000003,0.0,0.0,9.13,7.29
164,COMMERCIAL OFFICE,BRONX,2023,4,1395.42,0.33,255.27,0.0,0.0,7.47,-8.07
164,COMMERCIAL OFFICE,BRONX,2023,5,1560.06,0.36,278.55,0.0,0.0,10.12,32.98
164,COMMERCIAL OFFICE,BRONX,2023,6,3572.7800000000007,0.83,629.33,0.0,0.0,9.56,199.87
164,COMMERCIAL OFFICE,BRONX,2023,7,2139.16,0.5,377.77,0.0,0.0,8.71,27.25
164,COMMERCIAL OFFICE,BRONX,2023,8,2346.4500000000003,0.55,417.93000000000006,0.0,0.0,8.26,23.67
164,COMMERCIAL OFFICE,BRONX,2023,9,1790.43,0.42,324.44000000000005,0.0,0.0,12.02,7.72
164,COMMERCIAL OFFICE,BRONX,2023,10,1170.77,0.27,177.93,0.0,0.0,9.08,-47.2
164,COMMERCIAL OFFICE,BRONX,2023,11,1620.35,0.38,284.11999999999995,0.0,0.0,11.17,-34.66
164,COMMERCIAL OFFICE,BRONX,2023,12,2025.1200000000003,0.47,325.09,0.0,0.0,9.79,-16.53
164,COMMERCIAL OFFICE,BRONX,2024,1,1683.16,0.39,307.31,0.0,0.0,8.53,6.03
164,COMMERCIAL OFFICE,BRONX,2024,2,1636.69,0.38,271.92999999999995,0.0,0.0,10.19,49.49
164,COMMERCIAL OFFICE,BRONX,2024,3,1307.18,0.3,220.1,0.0,0.0,13.57,-45.8
164,COMMERCIAL OFFICE,BRONX,2024,4,1472.6599999999999,0.34,235.54999999999998,0.0,0.0,10.71,5.54
164,COMMERCIAL OFFICE,BRONX,2024,5,1655.2899999999997,0.39,276.5,0.0,0.0,10.35,6.1
164,COMMERCIAL OFFICE,BRONX,2024,6,1298.02,0.3,222.79999999999998,0.0,0.0,11.37,-63.67
164,COMMERCIAL OFFICE,BRONX,2024,7,1822.27,0.42,300.07,0.0,0.0,7.23,-14.81
164,COMMERCIAL OFFICE,BRONX,2024,8,2043.5200000000002,0.48,343.37,0.0,0.0,9.25,-12.91
164,COMMERCIAL OFFICE,BRONX,2024,9,1175.0,0.27,203.97,0.0,0.0,11.02,-34.37
164,COMMERCIAL OFFICE,BRONX,2024,10,1573.68,0.37,273.01000000000005,0.0,0.0,8.49,34.41
164,COMMERCIAL OFFICE,BRONX,2024,11,2175.6000000000004,0.51,384.9,0.0,0.0,9.77,34.27
164,COMMERCIAL OFFICE,BRONX,2024,12,1677.0200000000002,0.39,242.41000000000003,0.0,0.0,12.26,-17.19
165,GOVERNMENT,QUEENS,2022,1,82.9,0.02,13.39,0.0,0.0,0.0,
165,GOVERNMENT,QUEENS,2022,2,86.21000000000001,0.02,13.75,0.0,0.0,0.0,
165,GOVERNMENT,QUEENS,2022,3,120.01999999999998,0.03,22.19,0.0,0.0,0.0,
165,GOVERNMENT,QUEENS,2022,4,77.83,0.02,13.759999999999998,0.0,0.0,0.0,
165,GOVERNMENT,QUEENS,2022,5,68.64,0.02,11.120000000000001,0.0,0.0,0.0,
165,GOVERNMENT,QUEENS,2022,6,90.28,0.02,16.18,0.0,0.0,0.0,
165,GOVERNMENT,QUEENS,2022,7,93.82,0.02,15.629999999999999,0.0,0.0,0.0,
165,GOVERNMENT,QUEENS,2022,8,111.17,0.03,19.68,0.0,0.0,0.0,
165,GOVERNMENT,QUEENS,2022,9,73.43,0.02,11.799999999999997,0.0,0.0,0.0,
165,GOVERNMENT,QUEENS,2022,10,123.78999999999999,0.03,21.23,0.0,0.0,0.0,
165,GOVERNMENT,QUEENS,2022,11,133.53000000000003,0.03,23.020000000000003,0.0,0.0,0.0,
165,GOVERNMENT,QUEENS,2022,12,135.1,0.03,22.340000000000007,0.0,0.0,0.0,
165,GOVERNMENT,QUEENS,2023,1,77.42999999999999,0.02,13.360000000000001,0.0,0.0,0.0,-6.6
165,GOVERNMENT,QUEENS,2023,2,77.60000000000001,0.02,12.45,0.0,0.0,0.0,-9.99
165,GOVERNMENT,QUEENS,2023,3,136.16,0.03,23.55,0.0,0.0,0.0,13.45
165,GOVERNMENT,QUEENS,2023,4,69.94,0.02,12.340000000000002,0.0,0.0,0.0,-10.14
165,GOVERNMENT,QUEENS,2023,5,79.62,0.02,13.080000000000002,0.0,0.0,0.0,16.0
165,GOVERNMENT,QUEENS,2023,6,175.69,0.04,29.540000000000003,0.0,0.0,0.0,94.61
165,GOVERNMENT,QUEENS,2023,7,123.13999999999999,0.03,20.369999999999997,0.0,0.0,0.0,31.25
165,GOVERNMENT,QUEENS,2023,8,159.89999999999998,0.04,25.93,0.0,0.0,0.0,43.83
165,GOVERNMENT,QUEENS,2023,9,66.5,0.02,10.46,0.0,0.0,0.0,-9.44
165,GOVERNMENT,QUEENS,2023,10,68.56,0.02,11.940000000000001,0.0,0.0,0.0,-44.62
165,GOVERNMENT,QUEENS,2023,11,86.92,0.02,13.799999999999999,0.0,0.0,0.0,-34.91
165,GOVERNMENT,QUEENS,2023,12,106.84,0.02,18.13,0.0,0.0,0.0,-20.92
165,GOVERNMENT,QUEENS,2024,1,82.74,0.02,13.440000000000001,0.0,0.0,0.0,6.86
165,GOVERNMENT,QUEENS,2024,2,92.86,0.02,15.95,0.0,0.0,0.0,19.66
165,GOVERNMENT,QUEENS,2024,3,72.60000000000001,0.02,11.450000000000001,0.0,0.0,0.0,-46.68
165,GOVERNMENT,QUEENS,2024,4,90.91,0.02,15.31,0.0,0.0,0.0,29.98
165,GOVERNMENT,QUEENS,2024,5,68.87,0.02,12.54,0.0,0.0,0.0,-13.5
165,GOVERNMENT,QUEENS,2024,6,108.92999999999999,0.03,18.39,0.0,0.0,0.0,-38.0
165,GOVERNMENT,QUEENS,2024,7,101.30999999999999,0.02,17.599999999999998,0.0,0.0,0.0,-17.73
165,GOVERNMENT,QUEENS,2024,8,111.25999999999999,0.03,19.209999999999997,0.0,0.0,0.0,-30.42
165,GOVERNMENT,QUEENS,2024,9,66.16,0.02,11.000000000000002,0.0,0.0,0.0,-0.51
165,GOVERNMENT,QUEENS,2024,10,76.66,0.02,12.829999999999998,0.0,0.0,0.0,11.81
165,GOVERNMENT,QUEENS,2024,11,128.47000000000003,0.03,22.85,0.0,0.0,0.0,47.8
165,GOVERNMENT,QUEENS,2024,12,74.60000000000001,0.02,12.540000000000001,0.0,0.0,0.0,-30.18
166,RETAIL,BRONX,2022,1,1096.7,0.26,189.55,0.0,0.0,0.0,
166,RETAIL,BRONX,2022,2,887.66,0.21,153.97,0.0,0.0,0.0,
166,RETAIL,BRONX,2022,3,1427.21,0.33,248.25000000000003,0.0,0.0,0.0,
166,RETAIL,BRONX,2022,4,1055.89,0.25,176.8,0.0,0.0,0.0,
166,RETAIL,BRONX,2022,5,790.14,0.18,136.89,0.0,0.0,0.0,
166,RETAIL,BRONX,2022,6,783.47,0.18,134.29,0.0,0.0,0.0,
166,RETAIL,BRONX,2022,7,1020.28,0.24,168.35999999999999,0.0,0.0,0.0,
166,RETAIL,BRONX,2022,8,1252.93,0.29,204.68,0.0,0.0,0.0,
166,RETAIL,BRONX,2022,9,964.0999999999999,0.22,148.14000000000001,0.0,0.0,0.0,
166,RETAIL,BRONX,2022,10,1244.1599999999999,0.29,206.73999999999995,0.0,0.0,0.0,
166,RETAIL,BRONX,2022,11,1563.39,0.36,252.49,0.0,0.0,0.0,
166,RETAIL,BRONX,2022,12,1391.02,0.32,251.03,0.0,0.0,0.0,
166,RETAIL,BRONX,2023,1,1063.9,0.25,189.51000000000002,0.0,0.0,0.0,-2.99
166,RETAIL,BRONX,2023,2,904.1699999999998,0.21,160.11999999999998,0.0,0.0,0.0,1.86
166,RETAIL,BRONX,2023,3,1180.61,0.28,200.95000000000002,0.0,0.0,0.0,-17.28
166,RETAIL,BRONX,2023,4,939.8599999999999,0.22,162.0,0.0,0.0,0.0,-10.99
166,RETAIL,BRONX,2023,5,866.5600000000001,0.2,145.52,0.0,0.0,0.0,9.67
166,RETAIL,BRONX,2023,6,2020.44,0.47,349.79999999999995,0.0,0.0,0.0,157.88
166,RETAIL,BRONX,2023,7,1276.4200000000003,0.3,210.64,0.0,0.0,0.0,25.1
166,RETAIL,BRONX,2023,8,1871.6200000000003,0.44,318.2799999999999,0.0,0.0,0.0,49.38
166,RETAIL,BRONX,2023,9,925.41,0.22,159.93,0.0,0.0,0.0,-4.01
166,RETAIL,BRONX,2023,10,617.18,0.14,103.23999999999998,0.0,0.0,0.0,-50.39
166,RETAIL,BRONX,2023,11,747.8999999999999,0.17,132.36999999999998,0.0,0.0,0.0,-52.16
166,RETAIL,BRONX,2023,12,1126.21,0.26,199.57000000000002,0.0,0.0,0.0,-19.04
166,RETAIL,BRONX,2024,1,1012.27,0.24,173.54,0.0,0.0,0.0,-4.85
166,RETAIL,BRONX,2024,2,1180.51,0.28,197.48000000000002,0.0,0.0,0.0,30.56
166,RETAIL,BRONX,2024,3,835.97,0.19,141.89000000000001,0.0,0.0,0.0,-29.19
166,RETAIL,BRONX,2024,4,901.91,0.21,148.8,0.0,0.0,0.0,-4.04
166,RETAIL,BRONX,2024,5,1027.4699999999998,0.24,168.75,0.0,0.0,0.0,18.57
166,RETAIL,BRONX,2024,6,727.79,0.17,123.67000000000002,0.0,0.0,0.0,-63.98
166,RETAIL,BRONX,2024,7,1008.6099999999999,0.24,181.20999999999998,0.0,0.0,0.0,-20.98
166,RETAIL,BRONX,2024,8,1495.8400000000001,0.35,270.41999999999996,0.0,0.0,0.0,-20.08
166,RETAIL,BRONX,2024,9,633.6,0.15,119.38000000000001,0.0,0.0,0.0,-31.53
166,RETAIL,BRONX,2024,10,809.3500000000001,0.19,130.79,0.0,0.0,0.0,31.14
166,RETAIL,BRONX,2024,11,1465.32,0.34,243.32000000000002,0.0,0.0,0.0,95.92
166,RETAIL,BRONX,2024,12,1161.02,0.27,191.59000000000003,0.0,0.0,0.0,3.09
167,MIXED-USE,BROOKLYN,2022,1,330.71000000000004,0.08,57.2,0.0,0.0,0.0,
167,MIXED-USE,BROOKLYN,2022,2,245.60999999999999,0.06,43.43,0.0,0.0,0.0,
167,MIXED-USE,BROOKLYN,2022,3,436.81,0.1,76.0,0.0,0.0,0.0,
167,MIXED-USE,BROOKLYN,2022,4,296.34999999999997,0.07,52.81999999999999,0.0,0.0,0.0,
167,MIXED-USE,BROOKLYN,2022,5,206.05,0.05,33.84,0.0,0.0,0.0,
167,MIXED-USE,BROOKLYN,2022,6,284.93,0.07,51.60999999999999,0.0,0.0,0.0,
167,MIXED-USE,BROOKLYN,2022,7,343.19,0.08,56.040000000000006,0.0,0.0,0.0,
167,MIXED-USE,BROOKLYN,2022,8,466.28000000000003,0.11,78.18999999999998,0.0,0.0,0.0,
167,MIXED-USE,BROOKLYN,2022,9,309.18,0.07,52.22,0.0,0.0,0.0,
167,MIXED-USE,BROOKLYN,2022,10,452.6899999999999,0.11,73.08,0.0,0.0,0.0,
167,MIXED-USE,BROOKLYN,2022,11,503.10999999999996,0.12,87.09000000000002,0.0,0.0,0.0,
167,MIXED-USE,BROOKLYN,2022,12,433.12000000000006,0.1,75.21,0.0,0.0,0.0,
167,MIXED-USE,BROOKLYN,2023,1,301.73999999999995,0.07,52.85999999999999,0.0,0.0,0.0,-8.76
167,MIXED-USE,BROOKLYN,2023,2,305.58000000000004,0.07,52.519999999999996,0.0,0.0,0.0,24.42
167,MIXED-USE,BROOKLYN,2023,3,451.76000000000005,0.11,77.89,0.0,0.0,0.0,3.42
167,MIXED-USE,BROOKLYN,2023,4,307.06,0.07,48.12,0.0,0.0,0.0,3.61
167,MIXED-USE,BROOKLYN,2023,5,237.0,0.06,41.49000000000001,0.0,0.0,0.0,15.02
167,MIXED-USE,BROOKLYN,2023,6,694.13,0.16,120.01,0.0,0.0,0.0,143.61
167,MIXED-USE,BROOKLYN,2023,7,421.81,0.1,72.87,0.0,0.0,0.0,22.91
167,MIXED-USE,BROOKLYN,2023,8,568.0099999999999,0.13,99.58999999999999,0.0,0.0,0.0,21.82
167,MIXED-USE,BROOKLYN,2023,9,304.68999999999994,0.07,49.52,0.0,0.0,0.0,-1.45
167,MIXED-USE,BROOKLYN,2023,10,216.73000000000005,0.05,39.790000000000006,0.0,0.0,0.0,-52.12
167,MIXED-USE,BROOKLYN,2023,11,314.95,0.07,57.84,0.0,0.0,0.0,-37.4
167,MIXED-USE,BROOKLYN,2023,12,394.48999999999995,0.09,64.9,0.0,0.0,0.0,-8.92
167,MIXED-USE,BROOKLYN,2024,1,321.66,0.07,53.5,0.0,0.0,0.0,6.6
167,MIXED-USE,BROOKLYN,2024,2,385.56,0.09,65.25,0.0,0.0,0.0,26.17
167,MIXED-USE,BROOKLYN,2024,3,298.6,0.07,49.190000000000005,0.0,0.0,0.0,-33.9
167,MIXED-USE,BROOKLYN,2024,4,311.54999999999995,0.07,53.03000000000001,0.0,0.0,0.0,1.46
167,MIXED-USE,BROOKLYN,2024,5,323.34,0.08,53.65,0.0,0.0,0.0,36.43
167,MIXED-USE,BROOKLYN,2024,6,273.77,0.06,43.14,0.0,0.0,0.0,-60.56
167,MIXED-USE,BROOKLYN,2024,7,375.9800000000001,0.09,59.74000000000001,0.0,0.0,0.0,-10.87
167,MIXED-USE,BROOKLYN,2024,8,415.25,0.1,70.57,0.0,0.0,0.0,-26.89
167,MIXED-USE,BROOKLYN,2024,9,275.72999999999996,0.06,47.28,0.0,0.0,0.0,-9.5
167,MIXED-USE,BROOKLYN,2024,10,283.62,0.07,48.349999999999994,0.0,0.0,0.0,30.86
167,MIXED-USE,BROOKLYN,2024,11,419.65,0.1,72.89999999999999,0.0,0.0,0.0,33.24
167,MIXED-USE,BROOKLYN,2024,12,341.8,0.08,58.580000000000005,0.0,0.0,0.0,-13.36
168,RETAIL,MANHATTAN,2022,1,423.24,0.1,71.53,0.0,0.0,0.0,
168,RETAIL,MANHATTAN,2022,2,403.92,0.09,68.52999999999999,0.0,0.0,0.0,
168,RETAIL,MANHATTAN,2022,3,557.9699999999999,0.13,96.8,0.0,0.0,0.0,
168,RETAIL,MANHATTAN,2022,4,404.71,0.09,65.75,0.0,0.0,0.0,
168,RETAIL,MANHATTAN,2022,5,242.33,0.06,43.26,0.0,0.0,0.0,
168,RETAIL,MANHATTAN,2022,6,339.36,0.08,61.37,0.0,0.0,0.0,
168,RETAIL,MANHATTAN,2022,7,391.41,0.09,67.0,0.0,0.0,0.0,
168,RETAIL,MANHATTAN,2022,8,509.2000000000001,0.12,89.38000000000001,0.0,0.0,0.0,
168,RETAIL,MANHATTAN,2022,9,407.01,0.09,64.56,0.0,0.0,0.0,
168,RETAIL,MANHATTAN,2022,10,534.4799999999999,0.12,91.88999999999999,0.0,0.0,0.0,
168,RETAIL,MANHATTAN,2022,11,599.6200000000001,0.14,101.46000000000001,0.0,0.0,0.0,
168,RETAIL,MANHATTAN,2022,12,472.2,0.11,83.39,0.0,0.0,0.0,
168,RETAIL,MANHATTAN,2023,1,379.68,0.09,66.94,0.0,0.0,0.0,-10.29
168,RETAIL,MANHATTAN,2023,2,328.18,0.08,52.06,0.0,0.0,0.0,-18.75
168,RETAIL,MANHATTAN,2023,3,612.76,0.14,96.33,0.0,0.0,0.0,9.82
168,RETAIL,MANHATTAN,2023,4,374.47,0.09,65.74,0.0,0.0,0.0,-7.47
168,RETAIL,MANHATTAN,2023,5,336.15999999999997,0.08,55.220000000000006,0.0,0.0,0.0,38.72
168,RETAIL,MANHATTAN,2023,6,832.0799999999999,0.19,142.39999999999998,0.0,0.0,0.0,145.19
168,RETAIL,MANHATTAN,2023,7,554.6099999999999,0.13,91.44,0.0,0.0,0.0,41.7
168,RETAIL,MANHATTAN,2023,8,671.3999999999999,0.16,110.23,0.0,0.0,0.0,31.85
168,RETAIL,MANHATTAN,2023,9,311.15000000000003,0.07,53.14,0.0,0.0,0.0,-23.55
168,RETAIL,MANHATTAN,2023,10,247.2,0.06,42.91,0.0,0.0,0.0,-53.75
168,RETAIL,MANHATTAN,2023,11,377.53,0.09,61.02,0.0,0.0,0.0,-37.04
168,RETAIL,MANHATTAN,2023,12,516.01,0.12,77.71999999999998,0.0,0.0,0.0,9.28
168,RETAIL,MANHATTAN,2024,1,412.56999999999994,0.1,66.13000000000001,0.0,0.0,0.0,8.66
168,RETAIL,MANHATTAN,2024,2,473.84999999999997,0.11,80.52,0.0,0.0,0.0,44.39
168,RETAIL,MANHATTAN,2024,3,309.15999999999997,0.07,49.28999999999999,0.0,0.0,0.0,-49.55
168,RETAIL,MANHATTAN,2024,4,375.78000000000003,0.09,68.96,0.0,0.0,0.0,0.35
168,RETAIL,MANHATTAN,2024,5,407.81,0.1,65.1,0.0,0.0,0.0,21.31
168,RETAIL,MANHATTAN,2024,6,427.84,0.1,68.30000000000001,0.0,0.0,0.0,-48.58
168,RETAIL,MANHATTAN,2024,7,464.84999999999997,0.11,78.17,0.0,0.0,0.0,-16.18
168,RETAIL,MANHATTAN,2024,8,478.10999999999996,0.11,79.53999999999999,0.0,0.0,0.0,-28.79
168,RETAIL,MANHATTAN,2024,9,275.19,0.06,46.25,0.0,0.0,0.0,-11.56
168,RETAIL,MANHATTAN,2024,10,365.6,0.09,59.68,0.0,0.0,0.0,47.9
168,RETAIL,MANHATTAN,2024,11,494.62999999999994,0.12,81.92,0.0,0.0,0.0,31.02
168,RETAIL,MANHATTAN,2024,12,389.36000000000007,0.09,68.67999999999999,0.0,0.0,0.0,-24.54
169,GOVERNMENT,QUEENS,2022,1,364.81999999999994,0.09,63.14,0.0,0.0,0.0,
169,GOVERNMENT,QUEENS,2022,2,301.42,0.07,49.76,0.0,0.0,0.0,
169,GOVERNMENT,QUEENS,2022,3,501.5299999999999,0.12,84.74,0.0,0.0,0.0,
169,GOVERNMENT,QUEENS,2022,4,334.26,0.08,55.95,0.0,0.0,0.0,
169,GOVERNMENT,QUEENS,2022,5,285.2,0.07,49.93,0.0,0.0,0.0,
169,GOVERNMENT,QUEENS,2022,6,327.62,0.08,50.849999999999994,0.0,0.0,0.0,
169,GOVERNMENT,QUEENS,2022,7,303.82,0.07,47.31,0.0,0.0,0.0,
169,GOVERNMENT,QUEENS,2022,8,479.30999999999995,0.11,79.60000000000002,0.0,0.0,0.0,
169,GOVERNMENT,QUEENS,2022,9,380.7699999999999,0.09,64.53999999999999,0.0,0.0,0.0,
169,GOVERNMENT,QUEENS,2022,10,436.34999999999997,0.1,73.26,0.0,0.0,0.0,
169,GOVERNMENT,QUEENS,2022,11,529.54,0.12,94.14,0.0,0.0,0.0,
169,GOVERNMENT,QUEENS,2022,12,480.5299999999999,0.11,77.41000000000003,0.0,0.0,0.0,
169,GOVERNMENT,QUEENS,2023,1,327.55,0.08,59.260000000000005,0.0,0.0,0.0,-10.22
169,GOVERNMENT,QUEENS,2023,2,282.32000000000005,0.07,48.89,0.0,0.0,0.0,-6.34
169,GOVERNMENT,QUEENS,2023,3,519.84,0.12,91.48999999999998,0.0,0.0,0.0,3.65
169,GOVERNMENT,QUEENS,2023,4,350.67,0.08,62.150000000000006,0.0,0.0,0.0,4.91
169,GOVERNMENT,QUEENS,2023,5,279.90999999999997,0.07,46.18000000000001,0.0,0.0,0.0,-1.85
169,GOVERNMENT,QUEENS,2023,6,747.54,0.17,124.74,0.0,0.0,0.0,128.17
169,GOVERNMENT,QUEENS,2023,7,326.99,0.08,56.83,0.0,0.0,0.0,7.63
169,GOVERNMENT,QUEENS,2023,8,600.98,0.14,100.21999999999998,0.0,0.0,0.0,25.38
169,GOVERNMENT,QUEENS,2023,9,376.21,0.09,67.0,0.0,0.0,0.0,-1.2
169,GOVERNMENT,QUEENS,2023,10,259.92,0.06,45.51,0.0,0.0,0.0,-40.43
169,GOVERNMENT,QUEENS,2023,11,287.05,0.07,49.620000000000005,0.0,0.0,0.0,-45.79
169,GOVERNMENT,QUEENS,2023,12,498.11000000000007,0.12,81.57,0.0,0.0,0.0,3.66
169,GOVERNMENT,QUEENS,2024,1,414.19,0.1,66.85000000000001,0.0,0.0,0.0,26.45
169,GOVERNMENT,QUEENS,2024,2,416.49,0.1,66.08000000000001,0.0,0.0,0.0,47.52
169,GOVERNMENT,QUEENS,2024,3,290.33000000000004,0.07,50.019999999999996,0.0,0.0,0.0,-44.15
169,GOVERNMENT,QUEENS,2024,4,354.24,0.08,60.1,0.0,0.0,0.0,1.02
169,GOVERNMENT,QUEENS,2024,5,328.06,0.08,58.46999999999999,0.0,0.0,0.0,17.2
169,GOVERNMENT,QUEENS,2024,6,305.46000000000004,0.07,54.4,0.0,0.0,0.0,-59.14
169,GOVERNMENT,QUEENS,2024,7,283.63000000000005,0.07,48.15,0.0,0.0,0.0,-13.26
169,GOVERNMENT,QUEENS,2024,8,405.09999999999997,0.09,63.27,0.0,0.0,0.0,-32.59
169,GOVERNMENT,QUEENS,2024,9,277.69,0.06,46.13,0.0,0.0,0.0,-26.19
169,GOVERNMENT,QUEENS,2024,10,312.43000000000006,0.07,51.949999999999996,0.0,0.0,0.0,20.2
169,GOVERNMENT,QUEENS,2024,11,438.66999999999996,0.1,77.66000000000001,0.0,0.0,0.0,52.82
169,GOVERNMENT,QUEENS,2024,12,361.46,0.08,59.78,0.0,0.0,0.0,-27.43
170,RESIDENTIAL HIGH-RISE,BROOKLYN,2022,1,839.6899999999999,0.2,156.25,0.0,0.0,0.0,
170,RESIDENTIAL HIGH-RISE,BROOKLYN,2022,2,741.19,0.17,132.26,0.0,0.0,0.0,
170,RESIDENTIAL HIGH-RISE,BROOKLYN,2022,3,1114.39,0.26,184.93999999999997,0.0,0.0,0.0,
170,RESIDENTIAL HIGH-RISE,BROOKLYN,2022,4,774.67,0.18,130.44,0.0,0.0,0.0,
170,RESIDENTIAL HIGH-RISE,BROOKLYN,2022,5,639.71,0.15,88.35000000000001,0.0,0.0,0.0,
170,RESIDENTIAL HIGH-RISE,BROOKLYN,2022,6,492.63,0.11,90.22999999999999,0.0,0.0,0.0,
170,RESIDENTIAL HIGH-RISE,BROOKLYN,2022,7,892.16,0.21,160.37000000000003,0.0,0.0,0.0,
170,RESIDENTIAL HIGH-RISE,BROOKLYN,2022,8,945.0600000000001,0.22,155.12,0.0,0.0,0.0,
170,RESIDENTIAL HIGH-RISE,BROOKLYN,2022,9,741.5199999999999,0.17,131.72000000000003,0.0,0.0,0.0,
170,RESIDENTIAL HIGH-RISE,BROOKLYN,2022,10,795.71,0.19,128.39000000000001,0.0,0.0,0.0,
170,RESIDENTIAL HIGH-RISE,BROOKLYN,2022,11,856.2899999999998,0.2,145.92999999999998,0.0,0.0,0.0,
170,RESIDENTIAL HIGH-RISE,BROOKLYN,2022,12,1117.1199999999997,0.26,181.95999999999998,0.0,0.0,0.0,
170,RESIDENTIAL HIGH-RISE,BROOKLYN,2023,1,789.39,0.18,130.33999999999997,0.0,0.0,0.0,-5.99
170,RESIDENTIAL HIGH-RISE,BROOKLYN,2023,2,648.3,0.15,112.82000000000001,0.0,0.0,0.0,-12.53
170,RESIDENTIAL HIGH-RISE,BROOKLYN,2023,3,1067.83,0.25,177.56000000000003,0.0,0.0,0.0,-4.18
170,RESIDENTIAL HIGH-RISE,BROOKLYN,2023,4,411.23,0.1,69.52999999999999,0.0,0.0,0.0,-46.92
170,RESIDENTIAL HIGH-RISE,BROOKLYN,2023,5,656.78,0.15,108.32,0.0,0.0,0.0,2.67
170,RESIDENTIAL HIGH-RISE,BROOKLYN,2023,6,1783.6900000000003,0.42,299.67,0.0,0.0,0.0,262.07
170,RESIDENTIAL HIGH-RISE,BROOKLYN,2023,7,1015.9099999999999,0.24,175.53,0.0,0.0,0.0,13.87
170,RESIDENTIAL HIGH-RISE,BROOKLYN,2023,8,1131.54,0.26,196.95,0.0,0.0,0.0,19.73
170,RESIDENTIAL HIGH-RISE,BROOKLYN,2023,9,713.79,0.17,123.14999999999999,0.0,0.0,0.0,-3.74
170,RESIDENTIAL HIGH-RISE,BROOKLYN,2023,10,507.96000000000004,0.12,84.86999999999999,0.0,0.0,0.0,-36.16
170,RESIDENTIAL HIGH-RISE,BROOKLYN,2023,11,483.71,0.11,79.07,0.0,0.0,0.0,-43.51
170,RESIDENTIAL HIGH-RISE,BROOKLYN,2023,12,868.8899999999999,0.2,139.56,0.0,0.0,0.0,-22.22
170,RESIDENTIAL HIGH-RISE,BROOKLYN,2024,1,711.1,0.17,112.55999999999999,0.0,0.0,0.0,-9.92
170,RESIDENTIAL HIGH-RISE,BROOKLYN,2024,2,872.22,0.2,155.87,0.0,0.0,0.0,34.54
170,RESIDENTIAL HIGH-RISE,BROOKLYN,2024,3,698.16,0.16,126.90999999999998,0.0,0.0,0.0,-34.62
170,RESIDENTIAL HIGH-RISE,BROOKLYN,2024,4,622.0799999999999,0.14,97.93,0.0,0.0,0.0,51.27
170,RESIDENTIAL HIGH-RISE,BROOKLYN,2024,5,713.3200000000002,0.17,110.13999999999999,0.0,0.0,0.0,8.61
170,RESIDENTIAL HIGH-RISE,BROOKLYN,2024,6,823.66,0.19,141.84,0.0,0.0,0.0,-53.82
170,RESIDENTIAL HIGH-RISE,BROOKLYN,2024,7,864.5400000000001,0.2,142.06,0.0,0.0,0.0,-14.9
170,RESIDENTIAL HIGH-RISE,BROOKLYN,2024,8,977.1300000000001,0.23,166.85999999999999,0.0,0.0,0.0,-13.65
170,RESIDENTIAL HIGH-RISE,BROOKLYN,2024,9,467.92999999999995,0.11,88.44999999999999,0.0,0.0,0.0,-34.44
170,RESIDENTIAL HIGH-RISE,BROOKLYN,2024,10,717.99,0.17,111.64999999999999,0.0,0.0,0.0,41.35
170,RESIDENTIAL HIGH-RISE,BROOKLYN,2024,11,943.1400000000001,0.22,165.85999999999999,0.0,0.0,0.0,94.98
170,RESIDENTIAL HIGH-RISE,BROOKLYN,2024,12,582.73,0.14,96.01,0.0,0.0,0.0,-32.93
171,GOVERNMENT,MANHATTAN,2022,1,296.93999999999994,0.07,48.71,0.0,0.0,0.0,
171,GOVERNMENT,MANHATTAN,2022,2,277.14,0.06,47.28999999999999,0.0,0.0,0.0,
171,GOVERNMENT,MANHATTAN,2022,3,410.59000000000003,0.1,69.88000000000001,0.0,0.0,0.0,
171,GOVERNMENT,MANHATTAN,2022,4,206.58999999999997,0.05,36.730000000000004,0.0,0.0,0.0,
171,GOVERNMENT,MANHATTAN,2022,5,217.71,0.05,38.339999999999996,0.0,0.0,0.0,
171,GOVERNMENT,MANHATTAN,2022,6,287.49,0.07,48.43000000000001,0.0,0.0,0.0,
171,GOVERNMENT,MANHATTAN,2022,7,355.3,0.08,67.55000000000001,0.0,0.0,0.0,
171,GOVERNMENT,MANHATTAN,2022,8,362.15999999999997,0.08,57.760000000000005,0.0,0.0,0.0,
171,GOVERNMENT,MANHATTAN,2022,9,291.19000000000005,0.07,48.91,0.0,0.0,0.0,
171,GOVERNMENT,MANHATTAN,2022,10,366.01,0.09,65.16000000000001,0.0,0.0,0.0,
171,GOVERNMENT,MANHATTAN,2022,11,403.50999999999993,0.09,64.33000000000001,0.0,0.0,0.0,
171,GOVERNMENT,MANHATTAN,2022,12,276.27,0.06,47.769999999999996,0.0,0.0,0.0,
171,GOVERNMENT,MANHATTAN,2023,1,299.6,0.07,50.03,0.0,0.0,0.0,0.9
171,GOVERNMENT,MANHATTAN,2023,2,265.35,0.06,46.32,0.0,0.0,0.0,-4.25
171,GOVERNMENT,MANHATTAN,2023,3,395.5,0.09,68.2,0.0,0.0,0.0,-3.68
171,GOVERNMENT,MANHATTAN,2023,4,247.09,0.06,41.6,0.0,0.0,0.0,19.6
171,GOVERNMENT,MANHATTAN,2023,5,255.57999999999998,0.06,41.86000000000001,0.0,0.0,0.0,17.39
171,GOVERNMENT,MANHATTAN,2023,6,649.96,0.15,109.28,0.0,0.0,0.0,126.08
171,GOVERNMENT,MANHATTAN,2023,7,394.90000000000003,0.09,67.96,0.0,0.0,0.0,11.15
171,GOVERNMENT,MANHATTAN,2023,8,507.8599999999999,0.12,83.53,0.0,0.0,0.0,40.23
171,GOVERNMENT,MANHATTAN,2023,9,286.64,0.07,46.18,0.0,0.0,0.0,-1.56
171,GOVERNMENT,MANHATTAN,2023,10,215.11,0.05,35.910000000000004,0.0,0.0,0.0,-41.23
171,GOVERNMENT,MANHATTAN,2023,11,255.34000000000003,0.06,44.01,0.0,0.0,0.0,-36.72
171,GOVERNMENT,MANHATTAN,2023,12,377.44,0.09,61.440000000000005,0.0,0.0,0.0,36.62
171,GOVERNMENT,MANHATTAN,2024,1,227.07,0.05,40.82999999999999,0.0,0.0,0.0,-24.21
171,GOVERNMENT,MANHATTAN,2024,2,257.65000000000003,0.06,40.39,0.0,0.0,0.0,-2.9
171,GOVERNMENT,MANHATTAN,2024,3,274.75,0.06,45.71,0.0,0.0,0.0,-30.53
171,GOVERNMENT,MANHATTAN,2024,4,261.37999999999994,0.06,47.07000000000001,0.0,0.0,0.0,5.78
171,GOVERNMENT,MANHATTAN,2024,5,260.24,0.06,39.36000000000001,0.0,0.0,0.0,1.82
171,GOVERNMENT,MANHATTAN,2024,6,291.6,0.07,47.32,0.0,0.0,0.0,-55.14
171,GOVERNMENT,MANHATTAN,2024,7,323.68000000000006,0.08,54.57000000000001,0.0,0.0,0.0,-18.03
171,GOVERNMENT,MANHATTAN,2024,8,327.24,0.08,52.83,0.0,0.0,0.0,-35.56
171,GOVERNMENT,MANHATTAN,2024,9,190.67999999999998,0.04,34.14,0.0,0.0,0.0,-33.48
171,GOVERNMENT,MANHATTAN,2024,10,226.45000000000002,0.05,36.269999999999996,0.0,0.0,0.0,5.27
171,GOVERNMENT,MANHATTAN,2024,11,353.53000000000003,0.08,59.82,0.0,0.0,0.0,38.45
171,GOVERNMENT,MANHATTAN,2024,12,275.88,0.06,45.29,0.0,0.0,0.0,-26.91
172,COMMERCIAL OFFICE,QUEENS,2022,1,1779.88,0.41,294.38,0.0,0.0,11.01,
172,COMMERCIAL OFFICE,QUEENS,2022,2,1452.9099999999999,0.34,272.45,0.0,0.0,6.13,
172,COMMERCIAL OFFICE,QUEENS,2022,3,2066.12,0.48,378.9700000000001,0.0,0.0,9.07,
172,COMMERCIAL OFFICE,QUEENS,2022,4,1620.9399999999998,0.38,260.65000000000003,0.0,0.0,9.69,
172,COMMERCIAL OFFICE,QUEENS,2022,5,1247.95,0.29,207.95,0.0,0.0,7.18,
172,COMMERCIAL OFFICE,QUEENS,2022,6,1530.16,0.36,272.51,0.0,0.0,5.33,
172,COMMERCIAL OFFICE,QUEENS,2022,7,1600.2700000000002,0.37,245.64000000000001,0.0,0.0,11.53,
172,COMMERCIAL OFFICE,QUEENS,2022,8,1822.96,0.42,312.35999999999996,0.0,0.0,8.38,
172,COMMERCIAL OFFICE,QUEENS,2022,9,1694.3799999999999,0.39,285.04,0.0,0.0,10.32,
172,COMMERCIAL OFFICE,QUEENS,2022,10,1929.24,0.45,329.18,0.0,0.0,9.48,
172,COMMERCIAL OFFICE,QUEENS,2022,11,2229.4199999999996,0.52,371.79,0.0,0.0,11.74,
172,COMMERCIAL OFFICE,QUEENS,2022,12,1988.99,0.46,327.98999999999995,0.0,0.0,11.23,
172,COMMERCIAL OFFICE,QUEENS,2023,1,1742.87,0.41,296.29,0.0,0.0,9.93,-2.08
172,COMMERCIAL OFFICE,QUEENS,2023,2,1444.0700000000002,0.34,238.59,0.0,0.0,12.3,-0.61
172,COMMERCIAL OFFICE,QUEENS,2023,3,1822.8899999999999,0.42,299.5,0.0,0.0,11.2,-11.77
172,COMMERCIAL OFFICE,QUEENS,2023,4,1468.13,0.34,249.04999999999995,0.0,0.0,9.15,-9.43
172,COMMERCIAL OFFICE,QUEENS,2023,5,1376.11,0.32,258.77,0.0,0.0,8.99,10.27
172,COMMERCIAL OFFICE,QUEENS,2023,6,3089.849999999999,0.72,503.00000000000006,0.0,0.0,9.78,101.93
172,COMMERCIAL OFFICE,QUEENS,2023,7,1705.09,0.4,303.39,0.0,0.0,10.44,6.55
172,COMMERCIAL OFFICE,QUEENS,2023,8,2439.01,0.57,400.47999999999996,0.0,0.0,11.54,33.79
172,COMMERCIAL OFFICE,QUEENS,2023,9,1407.58,0.33,226.01,0.0,0.0,12.82,-16.93
172,COMMERCIAL OFFICE,QUEENS,2023,10,1158.65,0.27,175.47999999999996,0.0,0.0,10.03,-39.94
172,COMMERCIAL OFFICE,QUEENS,2023,11,1491.49,0.35,274.17,0.0,0.0,5.09,-33.1
172,COMMERCIAL OFFICE,QUEENS,2023,12,1977.19,0.46,327.63,0.0,0.0,10.09,-0.59
172,COMMERCIAL OFFICE,QUEENS,2024,1,1708.1000000000001,0.4,295.7,0.0,0.0,7.57,-1.99
172,COMMERCIAL OFFICE,QUEENS,2024,2,1683.31,0.39,275.12,0.0,0.0,10.26,16.57
172,COMMERCIAL OFFICE,QUEENS,2024,3,1443.42,0.34,242.28,0.0,0.0,10.67,-20.82
172,COMMERCIAL OFFICE,QUEENS,2024,4,1259.26,0.29,234.66,0.0,0.0,10.43,-14.23
172,COMMERCIAL OFFICE,QUEENS,2024,5,1142.32,0.27,206.57999999999998,0.0,0.0,11.02,-16.99
172,COMMERCIAL OFFICE,QUEENS,2024,6,1387.2000000000003,0.32,212.29000000000002,0.0,0.0,9.55,-55.1
172,COMMERCIAL OFFICE,QUEENS,2024,7,1704.21,0.4,287.27,0.0,0.0,8.94,-0.05
172,COMMERCIAL OFFICE,QUEENS,2024,8,1787.8,0.42,307.93,0.0,0.0,9.28,-26.7
172,COMMERCIAL OFFICE,QUEENS,2024,9,1148.6599999999999,0.27,199.14999999999998,0.0,0.0,13.23,-18.39
172,COMMERCIAL OFFICE,QUEENS,2024,10,1336.1299999999997,0.31,237.72,0.0,0.0,10.26,15.32
172,COMMERCIAL OFFICE,QUEENS,2024,11,2090.58,0.49,364.24,0.0,0.0,11.5,40.17
172,COMMERCIAL OFFICE,QUEENS,2024,12,1624.9399999999998,0.38,256.49,0.0,0.0,10.65,-17.82
173,COMMERCIAL OFFICE,STATEN ISLAND,2022,1,602.94,0.14,104.19000000000001,0.0,0.0,0.0,
173,COMMERCIAL OFFICE,STATEN ISLAND,2022,2,491.84,0.11,79.33,0.0,0.0,0.0,
173,COMMERCIAL OFFICE,STATEN ISLAND,2022,3,799.7,0.19,140.64,0.0,0.0,0.0,
173,COMMERCIAL OFFICE,STATEN ISLAND,2022,4,582.8199999999999,0.14,98.78,0.0,0.0,0.0,
173,COMMERCIAL OFFICE,STATEN ISLAND,2022,5,295.13,0.07,48.68,0.0,0.0,0.0,
173,COMMERCIAL OFFICE,STATEN ISLAND,2022,6,597.52,0.14,92.13000000000001,0.0,0.0,0.0,
173,COMMERCIAL OFFICE,STATEN ISLAND,2022,7,650.6699999999998,0.15,117.44,0.0,0.0,0.0,
173,COMMERCIAL OFFICE,STATEN ISLAND,2022,8,560.5799999999999,0.13,98.38000000000001,0.0,0.0,0.0,
173,COMMERCIAL OFFICE,STATEN ISLAND,2022,9,643.84,0.15,109.03000000000002,0.0,0.0,0.0,
173,COMMERCIAL OFFICE,STATEN ISLAND,2022,10,684.47,0.16,115.51,0.0,0.0,0.0,
173,COMMERCIAL OFFICE,STATEN ISLAND,2022,11,806.08,0.19,144.32999999999998,0.0,0.0,0.0,
173,COMMERCIAL OFFICE,STATEN ISLAND,2022,12,713.9499999999999,0.17,115.40999999999998,0.0,0.0,0.0,
173,COMMERCIAL OFFICE,STATEN ISLAND,2023,1,595.1999999999999,0.14,105.63000000000002,0.0,0.0,0.0,-1.28
173,COMMERCIAL OFFICE,STATEN ISLAND,2023,2,463.64,0.11,81.86,0.0,0.0,0.0,-5.73
173,COMMERCIAL OFFICE,STATEN ISLAND,2023,3,816.5900000000001,0.19,143.48999999999998,0.0,0.0,0.0,2.11
173,COMMERCIAL OFFICE,STATEN ISLAND,2023,4,531.84,0.12,88.30999999999999,0.0,0.0,0.0,-8.75
173,COMMERCIAL OFFICE,STATEN ISLAND,2023,5,418.63999999999993,0.1,74.01,0.0,0.0,0.0,41.85
173,COMMERCIAL OFFICE,STATEN ISLAND,2023,6,1158.1399999999999,0.27,188.26999999999998,0.0,0.0,0.0,93.82
173,COMMERCIAL OFFICE,STATEN ISLAND,2023,7,720.69,0.17,126.83999999999999,0.0,0.0,0.0,10.76
173,COMMERCIAL OFFICE,STATEN ISLAND,2023,8,708.8900000000001,0.17,126.8,0.0,0.0,0.0,26.46
173,COMMERCIAL OFFICE,STATEN ISLAND,2023,9,613.6899999999999,0.14,106.24,0.0,0.0,0.0,-4.68
173,COMMERCIAL OFFICE,STATEN ISLAND,2023,10,379.32000000000005,0.09,59.449999999999996,0.0,0.0,0.0,-44.58
173,COMMERCIAL OFFICE,STATEN ISLAND,2023,11,572.9100000000001,0.13,100.83000000000001,0.0,0.0,0.0,-28.93
173,COMMERCIAL OFFICE,STATEN ISLAND,2023,12,708.85,0.17,124.14,0.0,0.0,0.0,-0.71
173,COMMERCIAL OFFICE,STATEN ISLAND,2024,1,559.52,0.13,92.09,0.0,0.0,0.0,-5.99
173,COMMERCIAL OFFICE,STATEN ISLAND,2024,2,674.92,0.16,113.39999999999999,0.0,0.0,0.0,45.57
173,COMMERCIAL OFFICE,STATEN ISLAND,2024,3,488.15,0.11,77.46,0.0,0.0,0.0,-40.22
173,COMMERCIAL OFFICE,STATEN ISLAND,2024,4,420.75,0.1,63.08,0.0,0.0,0.0,-20.89
173,COMMERCIAL OFFICE,STATEN ISLAND,2024,5,567.9899999999999,0.13,92.1,0.0,0.0,0.0,35.68
173,COMMERCIAL OFFICE,STATEN ISLAND,2024,6,441.45000000000005,0.1,74.27,0.0,0.0,0.0,-61.88
173,COMMERCIAL OFFICE,STATEN ISLAND,2024,7,570.25,0.13,99.99,0.0,0.0,0.0,-20.87
173,COMMERCIAL OFFICE,STATEN ISLAND,2024,8,805.39,0.19,133.26,0.0,0.0,0.0,13.61
173,COMMERCIAL OFFICE,STATEN ISLAND,2024,9,378.65999999999997,0.09,67.50999999999999,0.0,0.0,0.0,-38.3
173,COMMERCIAL OFFICE,STATEN ISLAND,2024,10,560.0400000000001,0.13,104.38999999999999,0.0,0.0,0.0,47.64
173,COMMERCIAL OFFICE,STATEN ISLAND,2024,11,716.49,0.17,127.48,0.0,0.0,0.0,25.06
173,COMMERCIAL OFFICE,STATEN ISLAND,2024,12,483.24999999999994,0.11,81.72999999999999,0.0,0.0,0.0,-31.83
174,INDUSTRIAL,BRONX,2022,1,2530.56,0.59,416.31,0.0,0.0,0.0,
174,INDUSTRIAL,BRONX,2022,2,2835.96,0.66,487.9100000000001,0.0,0.0,0.0,
174,INDUSTRIAL,BRONX,2022,3,3679.5099999999998,0.86,663.6700000000001,0.0,0.0,0.0,
174,INDUSTRIAL,BRONX,2022,4,2679.2099999999996,0.62,428.49999999999994,0.0,0.0,0.0,
174,INDUSTRIAL,BRONX,2022,5,2260.86,0.53,436.97,0.0,0.0,0.0,
174,INDUSTRIAL,BRONX,2022,6,2517.31,0.59,410.71999999999997,0.0,0.0,0.0,
174,INDUSTRIAL,BRONX,2022,7,2997.0699999999997,0.7,497.09000000000003,0.0,0.0,0.0,
174,INDUSTRIAL,BRONX,2022,8,2927.2500000000005,0.68,462.62999999999994,0.0,0.0,0.0,
174,INDUSTRIAL,BRONX,2022,9,2650.9100000000003,0.62,433.54,0.0,0.0,0.0,
174,INDUSTRIAL,BRONX,2022,10,3197.42,0.75,555.7099999999999,0.0,0.0,0.0,
174,INDUSTRIAL,BRONX,2022,11,4439.65,1.03,778.21,0.0,0.0,0.0,
174,INDUSTRIAL,BRONX,2022,12,3331.02,0.78,573.8,0.0,0.0,0.0,
174,INDUSTRIAL,BRONX,2023,1,2608.97,0.61,441.88,0.0,0.0,0.0,3.1
174,INDUSTRIAL,BRONX,2023,2,2398.62,0.56,387.84000000000003,0.0,0.0,0.0,-15.42
174,INDUSTRIAL,BRONX,2023,3,4039.12,0.94,699.3199999999999,0.0,0.0,0.0,9.77
174,INDUSTRIAL,BRONX,2023,4,2386.4,0.56,422.53999999999996,0.0,0.0,0.0,-10.93
174,INDUSTRIAL,BRONX,2023,5,1998.75,0.47,327.66999999999996,0.0,0.0,0.0,-11.59
174,INDUSTRIAL,BRONX,2023,6,5553.84,1.29,851.58,0.0,0.0,0.0,120.63
174,INDUSTRIAL,BRONX,2023,7,3151.8800000000006,0.73,569.3000000000001,0.0,0.0,0.0,5.17
174,INDUSTRIAL,BRONX,2023,8,4656.58,1.08,783.0899999999999,0.0,0.0,0.0,59.08
174,INDUSTRIAL,BRONX,2023,9,2739.25,0.64,451.3399999999999,0.0,0.0,0.0,3.33
174,INDUSTRIAL,BRONX,2023,10,1493.85,0.35,228.78,0.0,0.0,0.0,-53.28
174,INDUSTRIAL,BRONX,2023,11,2529.78,0.59,463.38999999999993,0.0,0.0,0.0,-43.02
174,INDUSTRIAL,BRONX,2023,12,3460.6300000000006,0.81,570.71,0.0,0.0,0.0,3.89
174,INDUSTRIAL,BRONX,2024,1,3067.16,0.71,472.53000000000003,0.0,0.0,0.0,17.56
174,INDUSTRIAL,BRONX,2024,2,2931.12,0.68,509.5899999999999,0.0,0.0,0.0,22.2
174,INDUSTRIAL,BRONX,2024,3,2121.4700000000003,0.49,357.65,0.0,0.0,0.0,-47.48
174,INDUSTRIAL,BRONX,2024,4,2282.95,0.53,419.9,0.0,0.0,0.0,-4.33
174,INDUSTRIAL,BRONX,2024,5,2352.69,0.55,364.32000000000005,0.0,0.0,0.0,17.71
174,INDUSTRIAL,BRONX,2024,6,2643.5600000000004,0.62,458.48,0.0,0.0,0.0,-52.4
174,INDUSTRIAL,BRONX,2024,7,2996.65,0.7,539.81,0.0,0.0,0.0,-4.92
174,INDUSTRIAL,BRONX,2024,8,3175.62,0.74,527.72,0.0,0.0,0.0,-31.8
174,INDUSTRIAL,BRONX,2024,9,1864.2199999999998,0.43,310.63,0.0,0.0,0.0,-31.94
174,INDUSTRIAL,BRONX,2024,10,2413.65,0.56,400.7800000000001,0.0,0.0,0.0,61.57
174,INDUSTRIAL,BRONX,2024,11,3305.8500000000004,0.77,601.7,0.0,0.0,0.0,30.68
174,INDUSTRIAL,BRONX,2024,12,2629.85,0.61,428.98,0.0,0.0,0.0,-24.01
175,RESIDENTIAL HIGH-RISE,QUEENS,2022,1,682.0799999999999,0.16,122.64000000000001,0.0,0.0,12.74,
175,RESIDENTIAL HIGH-RISE,QUEENS,2022,2,526.8900000000001,0.12,92.26,0.0,0.0,9.19,
175,RESIDENTIAL HIGH-RISE,QUEENS,2022,3,821.3800000000001,0.19,149.86999999999998,0.0,0.0,11.11,
175,RESIDENTIAL HIGH-RISE,QUEENS,2022,4,659.1300000000001,0.15,114.53,0.0,0.0,11.51,
175,RESIDENTIAL HIGH-RISE,QUEENS,2022,5,492.36,0.11,75.67999999999999,0.0,0.0,10.27,
175,RESIDENTIAL HIGH-RISE,QUEENS,2022,6,532.9399999999999,0.12,87.88,0.0,0.0,12.13,
175,RESIDENTIAL HIGH-RISE,QUEENS,2022,7,610.92,0.14,100.86000000000001,0.0,0.0,5.79,
175,RESIDENTIAL HIGH-RISE,QUEENS,2022,8,856.85,0.2,139.77,0.0,0.0,11.64,
175,RESIDENTIAL HIGH-RISE,QUEENS,2022,9,686.3800000000001,0.16,126.47000000000001,0.0,0.0,10.21,
175,RESIDENTIAL HIGH-RISE,QUEENS,2022,10,688.7,0.16,123.13999999999999,0.0,0.0,11.61,
175,RESIDENTIAL HIGH-RISE,QUEENS,2022,11,820.2,0.19,138.16,0.0,0.0,10.07,
175,RESIDENTIAL HIGH-RISE,QUEENS,2022,12,881.1100000000001,0.21,149.11,0.0,0.0,9.38,
175,RESIDENTIAL HIGH-RISE,QUEENS,2023,1,480.47,0.11,88.07,0.0,0.0,8.45,-29.56
175,RESIDENTIAL HIGH-RISE,QUEENS,2023,2,527.6899999999999,0.12,92.16,0.0,0.0,13.33,0.15
175,RESIDENTIAL HIGH-RISE,QUEENS,2023,3,925.42,0.22,165.06,0.0,0.0,11.59,12.67
175,RESIDENTIAL HIGH-RISE,QUEENS,2023,4,512.62,0.12,88.19,0.0,0.0,10.96,-22.23
175,RESIDENTIAL HIGH-RISE,QUEENS,2023,5,468.46,0.11,76.27,0.0,0.0,7.77,-4.85
175,RESIDENTIAL HIGH-RISE,QUEENS,2023,6,1124.1100000000001,0.26,203.07000000000002,0.0,0.0,8.72,110.93
175,RESIDENTIAL HIGH-RISE,QUEENS,2023,7,777.3100000000001,0.18,122.33999999999999,0.0,0.0,11.83,27.24
175,RESIDENTIAL HIGH-RISE,QUEENS,2023,8,1158.0300000000002,0.27,210.01000000000002,0.0,0.0,9.18,35.15
175,RESIDENTIAL HIGH-RISE,QUEENS,2023,9,506.11999999999983,0.12,89.51,0.0,0.0,9.58,-26.26
175,RESIDENTIAL HIGH-RISE,QUEENS,2023,10,348.73,0.08,56.150000000000006,0.0,0.0,11.41,-49.36
175,RESIDENTIAL HIGH-RISE,QUEENS,2023,11,504.19,0.12,82.73,0.0,0.0,12.43,-38.53
175,RESIDENTIAL HIGH-RISE,QUEENS,2023,12,755.63,0.18,128.09,0.0,0.0,9.55,-14.24
175,RESIDENTIAL HIGH-RISE,QUEENS,2024,1,676.15,0.16,120.59000000000002,0.0,0.0,9.69,40.73
175,RESIDENTIAL HIGH-RISE,QUEENS,2024,2,471.49,0.11,75.36999999999999,0.0,0.0,11.57,-10.65
175,RESIDENTIAL HIGH-RISE,QUEENS,2024,3,517.56,0.12,92.14999999999999,0.0,0.0,11.19,-44.07
175,RESIDENTIAL HIGH-RISE,QUEENS,2024,4,523.0799999999999,0.12,94.41,0.0,0.0,13.1,2.04
175,RESIDENTIAL HIGH-RISE,QUEENS,2024,5,594.04,0.14,96.95,0.0,0.0,7.32,26.81
175,RESIDENTIAL HIGH-RISE,QUEENS,2024,6,667.17,0.16,112.77999999999999,0.0,0.0,10.46,-40.65
175,RESIDENTIAL HIGH-RISE,QUEENS,2024,7,580.86,0.14,94.25,0.0,0.0,11.54,-25.27
175,RESIDENTIAL HIGH-RISE,QUEENS,2024,8,733.98,0.17,110.82000000000002,0.0,0.0,8.81,-36.62
175,RESIDENTIAL HIGH-RISE,QUEENS,2024,9,351.74,0.08,61.88,0.0,0.0,10.81,-30.5
175,RESIDENTIAL HIGH-RISE,QUEENS,2024,10,424.24,0.1,75.58999999999999,0.0,0.0,11.31,21.65
175,RESIDENTIAL HIGH-RISE,QUEENS,2024,11,715.35,0.17,122.58,0.0,0.0,8.79,41.88
175,RESIDENTIAL HIGH-RISE,QUEENS,2024,12,651.43,0.15,110.45,0.0,0.0,9.37,-13.79
176,INDUSTRIAL,STATEN ISLAND,2022,1,697.6,0.16,102.07,0.0,0.0,0.0,
176,INDUSTRIAL,STATEN ISLAND,2022,2,714.68,0.17,124.64999999999998,0.0,0.0,0.0,
176,INDUSTRIAL,STATEN ISLAND,2022,3,1006.96,0.23,157.39999999999998,0.0,0.0,0.0,
176,INDUSTRIAL,STATEN ISLAND,2022,4,680.62,0.16,118.14,0.0,0.0,0.0,
176,INDUSTRIAL,STATEN ISLAND,2022,5,528.56,0.12,90.86000000000001,0.0,0.0,0.0,
176,INDUSTRIAL,STATEN ISLAND,2022,6,660.4399999999999,0.15,119.36999999999999,0.0,0.0,0.0,
176,INDUSTRIAL,STATEN ISLAND,2022,7,755.2500000000002,0.18,137.58,0.0,0.0,0.0,
176,INDUSTRIAL,STATEN ISLAND,2022,8,967.0799999999999,0.23,150.17000000000002,0.0,0.0,0.0,
176,INDUSTRIAL,STATEN ISLAND,2022,9,706.4300000000001,0.16,120.49,0.0,0.0,0.0,
176,INDUSTRIAL,STATEN ISLAND,2022,10,1003.7100000000002,0.23,158.73000000000002,0.0,0.0,0.0,
176,INDUSTRIAL,STATEN ISLAND,2022,11,1098.5500000000002,0.26,189.11,0.0,0.0,0.0,
176,INDUSTRIAL,STATEN ISLAND,2022,12,997.61,0.23,156.92000000000002,0.0,0.0,0.0,
176,INDUSTRIAL,STATEN ISLAND,2023,1,776.72,0.18,134.85,0.0,0.0,0.0,11.34
176,INDUSTRIAL,STATEN ISLAND,2023,2,624.0,0.15,108.00999999999999,0.0,0.0,0.0,-12.69
176,INDUSTRIAL,STATEN ISLAND,2023,3,1151.68,0.27,203.93,0.0,0.0,0.0,14.37
176,INDUSTRIAL,STATEN ISLAND,2023,4,488.64,0.11,86.33,0.0,0.0,0.0,-28.21
176,INDUSTRIAL,STATEN ISLAND,2023,5,652.6999999999999,0.15,106.00999999999999,0.0,0.0,0.0,23.49
176,INDUSTRIAL,STATEN ISLAND,2023,6,1639.0299999999997,0.38,273.2,0.0,0.0,0.0,148.17
176,INDUSTRIAL,STATEN ISLAND,2023,7,849.3,0.2,147.48,0.0,0.0,0.0,12.45
176,INDUSTRIAL,STATEN ISLAND,2023,8,1179.79,0.27,189.72000000000003,0.0,0.0,0.0,22.0
176,INDUSTRIAL,STATEN ISLAND,2023,9,805.85,0.19,141.70999999999998,0.0,0.0,0.0,14.07
176,INDUSTRIAL,STATEN ISLAND,2023,10,586.69,0.14,95.51,0.0,0.0,0.0,-41.55
176,INDUSTRIAL,STATEN ISLAND,2023,11,609.9,0.14,101.92,0.0,0.0,0.0,-44.48
176,INDUSTRIAL,STATEN ISLAND,2023,12,1056.73,0.25,176.52,0.0,0.0,0.0,5.93
176,INDUSTRIAL,STATEN ISLAND,2024,1,811.79,0.19,132.75,0.0,0.0,0.0,4.52
176,INDUSTRIAL,STATEN ISLAND,2024,2,799.02,0.19,138.49,0.0,0.0,0.0,28.05
176,INDUSTRIAL,STATEN ISLAND,2024,3,607.03,0.14,110.24999999999999,0.0,0.0,0.0,-47.29
176,INDUSTRIAL,STATEN ISLAND,2024,4,624.3899999999999,0.15,112.53,0.0,0.0,0.0,27.78
176,INDUSTRIAL,STATEN ISLAND,2024,5,673.0699999999999,0.16,115.14999999999999,0.0,0.0,0.0,3.12
176,INDUSTRIAL,STATEN ISLAND,2024,6,908.35,0.21,139.35000000000002,0.0,0.0,0.0,-44.58
176,INDUSTRIAL,STATEN ISLAND,2024,7,889.9100000000001,0.21,138.75,0.0,0.0,0.0,4.78
176,INDUSTRIAL,STATEN ISLAND,2024,8,1037.96,0.24,176.42,0.0,0.0,0.0,-12.02
176,INDUSTRIAL,STATEN ISLAND,2024,9,463.15,0.11,77.00999999999999,0.0,0.0,0.0,-42.53
176,INDUSTRIAL,STATEN ISLAND,2024,10,637.9399999999999,0.15,105.14000000000001,0.0,0.0,0.0,8.74
176,INDUSTRIAL,STATEN ISLAND,2024,11,991.1,0.23,169.55999999999997,0.0,0.0,0.0,62.5
176,INDUSTRIAL,STATEN ISLAND,2024,12,610.4200000000001,0.14,110.71000000000001,0.0,0.0,0.0,-42.24
177,RETAIL,QUEENS,2022,1,1093.83,0.25,180.96,0.0,0.0,10.08,
177,RETAIL,QUEENS,2022,2,846.6800000000001,0.2,153.38,0.0,0.0,11.0,
177,RETAIL,QUEENS,2022,3,1140.1,0.27,197.42000000000002,0.0,0.0,9.8,
177,RETAIL,QUEENS,2022,4,933.2500000000001,0.22,153.29000000000002,0.0,0.0,9.27,
177,RETAIL,QUEENS,2022,5,480.01,0.11,86.44999999999999,0.0,0.0,11.08,
177,RETAIL,QUEENS,2022,6,813.0,0.19,151.42999999999998,0.0,0.0,8.03,
177,RETAIL,QUEENS,2022,7,831.2599999999999,0.19,143.9,0.0,0.0,12.43,
177,RETAIL,QUEENS,2022,8,1144.05,0.27,205.57,0.0,0.0,10.82,
177,RETAIL,QUEENS,2022,9,885.38,0.21,138.89999999999998,0.0,0.0,9.73,
177,RETAIL,QUEENS,2022,10,1146.0500000000002,0.27,198.98999999999998,0.0,0.0,10.14,
177,RETAIL,QUEENS,2022,11,1306.48,0.3,204.17000000000004,0.0,0.0,11.45,
177,RETAIL,QUEENS,2022,12,1011.1499999999999,0.24,161.88999999999996,0.0,0.0,13.85,
177,RETAIL,QUEENS,2023,1,926.6500000000001,0.22,153.91000000000003,0.0,0.0,9.17,-15.28
177,RETAIL,QUEENS,2023,2,606.0999999999999,0.14,114.05999999999999,0.0,0.0,10.98,-28.41
177,RETAIL,QUEENS,2023,3,1222.43,0.28,205.68,0.0,0.0,9.38,7.22
177,RETAIL,QUEENS,2023,4,825.73,0.19,144.6,0.0,0.0,4.89,-11.52
177,RETAIL,QUEENS,2023,5,642.8300000000002,0.15,107.66,0.0,0.0,12.57,33.92
177,RETAIL,QUEENS,2023,6,1898.4100000000003,0.44,324.24999999999994,0.0,0.0,11.09,133.51
177,RETAIL,QUEENS,2023,7,985.9,0.23,172.83,0.0,0.0,11.03,18.6
177,RETAIL,QUEENS,2023,8,1481.2,0.35,252.11,0.0,0.0,10.75,29.47
177,RETAIL,QUEENS,2023,9,758.3600000000001,0.18,129.41,0.0,0.0,10.84,-14.35
177,RETAIL,QUEENS,2023,10,703.46,0.16,119.40999999999998,0.0,0.0,9.96,-38.62
177,RETAIL,QUEENS,2023,11,784.4899999999999,0.18,132.10999999999999,0.0,0.0,9.2,-39.95
177,RETAIL,QUEENS,2023,12,1133.14,0.26,186.03,0.0,0.0,11.28,12.06
177,RETAIL,QUEENS,2024,1,929.8900000000001,0.22,148.04000000000002,0.0,0.0,8.56,0.35
177,RETAIL,QUEENS,2024,2,767.13,0.18,122.82,0.0,0.0,10.5,26.57
177,RETAIL,QUEENS,2024,3,728.91,0.17,124.87999999999998,0.0,0.0,9.66,-40.37
177,RETAIL,QUEENS,2024,4,795.62,0.19,127.78999999999999,0.0,0.0,11.51,-3.65
177,RETAIL,QUEENS,2024,5,709.3700000000001,0.17,128.17000000000002,0.0,0.0,12.56,10.35
177,RETAIL,QUEENS,2024,6,761.7800000000001,0.18,120.01,0.0,0.0,9.03,-59.87
177,RETAIL,QUEENS,2024,7,944.1000000000001,0.22,153.04999999999998,0.0,0.0,5.91,-4.24
177,RETAIL,QUEENS,2024,8,1082.01,0.25,186.14999999999998,0.0,0.0,10.28,-26.95
177,RETAIL,QUEENS,2024,9,587.34,0.14,95.06,0.0,0.0,10.69,-22.55
177,RETAIL,QUEENS,2024,10,802.31,0.19,130.26000000000002,0.0,0.0,9.67,14.05
177,RETAIL,QUEENS,2024,11,1031.3400000000001,0.24,177.66,0.0,0.0,10.09,31.47
177,RETAIL,QUEENS,2024,12,826.8199999999999,0.19,141.29,0.0,0.0,8.92,-27.03
178,INDUSTRIAL,STATEN ISLAND,2022,1,2228.01,0.52,356.66999999999996,0.0,0.0,0.0,
178,INDUSTRIAL,STATEN ISLAND,2022,2,1671.4400000000003,0.39,286.24,0.0,0.0,0.0,
178,INDUSTRIAL,STATEN ISLAND,2022,3,2850.44,0.66,502.04,0.0,0.0,0.0,
178,INDUSTRIAL,STATEN ISLAND,2022,4,1962.2900000000002,0.46,329.24000000000007,0.0,0.0,0.0,
178,INDUSTRIAL,STATEN ISLAND,2022,5,1147.71,0.27,188.25,0.0,0.0,0.0,
178,INDUSTRIAL,STATEN ISLAND,2022,6,1866.7600000000002,0.43,338.88,0.0,0.0,0.0,
178,INDUSTRIAL,STATEN ISLAND,2022,7,1599.27,0.37,252.47,0.0,0.0,0.0,
178,INDUSTRIAL,STATEN ISLAND,2022,8,2482.52,0.58,391.13,0.0,0.0,0.0,
178,INDUSTRIAL,STATEN ISLAND,2022,9,2153.4900000000002,0.5,340.59000000000003,0.0,0.0,0.0,
178,INDUSTRIAL,STATEN ISLAND,2022,10,2234.84,0.52,369.89,0.0,0.0,0.0,
178,INDUSTRIAL,STATEN ISLAND,2022,11,3078.19,0.72,527.12,0.0,0.0,0.0,
178,INDUSTRIAL,STATEN ISLAND,2022,12,2540.05,0.59,458.44000000000005,0.0,0.0,0.0,
178,INDUSTRIAL,STATEN ISLAND,2023,1,1885.0700000000002,0.44,344.44,0.0,0.0,0.0,-15.39
178,INDUSTRIAL,STATEN ISLAND,2023,2,1670.39,0.39,278.59000000000003,0.0,0.0,0.0,-0.06
178,INDUSTRIAL,STATEN ISLAND,2023,3,2909.33,0.68,479.41,0.0,0.0,0.0,2.07
178,INDUSTRIAL,STATEN ISLAND,2023,4,1603.96,0.37,276.15000000000003,0.0,0.0,0.0,-18.26
178,INDUSTRIAL,STATEN ISLAND,2023,5,1917.37,0.45,334.83,0.0,0.0,0.0,67.06
178,INDUSTRIAL,STATEN ISLAND,2023,6,3960.640000000001,0.92,642.54,0.0,0.0,0.0,112.17
178,INDUSTRIAL,STATEN ISLAND,2023,7,2244.64,0.52,372.15999999999997,0.0,0.0,0.0,40.35
178,INDUSTRIAL,STATEN ISLAND,2023,8,2859.7699999999995,0.67,510.18,0.0,0.0,0.0,15.2
178,INDUSTRIAL,STATEN ISLAND,2023,9,1999.96,0.47,341.9200000000001,0.0,0.0,0.0,-7.13
178,INDUSTRIAL,STATEN ISLAND,2023,10,1435.76,0.33,247.73000000000002,0.0,0.0,0.0,-35.76
178,INDUSTRIAL,STATEN ISLAND,2023,11,1832.67,0.43,302.05,0.0,0.0,0.0,-40.46
178,INDUSTRIAL,STATEN ISLAND,2023,12,2566.54,0.6,430.67,0.0,0.0,0.0,1.04
178,INDUSTRIAL,STATEN ISLAND,2024,1,2296.03,0.53,402.67999999999995,0.0,0.0,0.0,21.8
178,INDUSTRIAL,STATEN ISLAND,2024,2,2371.33,0.55,423.68000000000006,0.0,0.0,0.0,41.96
178,INDUSTRIAL,STATEN ISLAND,2024,3,1740.24,0.41,272.83,0.0,0.0,0.0,-40.18
178,INDUSTRIAL,STATEN ISLAND,2024,4,1448.37,0.34,215.04000000000002,0.0,0.0,0.0,-9.7
178,INDUSTRIAL,STATEN ISLAND,2024,5,1854.05,0.43,311.78,0.0,0.0,0.0,-3.3
178,INDUSTRIAL,STATEN ISLAND,2024,6,2252.68,0.52,394.9,0.0,0.0,0.0,-43.12
178,INDUSTRIAL,STATEN ISLAND,2024,7,1898.39,0.44,309.54999999999995,0.0,0.0,0.0,-15.43
178,INDUSTRIAL,STATEN ISLAND,2024,8,2336.62,0.54,386.83,0.0,0.0,0.0,-18.29
178,INDUSTRIAL,STATEN ISLAND,2024,9,1128.9700000000003,0.26,183.3,0.0,0.0,0.0,-43.55
178,INDUSTRIAL,STATEN ISLAND,2024,10,1836.92,0.43,311.66,0.0,0.0,0.0,27.94
178,INDUSTRIAL,STATEN ISLAND,2024,11,2527.0399999999995,0.59,428.69000000000005,0.0,0.0,0.0,37.89
178,INDUSTRIAL,STATEN ISLAND,2024,12,2026.0400000000002,0.47,374.91999999999996,0.0,0.0,0.0,-21.06
179,GOVERNMENT,MANHATTAN,2022,1,744.12,0.17,128.39,0.0,0.0,0.0,
179,GOVERNMENT,MANHATTAN,2022,2,450.59,0.1,73.47,0.0,0.0,0.0,
179,GOVERNMENT,MANHATTAN,2022,3,861.6300000000001,0.2,148.75,0.0,0.0,0.0,
179,GOVERNMENT,MANHATTAN,2022,4,575.9399999999999,0.13,92.73,0.0,0.0,0.0,
179,GOVERNMENT,MANHATTAN,2022,5,473.06000000000006,0.11,80.88,0.0,0.0,0.0,
179,GOVERNMENT,MANHATTAN,2022,6,582.13,0.14,91.52000000000001,0.0,0.0,0.0,
179,GOVERNMENT,MANHATTAN,2022,7,609.72,0.14,102.10000000000002,0.0,0.0,0.0,
179,GOVERNMENT,MANHATTAN,2022,8,677.1199999999999,0.16,116.74999999999999,0.0,0.0,0.0,
179,GOVERNMENT,MANHATTAN,2022,9,667.94,0.16,118.88999999999999,0.0,0.0,0.0,
179,GOVERNMENT,MANHATTAN,2022,10,681.9100000000001,0.16,108.17000000000002,0.0,0.0,0.0,
179,GOVERNMENT,MANHATTAN,2022,11,888.69,0.21,154.69,0.0,0.0,0.0,
179,GOVERNMENT,MANHATTAN,2022,12,756.8699999999999,0.18,128.35999999999999,0.0,0.0,0.0,
179,GOVERNMENT,MANHATTAN,2023,1,624.97,0.15,109.61,0.0,0.0,0.0,-16.01
179,GOVERNMENT,MANHATTAN,2023,2,490.23,0.11,83.80999999999999,0.0,0.0,0.0,8.8
179,GOVERNMENT,MANHATTAN,2023,3,819.33,0.19,128.35999999999999,0.0,0.0,0.0,-4.91
179,GOVERNMENT,MANHATTAN,2023,4,470.7900000000001,0.11,79.29,0.0,0.0,0.0,-18.26
179,GOVERNMENT,MANHATTAN,2023,5,536.3599999999999,0.12,86.30999999999999,0.0,0.0,0.0,13.38
179,GOVERNMENT,MANHATTAN,2023,6,1187.61,0.28,203.26999999999995,0.0,0.0,0.0,104.01
179,GOVERNMENT,MANHATTAN,2023,7,627.2899999999998,0.15,104.30000000000001,0.0,0.0,0.0,2.88
179,GOVERNMENT,MANHATTAN,2023,8,904.53,0.21,158.13,0.0,0.0,0.0,33.58
179,GOVERNMENT,MANHATTAN,2023,9,639.87,0.15,106.83999999999999,0.0,0.0,0.0,-4.2
179,GOVERNMENT,MANHATTAN,2023,10,431.2,0.1,72.52000000000001,0.0,0.0,0.0,-36.77
179,GOVERNMENT,MANHATTAN,2023,11,438.65000000000003,0.1,77.91999999999999,0.0,0.0,0.0,-50.64
179,GOVERNMENT,MANHATTAN,2023,12,840.35,0.2,129.45000000000002,0.0,0.0,0.0,11.03
179,GOVERNMENT,MANHATTAN,2024,1,672.9999999999999,0.16,111.98,0.0,0.0,0.0,7.69
179,GOVERNMENT,MANHATTAN,2024,2,655.09,0.15,116.92,0.0,0.0,0.0,33.63
179,GOVERNMENT,MANHATTAN,2024,3,433.48,0.1,75.35999999999999,0.0,0.0,0.0,-47.09
179,GOVERNMENT,MANHATTAN,2024,4,466.3800000000001,0.11,90.33999999999999,0.0,0.0,0.0,-0.94
179,GOVERNMENT,MANHATTAN,2024,5,520.7,0.12,86.94,0.0,0.0,0.0,-2.92
179,GOVERNMENT,MANHATTAN,2024,6,572.05,0.13,89.43,0.0,0.0,0.0,-51.83
179,GOVERNMENT,MANHATTAN,2024,7,673.9700000000001,0.16,113.93,0.0,0.0,0.0,7.44
179,GOVERNMENT,MANHATTAN,2024,8,690.82,0.16,114.46,0.0,0.0,0.0,-23.63
179,GOVERNMENT,MANHATTAN,2024,9,383.62999999999994,0.09,63.3,0.0,0.0,0.0,-40.05
179,GOVERNMENT,MANHATTAN,2024,10,520.97,0.12,88.43,0.0,0.0,0.0,20.82
179,GOVERNMENT,MANHATTAN,2024,11,757.05,0.18,121.30000000000003,0.0,0.0,0.0,72.59
179,GOVERNMENT,MANHATTAN,2024,12,668.78,0.16,116.99000000000001,0.0,0.0,0.0,-20.42
180,INDUSTRIAL,STATEN ISLAND,2022,1,1580.7799999999997,0.37,273.90999999999997,0.0,0.0,11.1,
180,INDUSTRIAL,STATEN ISLAND,2022,2,1175.81,0.27,197.86,0.0,0.0,7.49,
180,INDUSTRIAL,STATEN ISLAND,2022,3,1788.6999999999998,0.42,310.54,0.0,0.0,10.66,
180,INDUSTRIAL,STATEN ISLAND,2022,4,1370.4199999999998,0.32,235.0,0.0,0.0,11.51,
180,INDUSTRIAL,STATEN ISLAND,2022,5,1156.3899999999999,0.27,186.39,0.0,0.0,9.16,
180,INDUSTRIAL,STATEN ISLAND,2022,6,1342.6200000000001,0.31,222.15,0.0,0.0,9.01,
180,INDUSTRIAL,STATEN ISLAND,2022,7,1702.6599999999999,0.4,280.89000000000004,0.0,0.0,12.03,
180,INDUSTRIAL,STATEN ISLAND,2022,8,2162.4300000000003,0.5,368.90999999999997,0.0,0.0,10.65,
180,INDUSTRIAL,STATEN ISLAND,2022,9,1714.7300000000002,0.4,293.21999999999997,0.0,0.0,8.09,
180,INDUSTRIAL,STATEN ISLAND,2022,10,2033.1799999999996,0.47,348.32000000000005,0.0,0.0,11.89,
180,INDUSTRIAL,STATEN ISLAND,2022,11,2346.7000000000003,0.55,381.43,0.0,0.0,8.08,
180,INDUSTRIAL,STATEN ISLAND,2022,12,2029.0900000000001,0.47,362.02,0.0,0.0,8.61,
180,INDUSTRIAL,STATEN ISLAND,2023,1,1571.8799999999999,0.37,268.17,0.0,0.0,10.42,-0.56
180,INDUSTRIAL,STATEN ISLAND,2023,2,1282.8500000000001,0.3,236.01,0.0,0.0,12.97,9.1
180,INDUSTRIAL,STATEN ISLAND,2023,3,2302.67,0.54,384.68999999999994,0.0,0.0,11.83,28.73
180,INDUSTRIAL,STATEN ISLAND,2023,4,1374.56,0.32,211.5,0.0,0.0,12.14,0.3
180,INDUSTRIAL,STATEN ISLAND,2023,5,732.1,0.17,129.04,0.0,0.0,8.29,-36.69
180,INDUSTRIAL,STATEN ISLAND,2023,6,2919.2799999999997,0.68,471.7900000000001,0.0,0.0,9.29,117.43
180,INDUSTRIAL,STATEN ISLAND,2023,7,1845.9899999999998,0.43,276.28,0.0,0.0,11.22,8.42
180,INDUSTRIAL,STATEN ISLAND,2023,8,2409.86,0.56,439.5,0.0,0.0,6.82,11.44
180,INDUSTRIAL,STATEN ISLAND,2023,9,1600.61,0.37,265.92999999999995,0.0,0.0,8.39,-6.66
180,INDUSTRIAL,STATEN ISLAND,2023,10,898.6700000000001,0.21,163.38,0.0,0.0,9.94,-55.8
180,INDUSTRIAL,STATEN ISLAND,2023,11,1017.3199999999998,0.24,175.21,0.0,0.0,8.79,-56.65
180,INDUSTRIAL,STATEN ISLAND,2023,12,1859.9000000000003,0.43,320.92,0.0,0.0,9.39,-8.34
180,INDUSTRIAL,STATEN ISLAND,2024,1,1452.49,0.34,268.61,0.0,0.0,8.39,-7.6
180,INDUSTRIAL,STATEN ISLAND,2024,2,1514.9699999999998,0.35,240.35999999999996,0.0,0.0,12.0,18.09
180,INDUSTRIAL,STATEN ISLAND,2024,3,1074.23,0.25,188.66,0.0,0.0,11.06,-53.35
180,INDUSTRIAL,STATEN ISLAND,2024,4,1305.63,0.3,223.29999999999995,0.0,0.0,8.85,-5.01
180,INDUSTRIAL,STATEN ISLAND,2024,5,1323.3700000000001,0.31,224.85000000000002,0.0,0.0,11.41,80.76
180,INDUSTRIAL,STATEN ISLAND,2024,6,1718.8899999999999,0.4,263.44000000000005,0.0,0.0,13.21,-41.12
180,INDUSTRIAL,STATEN ISLAND,2024,7,1641.36,0.38,296.28000000000003,0.0,0.0,10.26,-11.09
180,INDUSTRIAL,STATEN ISLAND,2024,8,1731.81,0.4,308.08000000000004,0.0,0.0,11.45,-28.14
180,INDUSTRIAL,STATEN ISLAND,2024,9,1055.6499999999999,0.25,183.01000000000002,0.0,0.0,13.25,-34.05
180,INDUSTRIAL,STATEN ISLAND,2024,10,1349.6699999999998,0.31,225.17000000000002,0.0,0.0,8.59,50.19
180,INDUSTRIAL,STATEN ISLAND,2024,11,1744.56,0.41,291.7,0.0,0.0,9.28,71.49
180,INDUSTRIAL,STATEN ISLAND,2024,12,1692.65,0.39,297.52,0.0,0.0,12.26,-8.99
181,RETAIL,BROOKLYN,2022,1,1516.4399999999998,0.35,253.40999999999997,0.0,0.0,0.0,
181,RETAIL,BROOKLYN,2022,2,1242.69,0.29,217.30000000000004,0.0,0.0,0.0,
181,RETAIL,BROOKLYN,2022,3,1861.5700000000002,0.43,302.78,0.0,0.0,0.0,
181,RETAIL,BROOKLYN,2022,4,1120.15,0.26,184.13,0.0,0.0,0.0,
181,RETAIL,BROOKLYN,2022,5,1077.52,0.25,195.71999999999997,0.0,0.0,0.0,
181,RETAIL,BROOKLYN,2022,6,1307.64,0.3,207.99,0.0,0.0,0.0,
181,RETAIL,BROOKLYN,2022,7,1015.41,0.24,171.20999999999998,0.0,0.0,0.0,
181,RETAIL,BROOKLYN,2022,8,1636.2099999999998,0.38,267.76,0.0,0.0,0.0,
181,RETAIL,BROOKLYN,2022,9,1532.9,0.36,257.65999999999997,0.0,0.0,0.0,
181,RETAIL,BROOKLYN,2022,10,1643.48,0.38,277.97999999999996,0.0,0.0,0.0,
181,RETAIL,BROOKLYN,2022,11,2028.83,0.47,342.01000000000005,0.0,0.0,0.0,
181,RETAIL,BROOKLYN,2022,12,1750.6999999999996,0.41,294.89,0.0,0.0,0.0,
181,RETAIL,BROOKLYN,2023,1,1682.2399999999998,0.39,281.13,0.0,0.0,0.0,10.93
181,RETAIL,BROOKLYN,2023,2,1142.54,0.27,196.46,0.0,0.0,0.0,-8.06
181,RETAIL,BROOKLYN,2023,3,2087.8199999999997,0.49,353.33,0.0,0.0,0.0,12.15
181,RETAIL,BROOKLYN,2023,4,1065.4,0.25,165.53,0.0,0.0,0.0,-4.89
181,RETAIL,BROOKLYN,2023,5,1233.18,0.29,208.34,0.0,0.0,0.0,14.45
181,RETAIL,BROOKLYN,2023,6,2958.9100000000008,0.69,491.87,0.0,0.0,0.0,126.28
181,RETAIL,BROOKLYN,2023,7,1926.2499999999998,0.45,321.48,0.0,0.0,0.0,89.7
181,RETAIL,BROOKLYN,2023,8,2116.4700000000003,0.49,337.08000000000004,0.0,0.0,0.0,29.35
181,RETAIL,BROOKLYN,2023,9,1253.7800000000002,0.29,214.71999999999997,0.0,0.0,0.0,-18.21
181,RETAIL,BROOKLYN,2023,10,772.8900000000001,0.18,137.09,0.0,0.0,0.0,-52.97
181,RETAIL,BROOKLYN,2023,11,1357.63,0.32,251.82000000000002,0.0,0.0,0.0,-33.08
181,RETAIL,BROOKLYN,2023,12,1385.3,0.32,237.73000000000002,0.0,0.0,0.0,-20.87
181,RETAIL,BROOKLYN,2024,1,1416.6300000000003,0.33,210.61,0.0,0.0,0.0,-15.79
181,RETAIL,BROOKLYN,2024,2,1676.3,0.39,284.36,0.0,0.0,0.0,46.72
181,RETAIL,BROOKLYN,2024,3,988.75,0.23,158.73000000000002,0.0,0.0,0.0,-52.64
181,RETAIL,BROOKLYN,2024,4,1254.7900000000002,0.29,206.72,0.0,0.0,0.0,17.78
181,RETAIL,BROOKLYN,2024,5,985.69,0.23,158.98,0.0,0.0,0.0,-20.07
181,RETAIL,BROOKLYN,2024,6,1248.6599999999999,0.29,237.23000000000002,0.0,0.0,0.0,-57.8
181,RETAIL,BROOKLYN,2024,7,1547.5199999999998,0.36,257.45000000000005,0.0,0.0,0.0,-19.66
181,RETAIL,BROOKLYN,2024,8,1742.5899999999997,0.41,286.2,0.0,0.0,0.0,-17.67
181,RETAIL,BROOKLYN,2024,9,1095.8799999999999,0.26,191.88,0.0,0.0,0.0,-12.59
181,RETAIL,BROOKLYN,2024,10,1246.18,0.29,210.29000000000002,0.0,0.0,0.0,61.24
181,RETAIL,BROOKLYN,2024,11,1772.62,0.41,311.65,0.0,0.0,0.0,30.57
181,RETAIL,BROOKLYN,2024,12,1508.66,0.35,249.96999999999997,0.0,0.0,0.0,8.9
182,RESIDENTIAL HIGH-RISE,BROOKLYN,2022,1,506.26,0.12,83.58999999999999,0.0,0.0,0.0,
182,RESIDENTIAL HIGH-RISE,BROOKLYN,2022,2,446.55999999999995,0.1,71.99999999999999,0.0,0.0,0.0,
182,RESIDENTIAL HIGH-RISE,BROOKLYN,2022,3,691.3000000000002,0.16,117.64999999999999,0.0,0.0,0.0,
182,RESIDENTIAL HIGH-RISE,BROOKLYN,2022,4,474.3,0.11,78.44000000000001,0.0,0.0,0.0,
182,RESIDENTIAL HIGH-RISE,BROOKLYN,2022,5,345.72999999999996,0.08,56.75,0.0,0.0,0.0,
182,RESIDENTIAL HIGH-RISE,BROOKLYN,2022,6,384.61000000000007,0.09,60.25,0.0,0.0,0.0,
182,RESIDENTIAL HIGH-RISE,BROOKLYN,2022,7,445.4200000000001,0.1,73.22,0.0,0.0,0.0,
182,RESIDENTIAL HIGH-RISE,BROOKLYN,2022,8,612.4600000000002,0.14,101.16,0.0,0.0,0.0,
182,RESIDENTIAL HIGH-RISE,BROOKLYN,2022,9,498.41999999999996,0.12,89.47000000000001,0.0,0.0,0.0,
182,RESIDENTIAL HIGH-RISE,BROOKLYN,2022,10,598.67,0.14,102.92,0.0,0.0,0.0,
182,RESIDENTIAL HIGH-RISE,BROOKLYN,2022,11,606.32,0.14,104.96999999999998,0.0,0.0,0.0,
182,RESIDENTIAL HIGH-RISE,BROOKLYN,2022,12,529.56,0.12,98.86,0.0,0.0,0.0,
182,RESIDENTIAL HIGH-RISE,BROOKLYN,2023,1,511.85,0.12,82.98,0.0,0.0,0.0,1.1
182,RESIDENTIAL HIGH-RISE,BROOKLYN,2023,2,406.0,0.09,68.93,0.0,0.0,0.0,-9.08
182,RESIDENTIAL HIGH-RISE,BROOKLYN,2023,3,658.1099999999999,0.15,113.82,0.0,0.0,0.0,-4.8
182,RESIDENTIAL HIGH-RISE,BROOKLYN,2023,4,426.66999999999996,0.1,69.94,0.0,0.0,0.0,-10.04
182,RESIDENTIAL HIGH-RISE,BROOKLYN,2023,5,388.29,0.09,68.16,0.0,0.0,0.0,12.31
182,RESIDENTIAL HIGH-RISE,BROOKLYN,2023,6,995.5399999999997,0.23,168.27999999999994,0.0,0.0,0.0,158.84
182,RESIDENTIAL HIGH-RISE,BROOKLYN,2023,7,618.87,0.14,104.91999999999999,0.0,0.0,0.0,38.94
182,RESIDENTIAL HIGH-RISE,BROOKLYN,2023,8,717.65,0.17,123.31,0.0,0.0,0.0,17.17
182,RESIDENTIAL HIGH-RISE,BROOKLYN,2023,9,472.0999999999999,0.11,83.28999999999999,0.0,0.0,0.0,-5.28
182,RESIDENTIAL HIGH-RISE,BROOKLYN,2023,10,310.81000000000006,0.07,52.47,0.0,0.0,0.0,-48.08
182,RESIDENTIAL HIGH-RISE,BROOKLYN,2023,11,442.27,0.1,70.26,0.0,0.0,0.0,-27.06
182,RESIDENTIAL HIGH-RISE,BROOKLYN,2023,12,609.21,0.14,109.53,0.0,0.0,0.0,15.04
182,RESIDENTIAL HIGH-RISE,BROOKLYN,2024,1,513.73,0.12,90.66,0.0,0.0,0.0,0.37
182,RESIDENTIAL HIGH-RISE,BROOKLYN,2024,2,485.05,0.11,82.61,0.0,0.0,0.0,19.47
182,RESIDENTIAL HIGH-RISE,BROOKLYN,2024,3,421.22999999999996,0.1,78.0,0.0,0.0,0.0,-35.99
182,RESIDENTIAL HIGH-RISE,BROOKLYN,2024,4,415.85,0.1,66.41,0.0,0.0,0.0,-2.54
182,RESIDENTIAL HIGH-RISE,BROOKLYN,2024,5,428.65999999999997,0.1,73.14999999999999,0.0,0.0,0.0,10.4
182,RESIDENTIAL HIGH-RISE,BROOKLYN,2024,6,450.26,0.1,76.99000000000001,0.0,0.0,0.0,-54.77
182,RESIDENTIAL HIGH-RISE,BROOKLYN,2024,7,505.91999999999996,0.12,82.36999999999999,0.0,0.0,0.0,-18.25
182,RESIDENTIAL HIGH-RISE,BROOKLYN,2024,8,538.02,0.13,88.89,0.0,0.0,0.0,-25.03
182,RESIDENTIAL HIGH-RISE,BROOKLYN,2024,9,345.68,0.08,55.11,0.0,0.0,0.0,-26.78
182,RESIDENTIAL HIGH-RISE,BROOKLYN,2024,10,442.07,0.1,75.23,0.0,0.0,0.0,42.23
182,RESIDENTIAL HIGH-RISE,BROOKLYN,2024,11,605.4500000000002,0.14,102.04,0.0,0.0,0.0,36.9
182,RESIDENTIAL HIGH-RISE,BROOKLYN,2024,12,470.75,0.11,79.03999999999999,0.0,0.0,0.0,-22.73
183,GOVERNMENT,QUEENS,2022,1,1105.45,0.26,168.59,0.0,0.0,0.0,
183,GOVERNMENT,QUEENS,2022,2,1035.21,0.24,171.77,0.0,0.0,0.0,
183,GOVERNMENT,QUEENS,2022,3,1285.0600000000002,0.3,219.66000000000005,0.0,0.0,0.0,
183,GOVERNMENT,QUEENS,2022,4,1124.23,0.26,203.24000000000004,0.0,0.0,0.0,
183,GOVERNMENT,QUEENS,2022,5,888.0799999999999,0.21,138.65,0.0,0.0,0.0,
183,GOVERNMENT,QUEENS,2022,6,872.75,0.2,158.16,0.0,0.0,0.0,
183,GOVERNMENT,QUEENS,2022,7,1077.26,0.25,183.05,0.0,0.0,0.0,
183,GOVERNMENT,QUEENS,2022,8,1073.63,0.25,172.89000000000001,0.0,0.0,0.0,
183,GOVERNMENT,QUEENS,2022,9,1076.1999999999998,0.25,199.94000000000003,0.0,0.0,0.0,
183,GOVERNMENT,QUEENS,2022,10,1109.44,0.26,181.21,0.0,0.0,0.0,
183,GOVERNMENT,QUEENS,2022,11,1595.35,0.37,274.51,0.0,0.0,0.0,
183,GOVERNMENT,QUEENS,2022,12,1428.2399999999998,0.33,249.16999999999996,0.0,0.0,0.0,
183,GOVERNMENT,QUEENS,2023,1,943.1600000000001,0.22,158.54999999999998,0.0,0.0,0.0,-14.68
183,GOVERNMENT,QUEENS,2023,2,717.2099999999999,0.17,126.56,0.0,0.0,0.0,-30.72
183,GOVERNMENT,QUEENS,2023,3,1515.1899999999998,0.35,272.57,0.0,0.0,0.0,17.91
183,GOVERNMENT,QUEENS,2023,4,904.93,0.21,144.33000000000004,0.0,0.0,0.0,-19.51
183,GOVERNMENT,QUEENS,2023,5,889.4800000000001,0.21,145.09,0.0,0.0,0.0,0.16
183,GOVERNMENT,QUEENS,2023,6,1592.0400000000002,0.37,267.28,0.0,0.0,0.0,82.42
183,GOVERNMENT,QUEENS,2023,7,1284.2,0.3,203.05999999999997,0.0,0.0,0.0,19.21
183,GOVERNMENT,QUEENS,2023,8,1734.1599999999999,0.4,298.91999999999996,0.0,0.0,0.0,61.52
183,GOVERNMENT,QUEENS,2023,9,1003.8300000000002,0.23,174.43999999999997,0.0,0.0,0.0,-6.72
183,GOVERNMENT,QUEENS,2023,10,647.6299999999999,0.15,114.00999999999999,0.0,0.0,0.0,-41.63
183,GOVERNMENT,QUEENS,2023,11,829.13,0.19,135.66,0.0,0.0,0.0,-48.03
183,GOVERNMENT,QUEENS,2023,12,1388.85,0.32,232.66000000000003,0.0,0.0,0.0,-2.76
183,GOVERNMENT,QUEENS,2024,1,1073.1499999999996,0.25,185.68999999999994,0.0,0.0,0.0,13.78
183,GOVERNMENT,QUEENS,2024,2,1191.82,0.28,201.10000000000002,0.0,0.0,0.0,66.17
183,GOVERNMENT,QUEENS,2024,3,832.41,0.19,126.84000000000002,0.0,0.0,0.0,-45.06
183,GOVERNMENT,QUEENS,2024,4,832.7299999999999,0.19,142.76000000000002,0.0,0.0,0.0,-7.98
183,GOVERNMENT,QUEENS,2024,5,962.3499999999999,0.22,160.11,0.0,0.0,0.0,8.19
183,GOVERNMENT,QUEENS,2024,6,977.81,0.23,172.55,0.0,0.0,0.0,-38.58
183,GOVERNMENT,QUEENS,2024,7,910.87,0.21,155.76,0.0,0.0,0.0,-29.07
183,GOVERNMENT,QUEENS,2024,8,1139.97,0.27,206.6,0.0,0.0,0.0,-34.26
183,GOVERNMENT,QUEENS,2024,9,702.47,0.16,124.59999999999997,0.0,0.0,0.0,-30.02
183,GOVERNMENT,QUEENS,2024,10,880.04,0.21,154.59,0.0,0.0,0.0,35.89
183,GOVERNMENT,QUEENS,2024,11,1038.3899999999999,0.24,165.84,0.0,0.0,0.0,25.24
183,GOVERNMENT,QUEENS,2024,12,969.71,0.23,164.73,0.0,0.0,0.0,-30.18
184,MIXED-USE,BROOKLYN,2022,1,1076.15,0.25,188.54000000000005,0.0,0.0,11.74,
184,MIXED-USE,BROOKLYN,2022,2,1046.3700000000001,0.24,179.14000000000001,0.0,0.0,10.93,
184,MIXED-USE,BROOKLYN,2022,3,1444.06,0.34,252.54999999999995,0.0,0.0,10.11,
184,MIXED-USE,BROOKLYN,2022,4,902.98,0.21,157.79,0.0,0.0,11.14,
184,MIXED-USE,BROOKLYN,2022,5,729.61,0.17,124.81,0.0,0.0,10.72,
184,MIXED-USE,BROOKLYN,2022,6,804.5799999999999,0.19,143.28,0.0,0.0,5.93,
184,MIXED-USE,BROOKLYN,2022,7,1072.7400000000002,0.25,188.07999999999998,0.0,0.0,12.7,
184,MIXED-USE,BROOKLYN,2022,8,1363.8999999999999,0.32,240.92999999999998,0.0,0.0,8.77,
184,MIXED-USE,BROOKLYN,2022,9,1042.99,0.24,171.79000000000002,0.0,0.0,6.74,
184,MIXED-USE,BROOKLYN,2022,10,1357.65,0.32,228.94000000000003,0.0,0.0,10.36,
184,MIXED-USE,BROOKLYN,2022,11,1579.3200000000004,0.37,278.15,0.0,0.0,10.62,
184,MIXED-USE,BROOKLYN,2022,12,1374.87,0.32,236.61999999999998,0.0,0.0,8.06,
184,MIXED-USE,BROOKLYN,2023,1,869.82,0.2,142.19000000000003,0.0,0.0,7.81,-19.17
184,MIXED-USE,BROOKLYN,2023,2,777.3600000000001,0.18,117.95,0.0,0.0,10.89,-25.71
184,MIXED-USE,BROOKLYN,2023,3,1394.11,0.32,224.54999999999998,0.0,0.0,10.43,-3.46
184,MIXED-USE,BROOKLYN,2023,4,844.08,0.2,153.5,0.0,0.0,8.61,-6.52
184,MIXED-USE,BROOKLYN,2023,5,939.3399999999999,0.22,141.4,0.0,0.0,7.97,28.75
184,MIXED-USE,BROOKLYN,2023,6,2071.35,0.48,353.19,0.0,0.0,7.87,157.44
184,MIXED-USE,BROOKLYN,2023,7,1235.97,0.29,230.36,0.0,0.0,10.37,15.22
184,MIXED-USE,BROOKLYN,2023,8,1713.0500000000002,0.4,305.03999999999996,0.0,0.0,7.46,25.6
184,MIXED-USE,BROOKLYN,2023,9,1195.28,0.28,202.31000000000003,0.0,0.0,9.75,14.6
184,MIXED-USE,BROOKLYN,2023,10,668.75,0.16,114.94,0.0,0.0,8.31,-50.74
184,MIXED-USE,BROOKLYN,2023,11,966.6299999999999,0.23,171.02999999999997,0.0,0.0,9.68,-38.79
184,MIXED-USE,BROOKLYN,2023,12,1372.5400000000002,0.32,252.07,0.0,0.0,11.19,-0.17
184,MIXED-USE,BROOKLYN,2024,1,1132.21,0.26,192.86,0.0,0.0,9.14,30.17
184,MIXED-USE,BROOKLYN,2024,2,1039.8799999999999,0.24,171.83,0.0,0.0,12.34,33.77
184,MIXED-USE,BROOKLYN,2024,3,855.5400000000001,0.2,152.04000000000002,0.0,0.0,12.34,-38.63
184,MIXED-USE,BROOKLYN,2024,4,939.27,0.22,156.29,0.0,0.0,9.5,11.28
184,MIXED-USE,BROOKLYN,2024,5,794.5699999999999,0.19,135.23999999999998,0.0,0.0,10.03,-15.41
184,MIXED-USE,BROOKLYN,2024,6,1211.0400000000002,0.28,205.00000000000003,0.0,0.0,11.04,-41.53
184,MIXED-USE,BROOKLYN,2024,7,1097.8799999999999,0.26,180.19,0.0,0.0,11.0,-11.17
184,MIXED-USE,BROOKLYN,2024,8,1351.61,0.31,223.44,0.0,0.0,10.5,-21.1
184,MIXED-USE,BROOKLYN,2024,9,723.46,0.17,115.36,0.0,0.0,9.06,-39.47
184,MIXED-USE,BROOKLYN,2024,10,973.52,0.23,167.76,0.0,0.0,9.64,45.57
184,MIXED-USE,BROOKLYN,2024,11,1191.52,0.28,209.22,0.0,0.0,9.9,23.27
184,MIXED-USE,BROOKLYN,2024,12,1058.36,0.25,176.62,0.0,0.0,10.07,-22.89
185,COMMERCIAL OFFICE,QUEENS,2022,1,1289.3700000000001,0.3,231.02,0.0,0.0,0.0,
185,COMMERCIAL OFFICE,QUEENS,2022,2,1277.76,0.3,225.22000000000003,0.0,0.0,0.0,
185,COMMERCIAL OFFICE,QUEENS,2022,3,1456.91,0.34,256.85,0.0,0.0,0.0,
185,COMMERCIAL OFFICE,QUEENS,2022,4,1199.6299999999997,0.28,214.50000000000006,0.0,0.0,0.0,
185,COMMERCIAL OFFICE,QUEENS,2022,5,920.47,0.21,153.35999999999999,0.0,0.0,0.0,
185,COMMERCIAL OFFICE,QUEENS,2022,6,1048.94,0.24,179.94,0.0,0.0,0.0,
185,COMMERCIAL OFFICE,QUEENS,2022,7,1185.27,0.28,199.9,0.0,0.0,0.0,
185,COMMERCIAL OFFICE,QUEENS,2022,8,1413.17,0.33,243.63,0.0,0.0,0.0,
185,COMMERCIAL OFFICE,QUEENS,2022,9,1158.6499999999999,0.27,186.35000000000002,0.0,0.0,0.0,
185,COMMERCIAL OFFICE,QUEENS,2022,10,1433.58,0.33,229.49,0.0,0.0,0.0,
185,COMMERCIAL OFFICE,QUEENS,2022,11,1785.22,0.42,286.99,0.0,0.0,0.0,
185,COMMERCIAL OFFICE,QUEENS,2022,12,1782.55,0.42,295.80999999999995,0.0,0.0,0.0,
185,COMMERCIAL OFFICE,QUEENS,2023,1,1181.48,0.28,195.2,0.0,0.0,0.0,-8.37
185,COMMERCIAL OFFICE,QUEENS,2023,2,1086.81,0.25,171.67,0.0,0.0,0.0,-14.94
185,COMMERCIAL OFFICE,QUEENS,2023,3,1672.39,0.39,287.74,0.0,0.0,0.0,14.79
185,COMMERCIAL OFFICE,QUEENS,2023,4,978.65,0.23,162.0,0.0,0.0,0.0,-18.42
185,COMMERCIAL OFFICE,QUEENS,2023,5,1053.59,0.25,177.86,0.0,0.0,0.0,14.46
185,COMMERCIAL OFFICE,QUEENS,2023,6,2692.5799999999995,0.63,475.95,0.0,0.0,0.0,156.7
185,COMMERCIAL OFFICE,QUEENS,2023,7,1150.6100000000001,0.27,194.25,0.0,0.0,0.0,-2.92
185,COMMERCIAL OFFICE,QUEENS,2023,8,1792.5500000000004,0.42,327.82,0.0,0.0,0.0,26.85
185,COMMERCIAL OFFICE,QUEENS,2023,9,1135.9799999999998,0.26,175.06000000000003,0.0,0.0,0.0,-1.96
185,COMMERCIAL OFFICE,QUEENS,2023,10,850.8900000000001,0.2,138.1,0.0,0.0,0.0,-40.65
185,COMMERCIAL OFFICE,QUEENS,2023,11,1018.82,0.24,182.72,0.0,0.0,0.0,-42.93
185,COMMERCIAL OFFICE,QUEENS,2023,12,1304.67,0.3,219.06,0.0,0.0,0.0,-26.81
185,COMMERCIAL OFFICE,QUEENS,2024,1,985.8,0.23,165.95,0.0,0.0,0.0,-16.56
185,COMMERCIAL OFFICE,QUEENS,2024,2,1191.43,0.28,231.37,0.0,0.0,0.0,9.63
185,COMMERCIAL OFFICE,QUEENS,2024,3,930.53,0.22,162.05,0.0,0.0,0.0,-44.36
185,COMMERCIAL OFFICE,QUEENS,2024,4,929.48,0.22,154.35999999999996,0.0,0.0,0.0,-5.02
185,COMMERCIAL OFFICE,QUEENS,2024,5,1212.5700000000002,0.28,212.29000000000002,0.0,0.0,0.0,15.09
185,COMMERCIAL OFFICE,QUEENS,2024,6,1247.12,0.29,215.58,0.0,0.0,0.0,-53.68
185,COMMERCIAL OFFICE,QUEENS,2024,7,1272.83,0.3,216.79,0.0,0.0,0.0,10.62
185,COMMERCIAL OFFICE,QUEENS,2024,8,1514.35,0.35,244.93,0.0,0.0,0.0,-15.52
185,COMMERCIAL OFFICE,QUEENS,2024,9,639.37,0.15,102.25,0.0,0.0,0.0,-43.72
185,COMMERCIAL OFFICE,QUEENS,2024,10,983.2800000000001,0.23,165.13,0.0,0.0,0.0,15.56
185,COMMERCIAL OFFICE,QUEENS,2024,11,1636.1499999999999,0.38,258.02000000000004,0.0,0.0,0.0,60.59
185,COMMERCIAL OFFICE,QUEENS,2024,12,1164.18,0.27,218.61,0.0,0.0,0.0,-10.77
186,INDUSTRIAL,BRONX,2022,1,1677.98,0.39,282.12,0.0,0.0,10.51,
186,INDUSTRIAL,BRONX,2022,2,1506.6899999999998,0.35,276.59999999999997,0.0,0.0,10.1,
186,INDUSTRIAL,BRONX,2022,3,2239.15,0.52,395.23,0.0,0.0,9.68,
186,INDUSTRIAL,BRONX,2022,4,1596.7400000000002,0.37,267.2,0.0,0.0,13.31,
186,INDUSTRIAL,BRONX,2022,5,1285.8899999999999,0.3,233.63999999999996,0.0,0.0,9.2,
186,INDUSTRIAL,BRONX,2022,6,1551.95,0.36,260.88,0.0,0.0,6.63,
186,INDUSTRIAL,BRONX,2022,7,1590.4999999999998,0.37,259.66,0.0,0.0,9.6,
186,INDUSTRIAL,BRONX,2022,8,2008.7399999999998,0.47,348.3399999999999,0.0,0.0,11.69,
186,INDUSTRIAL,BRONX,2022,9,1867.62,0.44,321.94,0.0,0.0,13.87,
186,INDUSTRIAL,BRONX,2022,10,2160.45,0.5,366.31,0.0,0.0,9.66,
186,INDUSTRIAL,BRONX,2022,11,2434.72,0.57,361.21,0.0,0.0,7.39,
186,INDUSTRIAL,BRONX,2022,12,2182.38,0.51,372.8,0.0,0.0,7.89,
186,INDUSTRIAL,BRONX,2023,1,1459.99,0.34,263.35,0.0,0.0,9.94,-12.99
186,INDUSTRIAL,BRONX,2023,2,1399.26,0.33,232.83999999999997,0.0,0.0,13.67,-7.13
186,INDUSTRIAL,BRONX,2023,3,2248.06,0.52,405.01,0.0,0.0,10.11,0.4
186,INDUSTRIAL,BRONX,2023,4,1209.01,0.28,198.24,0.0,0.0,13.19,-24.28
186,INDUSTRIAL,BRONX,2023,5,1435.3600000000001,0.33,250.69,0.0,0.0,13.2,11.62
186,INDUSTRIAL,BRONX,2023,6,3578.1600000000003,0.83,614.2699999999999,0.0,0.0,11.54,130.56
186,INDUSTRIAL,BRONX,2023,7,2230.59,0.52,384.64000000000004,0.0,0.0,9.65,40.24
186,INDUSTRIAL,BRONX,2023,8,2677.39,0.62,460.7200000000001,0.0,0.0,11.28,33.29
186,INDUSTRIAL,BRONX,2023,9,1672.98,0.39,297.38,0.0,0.0,7.29,-10.42
186,INDUSTRIAL,BRONX,2023,10,1201.79,0.28,203.37,0.0,0.0,10.81,-44.37
186,INDUSTRIAL,BRONX,2023,11,1365.77,0.32,235.8,0.0,0.0,9.88,-43.9
186,INDUSTRIAL,BRONX,2023,12,2029.4199999999996,0.47,334.4,0.0,0.0,8.52,-7.01
186,INDUSTRIAL,BRONX,2024,1,1153.17,0.27,197.79000000000002,0.0,0.0,9.89,-21.02
186,INDUSTRIAL,BRONX,2024,2,1870.59,0.44,349.15999999999997,0.0,0.0,5.76,33.68
186,INDUSTRIAL,BRONX,2024,3,1339.49,0.31,237.60000000000002,0.0,0.0,7.55,-40.42
186,INDUSTRIAL,BRONX,2024,4,1424.66,0.33,236.08,0.0,0.0,8.75,17.84
186,INDUSTRIAL,BRONX,2024,5,1445.66,0.34,249.03000000000003,0.0,0.0,10.42,0.72
186,INDUSTRIAL,BRONX,2024,6,1396.44,0.33,234.41,0.0,0.0,11.62,-60.97
186,INDUSTRIAL,BRONX,2024,7,1826.6300000000003,0.43,282.44,0.0,0.0,8.46,-18.11
186,INDUSTRIAL,BRONX,2024,8,2016.86,0.47,353.39,0.0,0.0,10.77,-24.67
186,INDUSTRIAL,BRONX,2024,9,1148.53,0.27,187.84,0.0,0.0,11.65,-31.35
186,INDUSTRIAL,BRONX,2024,10,1646.77,0.38,276.13,0.0,0.0,9.8,37.03
186,INDUSTRIAL,BRONX,2024,11,2223.91,0.52,362.09,0.0,0.0,8.07,62.83
186,INDUSTRIAL,BRONX,2024,12,1630.0400000000002,0.38,275.72,0.0,0.0,11.24,-19.68
187,INDUSTRIAL,MANHATTAN,2022,1,2388.5899999999997,0.56,395.78,0.0,0.0,0.0,
187,INDUSTRIAL,MANHATTAN,2022,2,1764.92,0.41,305.69,0.0,0.0,0.0,
187,INDUSTRIAL,MANHATTAN,2022,3,2940.6499999999996,0.69,501.71999999999997,0.0,0.0,0.0,
187,INDUSTRIAL,MANHATTAN,2022,4,2166.94,0.5,380.38999999999993,0.0,0.0,0.0,
187,INDUSTRIAL,MANHATTAN,2022,5,1982.0400000000002,0.46,340.8599999999999,0.0,0.0,0.0,
187,INDUSTRIAL,MANHATTAN,2022,6,2181.8,0.51,378.78,0.0,0.0,0.0,
187,INDUSTRIAL,MANHATTAN,2022,7,2414.1800000000003,0.56,430.35,0.0,0.0,0.0,
187,INDUSTRIAL,MANHATTAN,2022,8,2982.11,0.69,502.99,0.0,0.0,0.0,
187,INDUSTRIAL,MANHATTAN,2022,9,2269.87,0.53,369.94,0.0,0.0,0.0,
187,INDUSTRIAL,MANHATTAN,2022,10,2777.68,0.65,449.39,0.0,0.0,0.0,
187,INDUSTRIAL,MANHATTAN,2022,11,3269.53,0.76,523.43,0.0,0.0,0.0,
187,INDUSTRIAL,MANHATTAN,2022,12,3280.1,0.76,503.5799999999999,0.0,0.0,0.0,
187,INDUSTRIAL,MANHATTAN,2023,1,2463.9799999999996,0.57,430.6,0.0,0.0,0.0,3.16
187,INDUSTRIAL,MANHATTAN,2023,2,2201.99,0.51,348.76,0.0,0.0,0.0,24.76
187,INDUSTRIAL,MANHATTAN,2023,3,2891.6299999999997,0.67,472.5,0.0,0.0,0.0,-1.67
187,INDUSTRIAL,MANHATTAN,2023,4,2116.7999999999997,0.49,360.2,0.0,0.0,0.0,-2.31
187,INDUSTRIAL,MANHATTAN,2023,5,2012.82,0.47,372.84000000000003,0.0,0.0,0.0,1.55
187,INDUSTRIAL,MANHATTAN,2023,6,5241.31,1.22,862.0600000000002,0.0,0.0,0.0,140.23
187,INDUSTRIAL,MANHATTAN,2023,7,3109.7500000000005,0.72,552.49,0.0,0.0,0.0,28.81
187,INDUSTRIAL,MANHATTAN,2023,8,3550.37,0.83,616.72,0.0,0.0,0.0,19.06
187,INDUSTRIAL,MANHATTAN,2023,9,2111.61,0.49,345.15999999999997,0.0,0.0,0.0,-6.97
187,INDUSTRIAL,MANHATTAN,2023,10,1622.72,0.38,282.69,0.0,0.0,0.0,-41.58
187,INDUSTRIAL,MANHATTAN,2023,11,1861.9899999999998,0.43,316.12,0.0,0.0,0.0,-43.05
187,INDUSTRIAL,MANHATTAN,2023,12,3109.54,0.72,544.22,0.0,0.0,0.0,-5.2
187,INDUSTRIAL,MANHATTAN,2024,1,2236.2199999999993,0.52,400.12,0.0,0.0,0.0,-9.24
187,INDUSTRIAL,MANHATTAN,2024,2,2654.8599999999997,0.62,433.71,0.0,0.0,0.0,20.57
187,INDUSTRIAL,MANHATTAN,2024,3,1676.23,0.39,306.47,0.0,0.0,0.0,-42.03
187,INDUSTRIAL,MANHATTAN,2024,4,1600.3899999999999,0.37,262.92,0.0,0.0,0.0,-24.4
187,INDUSTRIAL,MANHATTAN,2024,5,2147.48,0.5,345.88,0.0,0.0,0.0,6.69
187,INDUSTRIAL,MANHATTAN,2024,6,2346.17,0.55,404.03999999999996,0.0,0.0,0.0,-55.24
187,INDUSTRIAL,MANHATTAN,2024,7,2451.4700000000003,0.57,422.26,0.0,0.0,0.0,-21.17
187,INDUSTRIAL,MANHATTAN,2024,8,2628.3399999999997,0.61,405.89,0.0,0.0,0.0,-25.97
187,INDUSTRIAL,MANHATTAN,2024,9,1627.95,0.38,311.59000000000003,0.0,0.0,0.0,-22.9
187,INDUSTRIAL,MANHATTAN,2024,10,2130.72,0.5,361.84999999999997,0.0,0.0,0.0,31.31
187,INDUSTRIAL,MANHATTAN,2024,11,2598.7299999999996,0.61,423.71000000000004,0.0,0.0,0.0,39.57
187,INDUSTRIAL,MANHATTAN,2024,12,2340.07,0.55,417.86,0.0,0.0,0.0,-24.75
188,MIXED-USE,MANHATTAN,2022,1,733.33,0.17,123.58000000000001,0.0,0.0,0.0,
188,MIXED-USE,MANHATTAN,2022,2,615.8700000000001,0.14,108.45,0.0,0.0,0.0,
188,MIXED-USE,MANHATTAN,2022,3,866.4700000000001,0.2,140.78000000000003,0.0,0.0,0.0,
188,MIXED-USE,MANHATTAN,2022,4,654.8599999999999,0.15,110.92,0.0,0.0,0.0,
188,MIXED-USE,MANHATTAN,2022,5,411.31,0.1,69.31,0.0,0.0,0.0,
188,MIXED-USE,MANHATTAN,2022,6,535.22,0.12,99.41000000000001,0.0,0.0,0.0,
188,MIXED-USE,MANHATTAN,2022,7,788.6700000000001,0.18,134.32,0.0,0.0,0.0,
188,MIXED-USE,MANHATTAN,2022,8,837.38,0.2,149.85,0.0,0.0,0.0,
188,MIXED-USE,MANHATTAN,2022,9,707.1600000000001,0.16,124.97000000000001,0.0,0.0,0.0,
188,MIXED-USE,MANHATTAN,2022,10,766.11,0.18,133.07999999999998,0.0,0.0,0.0,
188,MIXED-USE,MANHATTAN,2022,11,1065.6799999999998,0.25,185.39999999999995,0.0,0.0,0.0,
188,MIXED-USE,MANHATTAN,2022,12,908.8700000000001,0.21,165.51999999999998,0.0,0.0,0.0,
188,MIXED-USE,MANHATTAN,2023,1,651.12,0.15,121.42999999999999,0.0,0.0,0.0,-11.21
188,MIXED-USE,MANHATTAN,2023,2,579.8100000000001,0.14,96.87999999999998,0.0,0.0,0.0,-5.86
188,MIXED-USE,MANHATTAN,2023,3,887.91,0.21,148.65,0.0,0.0,0.0,2.47
188,MIXED-USE,MANHATTAN,2023,4,572.89,0.13,83.14000000000001,0.0,0.0,0.0,-12.52
188,MIXED-USE,MANHATTAN,2023,5,538.89,0.13,87.48,0.0,0.0,0.0,31.02
188,MIXED-USE,MANHATTAN,2023,6,1262.7700000000002,0.29,217.44000000000003,0.0,0.0,0.0,135.93
188,MIXED-USE,MANHATTAN,2023,7,851.3400000000001,0.2,157.13,0.0,0.0,0.0,7.95
188,MIXED-USE,MANHATTAN,2023,8,1059.4700000000003,0.25,190.34999999999997,0.0,0.0,0.0,26.52
188,MIXED-USE,MANHATTAN,2023,9,602.5300000000001,0.14,101.32,0.0,0.0,0.0,-14.8
188,MIXED-USE,MANHATTAN,2023,10,447.8,0.1,81.13,0.0,0.0,0.0,-41.55
188,MIXED-USE,MANHATTAN,2023,11,627.8000000000001,0.15,106.12,0.0,0.0,0.0,-41.09
188,MIXED-USE,MANHATTAN,2023,12,743.9100000000001,0.17,132.24,0.0,0.0,0.0,-18.15
188,MIXED-USE,MANHATTAN,2024,1,729.88,0.17,114.85000000000001,0.0,0.0,0.0,12.1
188,MIXED-USE,MANHATTAN,2024,2,653.2899999999998,0.15,109.33,0.0,0.0,0.0,12.67
188,MIXED-USE,MANHATTAN,2024,3,537.8900000000001,0.13,95.20000000000002,0.0,0.0,0.0,-39.42
188,MIXED-USE,MANHATTAN,2024,4,431.83,0.1,73.85000000000001,0.0,0.0,0.0,-24.62
188,MIXED-USE,MANHATTAN,2024,5,414.48999999999995,0.1,69.11999999999999,0.0,0.0,0.0,-23.08
188,MIXED-USE,MANHATTAN,2024,6,725.3500000000001,0.17,119.70999999999998,0.0,0.0,0.0,-42.56
188,MIXED-USE,MANHATTAN,2024,7,797.4799999999999,0.19,141.04,0.0,0.0,0.0,-6.33
188,MIXED-USE,MANHATTAN,2024,8,835.76,0.19,143.27000000000004,0.0,0.0,0.0,-21.12
188,MIXED-USE,MANHATTAN,2024,9,447.38,0.1,71.89999999999999,0.0,0.0,0.0,-25.75
188,MIXED-USE,MANHATTAN,2024,10,526.4200000000001,0.12,92.10000000000001,0.0,0.0,0.0,17.56
188,MIXED-USE,MANHATTAN,2024,11,865.24,0.2,146.03,0.0,0.0,0.0,37.82
188,MIXED-USE,MANHATTAN,2024,12,713.6899999999999,0.17,119.63,0.0,0.0,0.0,-4.06
189,RESIDENTIAL HIGH-RISE,MANHATTAN,2022,1,638.0800000000002,0.15,104.02000000000001,0.0,0.0,0.0,
189,RESIDENTIAL HIGH-RISE,MANHATTAN,2022,2,580.1700000000001,0.14,100.53,0.0,0.0,0.0,
189,RESIDENTIAL HIGH-RISE,MANHATTAN,2022,3,864.77,0.2,140.32,0.0,0.0,0.0,
189,RESIDENTIAL HIGH-RISE,MANHATTAN,2022,4,553.84,0.13,100.13,0.0,0.0,0.0,
189,RESIDENTIAL HIGH-RISE,MANHATTAN,2022,5,495.12,0.12,75.44,0.0,0.0,0.0,
189,RESIDENTIAL HIGH-RISE,MANHATTAN,2022,6,591.13,0.14,107.1,0.0,0.0,0.0,
189,RESIDENTIAL HIGH-RISE,MANHATTAN,2022,7,668.2399999999999,0.16,118.23999999999998,0.0,0.0,0.0,
189,RESIDENTIAL HIGH-RISE,MANHATTAN,2022,8,768.4599999999999,0.18,137.57999999999998,0.0,0.0,0.0,
189,RESIDENTIAL HIGH-RISE,MANHATTAN,2022,9,593.96,0.14,93.03999999999998,0.0,0.0,0.0,
189,RESIDENTIAL HIGH-RISE,MANHATTAN,2022,10,774.9,0.18,139.82999999999998,0.0,0.0,0.0,
189,RESIDENTIAL HIGH-RISE,MANHATTAN,2022,11,789.9700000000001,0.18,130.22,0.0,0.0,0.0,
189,RESIDENTIAL HIGH-RISE,MANHATTAN,2022,12,778.6400000000001,0.18,130.02,0.0,0.0,0.0,
189,RESIDENTIAL HIGH-RISE,MANHATTAN,2023,1,639.1200000000001,0.15,119.44999999999999,0.0,0.0,0.0,0.16
189,RESIDENTIAL HIGH-RISE,MANHATTAN,2023,2,468.23,0.11,78.22,0.0,0.0,0.0,-19.29
189,RESIDENTIAL HIGH-RISE,MANHATTAN,2023,3,795.6899999999999,0.19,129.92000000000002,0.0,0.0,0.0,-7.99
189,RESIDENTIAL HIGH-RISE,MANHATTAN,2023,4,427.65,0.1,68.35000000000001,0.0,0.0,0.0,-22.78
189,RESIDENTIAL HIGH-RISE,MANHATTAN,2023,5,472.6,0.11,78.96000000000001,0.0,0.0,0.0,-4.55
189,RESIDENTIAL HIGH-RISE,MANHATTAN,2023,6,1161.62,0.27,206.78,0.0,0.0,0.0,96.51
189,RESIDENTIAL HIGH-RISE,MANHATTAN,2023,7,673.4300000000001,0.16,112.24,0.0,0.0,0.0,0.78
189,RESIDENTIAL HIGH-RISE,MANHATTAN,2023,8,987.1300000000001,0.23,172.14,0.0,0.0,0.0,28.46
189,RESIDENTIAL HIGH-RISE,MANHATTAN,2023,9,613.2100000000002,0.14,107.40999999999998,0.0,0.0,0.0,3.24
189,RESIDENTIAL HIGH-RISE,MANHATTAN,2023,10,438.90999999999997,0.1,70.78999999999999,0.0,0.0,0.0,-43.36
189,RESIDENTIAL HIGH-RISE,MANHATTAN,2023,11,400.31,0.09,74.71,0.0,0.0,0.0,-49.33
189,RESIDENTIAL HIGH-RISE,MANHATTAN,2023,12,782.55,0.18,127.69000000000001,0.0,0.0,0.0,0.5
189,RESIDENTIAL HIGH-RISE,MANHATTAN,2024,1,634.73,0.15,108.09,0.0,0.0,0.0,-0.69
189,RESIDENTIAL HIGH-RISE,MANHATTAN,2024,2,692.83,0.16,113.18,0.0,0.0,0.0,47.97
189,RESIDENTIAL HIGH-RISE,MANHATTAN,2024,3,522.23,0.12,91.30000000000001,0.0,0.0,0.0,-34.37
189,RESIDENTIAL HIGH-RISE,MANHATTAN,2024,4,493.33,0.11,75.59,0.0,0.0,0.0,15.36
189,RESIDENTIAL HIGH-RISE,MANHATTAN,2024,5,424.34000000000003,0.1,78.87,0.0,0.0,0.0,-10.21
189,RESIDENTIAL HIGH-RISE,MANHATTAN,2024,6,571.14,0.13,103.66,0.0,0.0,0.0,-50.83
189,RESIDENTIAL HIGH-RISE,MANHATTAN,2024,7,651.27,0.15,121.73,0.0,0.0,0.0,-3.29
189,RESIDENTIAL HIGH-RISE,MANHATTAN,2024,8,818.8299999999999,0.19,138.54,0.0,0.0,0.0,-17.05
189,RESIDENTIAL HIGH-RISE,MANHATTAN,2024,9,463.16,0.11,85.61999999999999,0.0,0.0,0.0,-24.47
189,RESIDENTIAL HIGH-RISE,MANHATTAN,2024,10,482.03999999999996,0.11,78.41999999999999,0.0,0.0,0.0,9.83
189,RESIDENTIAL HIGH-RISE,MANHATTAN,2024,11,569.84,0.13,94.83999999999999,0.0,0.0,0.0,42.35
189,RESIDENTIAL HIGH-RISE,MANHATTAN,2024,12,603.23,0.14,96.86,0.0,0.0,0.0,-22.91
190,MIXED-USE,BROOKLYN,2022,1,660.84,0.15,118.25,0.0,0.0,0.0,
190,MIXED-USE,BROOKLYN,2022,2,616.23,0.14,110.74,0.0,0.0,0.0,
190,MIXED-USE,BROOKLYN,2022,3,1042.8600000000001,0.24,181.80000000000004,0.0,0.0,0.0,
190,MIXED-USE,BROOKLYN,2022,4,646.0500000000001,0.15,105.62000000000002,0.0,0.0,0.0,
190,MIXED-USE,BROOKLYN,2022,5,590.99,0.14,96.55999999999999,0.0,0.0,0.0,
190,MIXED-USE,BROOKLYN,2022,6,671.31,0.16,136.33,0.0,0.0,0.0,
190,MIXED-USE,BROOKLYN,2022,7,707.03,0.16,122.69999999999999,0.0,0.0,0.0,
190,MIXED-USE,BROOKLYN,2022,8,835.9599999999999,0.19,155.35999999999999,0.0,0.0,0.0,
190,MIXED-USE,BROOKLYN,2022,9,664.3399999999999,0.15,107.76,0.0,0.0,0.0,
190,MIXED-USE,BROOKLYN,2022,10,885.8699999999999,0.21,148.01999999999998,0.0,0.0,0.0,
190,MIXED-USE,BROOKLYN,2022,11,945.9899999999999,0.22,155.88000000000002,0.0,0.0,0.0,
190,MIXED-USE,BROOKLYN,2022,12,869.3799999999999,0.2,157.23999999999998,0.0,0.0,0.0,
190,MIXED-USE,BROOKLYN,2023,1,693.96,0.16,105.96,0.0,0.0,0.0,5.01
190,MIXED-USE,BROOKLYN,2023,2,589.7900000000001,0.14,97.83,0.0,0.0,0.0,-4.29
190,MIXED-USE,BROOKLYN,2023,3,942.8300000000002,0.22,158.37999999999997,0.0,0.0,0.0,-9.59
190,MIXED-USE,BROOKLYN,2023,4,558.6600000000001,0.13,85.85000000000001,0.0,0.0,0.0,-13.53
190,MIXED-USE,BROOKLYN,2023,5,534.78,0.12,97.29,0.0,0.0,0.0,-9.51
190,MIXED-USE,BROOKLYN,2023,6,1455.6,0.34,259.8,0.0,0.0,0.0,116.83
190,MIXED-USE,BROOKLYN,2023,7,907.2799999999999,0.21,163.97,0.0,0.0,0.0,28.32
190,MIXED-USE,BROOKLYN,2023,8,1179.65,0.27,208.63,0.0,0.0,0.0,41.11
190,MIXED-USE,BROOKLYN,2023,9,702.85,0.16,120.3,0.0,0.0,0.0,5.8
190,MIXED-USE,BROOKLYN,2023,10,493.17,0.11,88.42000000000002,0.0,0.0,0.0,-44.33
190,MIXED-USE,BROOKLYN,2023,11,497.87999999999994,0.12,78.94,0.0,0.0,0.0,-47.37
190,MIXED-USE,BROOKLYN,2023,12,764.83,0.18,125.48,0.0,0.0,0.0,-12.03
190,MIXED-USE,BROOKLYN,2024,1,640.8399999999999,0.15,111.36000000000001,0.0,0.0,0.0,-7.65
190,MIXED-USE,BROOKLYN,2024,2,836.4299999999998,0.19,141.07,0.0,0.0,0.0,41.82
190,MIXED-USE,BROOKLYN,2024,3,609.0,0.14,103.68,0.0,0.0,0.0,-35.41
190,MIXED-USE,BROOKLYN,2024,4,514.38,0.12,81.24,0.0,0.0,0.0,-7.93
190,MIXED-USE,BROOKLYN,2024,5,666.4899999999999,0.16,110.82,0.0,0.0,0.0,24.63
190,MIXED-USE,BROOKLYN,2024,6,589.0,0.14,117.18,0.0,0.0,0.0,-59.54
190,MIXED-USE,BROOKLYN,2024,7,811.53,0.19,150.01,0.0,0.0,0.0,-10.55
190,MIXED-USE,BROOKLYN,2024,8,909.3900000000001,0.21,151.44,0.0,0.0,0.0,-22.91
190,MIXED-USE,BROOKLYN,2024,9,451.41999999999996,0.11,75.17,0.0,0.0,0.0,-35.77
190,MIXED-USE,BROOKLYN,2024,10,699.25,0.16,123.16999999999999,0.0,0.0,0.0,41.79
190,MIXED-USE,BROOKLYN,2024,11,775.62,0.18,128.62999999999997,0.0,0.0,0.0,55.78
190,MIXED-USE,BROOKLYN,2024,12,698.3299999999999,0.16,115.05999999999997,0.0,0.0,0.0,-8.69
191,RESIDENTIAL HIGH-RISE,QUEENS,2022,1,793.9700000000001,0.18,141.21,0.0,0.0,0.0,
191,RESIDENTIAL HIGH-RISE,QUEENS,2022,2,661.11,0.15,113.89000000000001,0.0,0.0,0.0,
191,RESIDENTIAL HIGH-RISE,QUEENS,2022,3,1029.36,0.24,178.39,0.0,0.0,0.0,
191,RESIDENTIAL HIGH-RISE,QUEENS,2022,4,660.01,0.15,110.92,0.0,0.0,0.0,
191,RESIDENTIAL HIGH-RISE,QUEENS,2022,5,490.10999999999996,0.11,84.37,0.0,0.0,0.0,
191,RESIDENTIAL HIGH-RISE,QUEENS,2022,6,809.1999999999999,0.19,139.25000000000003,0.0,0.0,0.0,
191,RESIDENTIAL HIGH-RISE,QUEENS,2022,7,713.98,0.17,127.89,0.0,0.0,0.0,
191,RESIDENTIAL HIGH-RISE,QUEENS,2022,8,783.8600000000001,0.18,127.41,0.0,0.0,0.0,
191,RESIDENTIAL HIGH-RISE,QUEENS,2022,9,846.8700000000001,0.2,154.23,0.0,0.0,0.0,
191,RESIDENTIAL HIGH-RISE,QUEENS,2022,10,952.1900000000002,0.22,165.77999999999997,0.0,0.0,0.0,
191,RESIDENTIAL HIGH-RISE,QUEENS,2022,11,1127.7399999999998,0.26,199.41000000000003,0.0,0.0,0.0,
191,RESIDENTIAL HIGH-RISE,QUEENS,2022,12,887.98,0.21,153.43999999999997,0.0,0.0,0.0,
191,RESIDENTIAL HIGH-RISE,QUEENS,2023,1,721.3700000000001,0.17,120.3,0.0,0.0,0.0,-9.14
191,RESIDENTIAL HIGH-RISE,QUEENS,2023,2,637.0100000000001,0.15,107.65,0.0,0.0,0.0,-3.65
191,RESIDENTIAL HIGH-RISE,QUEENS,2023,3,1074.2,0.25,172.82000000000002,0.0,0.0,0.0,4.36
191,RESIDENTIAL HIGH-RISE,QUEENS,2023,4,606.3900000000001,0.14,104.91,0.0,0.0,0.0,-8.12
191,RESIDENTIAL HIGH-RISE,QUEENS,2023,5,583.55,0.14,107.33000000000001,0.0,0.0,0.0,19.07
191,RESIDENTIAL HIGH-RISE,QUEENS,2023,6,1614.9099999999999,0.38,298.66,0.0,0.0,0.0,99.57
191,RESIDENTIAL HIGH-RISE,QUEENS,2023,7,722.5,0.17,113.27999999999999,0.0,0.0,0.0,1.19
191,RESIDENTIAL HIGH-RISE,QUEENS,2023,8,1264.7100000000003,0.29,204.11000000000004,0.0,0.0,0.0,61.34
191,RESIDENTIAL HIGH-RISE,QUEENS,2023,9,768.34,0.18,128.73000000000002,0.0,0.0,0.0,-9.27
191,RESIDENTIAL HIGH-RISE,QUEENS,2023,10,527.93,0.12,95.9,0.0,0.0,0.0,-44.56
191,RESIDENTIAL HIGH-RISE,QUEENS,2023,11,663.6299999999999,0.15,112.78999999999999,0.0,0.0,0.0,-41.15
191,RESIDENTIAL HIGH-RISE,QUEENS,2023,12,671.1899999999999,0.16,117.85999999999999,0.0,0.0,0.0,-24.41
191,RESIDENTIAL HIGH-RISE,QUEENS,2024,1,780.65,0.18,132.67999999999998,0.0,0.0,0.0,8.22
191,RESIDENTIAL HIGH-RISE,QUEENS,2024,2,763.56,0.18,135.81,0.0,0.0,0.0,19.87
191,RESIDENTIAL HIGH-RISE,QUEENS,2024,3,633.28,0.15,102.30999999999999,0.0,0.0,0.0,-41.05
191,RESIDENTIAL HIGH-RISE,QUEENS,2024,4,568.0799999999999,0.13,98.18,0.0,0.0,0.0,-6.32
191,RESIDENTIAL HIGH-RISE,QUEENS,2024,5,608.6800000000001,0.14,106.47,0.0,0.0,0.0,4.31
191,RESIDENTIAL HIGH-RISE,QUEENS,2024,6,710.96,0.17,130.45000000000002,0.0,0.0,0.0,-55.98
191,RESIDENTIAL HIGH-RISE,QUEENS,2024,7,777.48,0.18,127.24000000000001,0.0,0.0,0.0,7.61
191,RESIDENTIAL HIGH-RISE,QUEENS,2024,8,866.5900000000001,0.2,154.8,0.0,0.0,0.0,-31.48
191,RESIDENTIAL HIGH-RISE,QUEENS,2024,9,498.71999999999997,0.12,84.98,0.0,0.0,0.0,-35.09
191,RESIDENTIAL HIGH-RISE,QUEENS,2024,10,659.62,0.15,105.65,0.0,0.0,0.0,24.94
191,RESIDENTIAL HIGH-RISE,QUEENS,2024,11,973.3399999999999,0.23,178.96999999999997,0.0,0.0,0.0,46.67
191,RESIDENTIAL HIGH-RISE,QUEENS,2024,12,694.3,0.16,121.70000000000002,0.0,0.0,0.0,3.44
192,INDUSTRIAL,BRONX,2022,1,2240.81,0.52,399.4,0.0,0.0,0.0,
192,INDUSTRIAL,BRONX,2022,2,2058.2,0.48,355.84999999999997,0.0,0.0,0.0,
192,INDUSTRIAL,BRONX,2022,3,2602.9900000000007,0.61,440.99,0.0,0.0,0.0,
192,INDUSTRIAL,BRONX,2022,4,1692.3999999999996,0.39,292.94000000000005,0.0,0.0,0.0,
192,INDUSTRIAL,BRONX,2022,5,1430.68,0.33,224.92,0.0,0.0,0.0,
192,INDUSTRIAL,BRONX,2022,6,2112.96,0.49,333.85,0.0,0.0,0.0,
192,INDUSTRIAL,BRONX,2022,7,2239.2000000000003,0.52,388.70000000000005,0.0,0.0,0.0,
192,INDUSTRIAL,BRONX,2022,8,3086.5399999999995,0.72,534.26,0.0,0.0,0.0,
192,INDUSTRIAL,BRONX,2022,9,2304.71,0.54,390.80000000000007,0.0,0.0,0.0,
192,INDUSTRIAL,BRONX,2022,10,3009.3999999999996,0.7,471.2,0.0,0.0,0.0,
192,INDUSTRIAL,BRONX,2022,11,3369.0600000000004,0.78,583.0000000000001,0.0,0.0,0.0,
192,INDUSTRIAL,BRONX,2022,12,2896.35,0.67,471.61999999999995,0.0,0.0,0.0,
192,INDUSTRIAL,BRONX,2023,1,2347.1000000000004,0.55,421.96999999999997,0.0,0.0,0.0,4.74
192,INDUSTRIAL,BRONX,2023,2,1895.3200000000002,0.44,328.87999999999994,0.0,0.0,0.0,-7.91
192,INDUSTRIAL,BRONX,2023,3,2941.5800000000004,0.69,500.89,0.0,0.0,0.0,13.01
192,INDUSTRIAL,BRONX,2023,4,1588.6299999999999,0.37,263.19,0.0,0.0,0.0,-6.13
192,INDUSTRIAL,BRONX,2023,5,1483.16,0.35,244.63,0.0,0.0,0.0,3.67
192,INDUSTRIAL,BRONX,2023,6,4540.960000000001,1.06,762.8599999999998,0.0,0.0,0.0,114.91
192,INDUSTRIAL,BRONX,2023,7,2896.57,0.67,515.55,0.0,0.0,0.0,29.36
192,INDUSTRIAL,BRONX,2023,8,3246.5699999999997,0.76,538.95,0.0,0.0,0.0,5.18
192,INDUSTRIAL,BRONX,2023,9,2083.6600000000003,0.49,366.18,0.0,0.0,0.0,-9.59
192,INDUSTRIAL,BRONX,2023,10,1500.79,0.35,254.9,0.0,0.0,0.0,-50.13
192,INDUSTRIAL,BRONX,2023,11,1869.71,0.44,302.5,0.0,0.0,0.0,-44.5
192,INDUSTRIAL,BRONX,2023,12,2950.3799999999997,0.69,518.39,0.0,0.0,0.0,1.87
192,INDUSTRIAL,BRONX,2024,1,2118.25,0.49,324.45,0.0,0.0,0.0,-9.75
192,INDUSTRIAL,BRONX,2024,2,2309.9500000000003,0.54,399.2,0.0,0.0,0.0,21.88
192,INDUSTRIAL,BRONX,2024,3,2010.2600000000002,0.47,323.24,0.0,0.0,0.0,-31.66
192,INDUSTRIAL,BRONX,2024,4,1855.5600000000002,0.43,292.88,0.0,0.0,0.0,16.8
192,INDUSTRIAL,BRONX,2024,5,2087.64,0.49,346.91,0.0,0.0,0.0,40.76
192,INDUSTRIAL,BRONX,2024,6,2030.3700000000001,0.47,335.94000000000005,0.0,0.0,0.0,-55.29
192,INDUSTRIAL,BRONX,2024,7,2573.38,0.6,415.82000000000005,0.0,0.0,0.0,-11.16
192,INDUSTRIAL,BRONX,2024,8,2606.59,0.61,450.52,0.0,0.0,0.0,-19.71
192,INDUSTRIAL,BRONX,2024,9,1333.4499999999998,0.31,245.57000000000002,0.0,0.0,0.0,-36.0
192,INDUSTRIAL,BRONX,2024,10,2103.54,0.49,351.15999999999997,0.0,0.0,0.0,40.16
192,INDUSTRIAL,BRONX,2024,11,2398.75,0.56,378.28,0.0,0.0,0.0,28.3
192,INDUSTRIAL,BRONX,2024,12,1838.87,0.43,294.17,0.0,0.0,0.0,-37.67
193,INDUSTRIAL,BRONX,2022,1,262.37,0.06,42.74,0.0,0.0,0.0,
193,INDUSTRIAL,BRONX,2022,2,219.91999999999996,0.05,38.56,0.0,0.0,0.0,
193,INDUSTRIAL,BRONX,2022,3,310.82,0.07,51.7,0.0,0.0,0.0,
193,INDUSTRIAL,BRONX,2022,4,220.96,0.05,40.910000000000004,0.0,0.0,0.0,
193,INDUSTRIAL,BRONX,2022,5,88.31,0.02,13.66,0.0,0.0,0.0,
193,INDUSTRIAL,BRONX,2022,6,203.62,0.05,37.01,0.0,0.0,0.0,
193,INDUSTRIAL,BRONX,2022,7,197.0,0.05,36.38,0.0,0.0,0.0,
193,INDUSTRIAL,BRONX,2022,8,312.3300000000001,0.07,49.050000000000004,0.0,0.0,0.0,
193,INDUSTRIAL,BRONX,2022,9,240.85000000000002,0.06,40.019999999999996,0.0,0.0,0.0,
193,INDUSTRIAL,BRONX,2022,10,278.27,0.06,48.7,0.0,0.0,0.0,
193,INDUSTRIAL,BRONX,2022,11,294.43,0.07,51.08,0.0,0.0,0.0,
193,INDUSTRIAL,BRONX,2022,12,268.55999999999995,0.06,43.28,0.0,0.0,0.0,
193,INDUSTRIAL,BRONX,2023,1,227.18999999999997,0.05,38.57,0.0,0.0,0.0,-13.41
193,INDUSTRIAL,BRONX,2023,2,152.39999999999998,0.04,25.31,0.0,0.0,0.0,-30.7
193,INDUSTRIAL,BRONX,2023,3,257.72,0.06,45.32000000000001,0.0,0.0,0.0,-17.08
193,INDUSTRIAL,BRONX,2023,4,198.1,0.05,34.58,0.0,0.0,0.0,-10.35
193,INDUSTRIAL,BRONX,2023,5,186.92000000000002,0.04,29.369999999999997,0.0,0.0,0.0,111.66
193,INDUSTRIAL,BRONX,2023,6,429.06,0.1,74.52,0.0,0.0,0.0,110.72
193,INDUSTRIAL,BRONX,2023,7,279.55999999999995,0.07,50.94,0.0,0.0,0.0,41.91
193,INDUSTRIAL,BRONX,2023,8,346.06999999999994,0.08,62.66,0.0,0.0,0.0,10.8
193,INDUSTRIAL,BRONX,2023,9,189.65,0.04,34.839999999999996,0.0,0.0,0.0,-21.26
193,INDUSTRIAL,BRONX,2023,10,169.85999999999999,0.04,29.71,0.0,0.0,0.0,-38.96
193,INDUSTRIAL,BRONX,2023,11,193.16,0.05,33.28,0.0,0.0,0.0,-34.4
193,INDUSTRIAL,BRONX,2023,12,232.61999999999998,0.05,42.839999999999996,0.0,0.0,0.0,-13.38
193,INDUSTRIAL,BRONX,2024,1,240.32999999999998,0.06,40.83,0.0,0.0,0.0,5.78
193,INDUSTRIAL,BRONX,2024,2,241.85999999999993,0.06,38.919999999999995,0.0,0.0,0.0,58.7
193,INDUSTRIAL,BRONX,2024,3,190.37,0.04,33.449999999999996,0.0,0.0,0.0,-26.13
193,INDUSTRIAL,BRONX,2024,4,182.61,0.04,31.17,0.0,0.0,0.0,-7.82
193,INDUSTRIAL,BRONX,2024,5,182.0,0.04,31.679999999999993,0.0,0.0,0.0,-2.63
193,INDUSTRIAL,BRONX,2024,6,189.94,0.04,33.26,0.0,0.0,0.0,-55.73
193,INDUSTRIAL,BRONX,2024,7,214.67000000000002,0.05,34.73,0.0,0.0,0.0,-23.21
193,INDUSTRIAL,BRONX,2024,8,220.28,0.05,38.919999999999995,0.0,0.0,0.0,-36.35
193,INDUSTRIAL,BRONX,2024,9,143.57,0.03,23.1,0.0,0.0,0.0,-24.3
193,INDUSTRIAL,BRONX,2024,10,185.7,0.04,30.639999999999997,0.0,0.0,0.0,9.33
193,INDUSTRIAL,BRONX,2024,11,318.09,0.07,49.620000000000005,0.0,0.0,0.0,64.68
193,INDUSTRIAL,BRONX,2024,12,215.47000000000003,0.05,34.81,0.0,0.0,0.0,-7.37
194,RESIDENTIAL HIGH-RISE,STATEN ISLAND,2022,1,310.78,0.07,49.83,0.0,0.0,8.22,
194,RESIDENTIAL HIGH-RISE,STATEN ISLAND,2022,2,281.61,0.07,49.99,0.0,0.0,10.87,
194,RESIDENTIAL HIGH-RISE,STATEN ISLAND,2022,3,419.62999999999994,0.1,76.47000000000003,0.0,0.0,11.36,
194,RESIDENTIAL HIGH-RISE,STATEN ISLAND,2022,4,324.7300000000001,0.08,57.95000000000001,0.0,0.0,9.16,
194,RESIDENTIAL HIGH-RISE,STATEN ISLAND,2022,5,242.75,0.06,42.980000000000004,0.0,0.0,10.07,
194,RESIDENTIAL HIGH-RISE,STATEN ISLAND,2022,6,248.73000000000002,0.06,39.79,0.0,0.0,6.13,
194,RESIDENTIAL HIGH-RISE,STATEN ISLAND,2022,7,300.10999999999996,0.07,52.05,0.0,0.0,11.85,
194,RESIDENTIAL HIGH-RISE,STATEN ISLAND,2022,8,381.51,0.09,61.690000000000005,0.0,0.0,10.38,
194,RESIDENTIAL HIGH-RISE,STATEN ISLAND,2022,9,301.19,0.07,55.55,0.0,0.0,9.06,
194,RESIDENTIAL HIGH-RISE,STATEN ISLAND,2022,10,310.48,0.07,52.71,0.0,0.0,8.14,
194,RESIDENTIAL HIGH-RISE,STATEN ISLAND,2022,11,452.06999999999994,0.11,75.78999999999999,0.0,0.0,8.36,
194,RESIDENTIAL HIGH-RISE,STATEN ISLAND,2022,12,358.87,0.08,65.65,0.0,0.0,10.85,
194,RESIDENTIAL HIGH-RISE,STATEN ISLAND,2023,1,317.0899999999999,0.07,51.47,0.0,0.0,7.44,2.03
194,RESIDENTIAL HIGH-RISE,STATEN ISLAND,2023,2,228.76,0.05,40.769999999999996,0.0,0.0,6.81,-18.77
194,RESIDENTIAL HIGH-RISE,STATEN ISLAND,2023,3,417.47999999999996,0.1,71.22000000000001,0.0,0.0,9.27,-0.51
194,RESIDENTIAL HIGH-RISE,STATEN ISLAND,2023,4,267.57,0.06,41.70000000000001,0.0,0.0,10.01,-17.6
194,RESIDENTIAL HIGH-RISE,STATEN ISLAND,2023,5,222.20999999999998,0.05,36.63,0.0,0.0,10.71,-8.46
194,RESIDENTIAL HIGH-RISE,STATEN ISLAND,2023,6,611.6300000000001,0.14,100.3,0.0,0.0,11.34,145.9
194,RESIDENTIAL HIGH-RISE,STATEN ISLAND,2023,7,352.49000000000007,0.08,60.38999999999999,0.0,0.0,7.74,17.45
194,RESIDENTIAL HIGH-RISE,STATEN ISLAND,2023,8,488.8999999999999,0.11,85.10000000000002,0.0,0.0,9.69,28.15
194,RESIDENTIAL HIGH-RISE,STATEN ISLAND,2023,9,281.6,0.07,49.5,0.0,0.0,9.2,-6.5
194,RESIDENTIAL HIGH-RISE,STATEN ISLAND,2023,10,193.67,0.05,31.459999999999997,0.0,0.0,11.1,-37.62
194,RESIDENTIAL HIGH-RISE,STATEN ISLAND,2023,11,298.53999999999996,0.07,49.69,0.0,0.0,9.68,-33.96
194,RESIDENTIAL HIGH-RISE,STATEN ISLAND,2023,12,390.64000000000004,0.09,60.62,0.0,0.0,12.67,8.85
194,RESIDENTIAL HIGH-RISE,STATEN ISLAND,2024,1,255.63,0.06,42.29,0.0,0.0,9.77,-19.38
194,RESIDENTIAL HIGH-RISE,STATEN ISLAND,2024,2,239.45000000000002,0.06,41.47,0.0,0.0,10.41,4.67
194,RESIDENTIAL HIGH-RISE,STATEN ISLAND,2024,3,266.79999999999995,0.06,46.48,0.0,0.0,9.64,-36.09
194,RESIDENTIAL HIGH-RISE,STATEN ISLAND,2024,4,258.02,0.06,46.17,0.0,0.0,11.27,-3.57
194,RESIDENTIAL HIGH-RISE,STATEN ISLAND,2024,5,269.21,0.06,41.959999999999994,0.0,0.0,9.03,21.15
194,RESIDENTIAL HIGH-RISE,STATEN ISLAND,2024,6,307.03999999999996,0.07,51.66,0.0,0.0,12.78,-49.8
194,RESIDENTIAL HIGH-RISE,STATEN ISLAND,2024,7,353.66,0.08,60.97,0.0,0.0,11.81,0.33
194,RESIDENTIAL HIGH-RISE,STATEN ISLAND,2024,8,385.76,0.09,62.42,0.0,0.0,13.36,-21.1
194,RESIDENTIAL HIGH-RISE,STATEN ISLAND,2024,9,170.71,0.04,30.05,0.0,0.0,10.29,-39.38
194,RESIDENTIAL HIGH-RISE,STATEN ISLAND,2024,10,242.48999999999998,0.06,42.31999999999999,0.0,0.0,11.34,25.21
194,RESIDENTIAL HIGH-RISE,STATEN ISLAND,2024,11,358.55,0.08,63.400000000000006,0.0,0.0,7.63,20.1
194,RESIDENTIAL HIGH-RISE,STATEN ISLAND,2024,12,308.0,0.07,57.01,0.0,0.0,7.96,-21.16
195,MIXED-USE,BROOKLYN,2022,1,926.72,0.22,161.02000000000004,0.0,0.0,0.0,
195,MIXED-USE,BROOKLYN,2022,2,793.7099999999999,0.18,136.98,0.0,0.0,0.0,
195,MIXED-USE,BROOKLYN,2022,3,1286.2399999999998,0.3,206.6,0.0,0.0,0.0,
195,MIXED-USE,BROOKLYN,2022,4,856.55,0.2,149.07,0.0,0.0,0.0,
195,MIXED-USE,BROOKLYN,2022,5,568.45,0.13,94.6,0.0,0.0,0.0,
195,MIXED-USE,BROOKLYN,2022,6,870.24,0.2,156.04000000000002,0.0,0.0,0.0,
195,MIXED-USE,BROOKLYN,2022,7,951.1800000000001,0.22,160.08999999999997,0.0,0.0,0.0,
195,MIXED-USE,BROOKLYN,2022,8,1222.6599999999999,0.28,199.72,0.0,0.0,0.0,
195,MIXED-USE,BROOKLYN,2022,9,909.15,0.21,157.90000000000003,0.0,0.0,0.0,
195,MIXED-USE,BROOKLYN,2022,10,1066.1100000000001,0.25,181.96,0.0,0.0,0.0,
195,MIXED-USE,BROOKLYN,2022,11,1394.66,0.32,237.95999999999998,0.0,0.0,0.0,
195,MIXED-USE,BROOKLYN,2022,12,1233.3800000000003,0.29,195.82999999999998,0.0,0.0,0.0,
195,MIXED-USE,BROOKLYN,2023,1,922.2700000000001,0.21,153.55,0.0,0.0,0.0,-0.48
195,MIXED-USE,BROOKLYN,2023,2,752.35,0.18,123.74000000000001,0.0,0.0,0.0,-5.21
195,MIXED-USE,BROOKLYN,2023,3,1283.79,0.3,225.23999999999995,0.0,0.0,0.0,-0.19
195,MIXED-USE,BROOKLYN,2023,4,677.1600000000001,0.16,115.46,0.0,0.0,0.0,-20.94
195,MIXED-USE,BROOKLYN,2023,5,797.14,0.19,131.16,0.0,0.0,0.0,40.23
195,MIXED-USE,BROOKLYN,2023,6,2055.85,0.48,359.96,0.0,0.0,0.0,136.24
195,MIXED-USE,BROOKLYN,2023,7,1201.96,0.28,200.39,0.0,0.0,0.0,26.37
195,MIXED-USE,BROOKLYN,2023,8,1663.3999999999996,0.39,290.57,0.0,0.0,0.0,36.05
195,MIXED-USE,BROOKLYN,2023,9,988.6600000000001,0.23,175.42,0.0,0.0,0.0,8.75
195,MIXED-USE,BROOKLYN,2023,10,610.07,0.14,91.61000000000001,0.0,0.0,0.0,-42.78
195,MIXED-USE,BROOKLYN,2023,11,765.3499999999999,0.18,128.85999999999999,0.0,0.0,0.0,-45.12
195,MIXED-USE,BROOKLYN,2023,12,1131.28,0.26,193.20000000000002,0.0,0.0,0.0,-8.28
195,MIXED-USE,BROOKLYN,2024,1,981.3999999999999,0.23,154.85999999999999,0.0,0.0,0.0,6.41
195,MIXED-USE,BROOKLYN,2024,2,910.92,0.21,155.23,0.0,0.0,0.0,21.08
195,MIXED-USE,BROOKLYN,2024,3,850.69,0.2,155.38,0.0,0.0,0.0,-33.74
195,MIXED-USE,BROOKLYN,2024,4,806.4699999999999,0.19,138.56000000000003,0.0,0.0,0.0,19.1
195,MIXED-USE,BROOKLYN,2024,5,698.75,0.16,112.61000000000001,0.0,0.0,0.0,-12.34
195,MIXED-USE,BROOKLYN,2024,6,1014.78,0.24,177.54999999999998,0.0,0.0,0.0,-50.64
195,MIXED-USE,BROOKLYN,2024,7,1045.04,0.24,195.98,0.0,0.0,0.0,-13.06
195,MIXED-USE,BROOKLYN,2024,8,1154.2399999999998,0.27,199.05,0.0,0.0,0.0,-30.61
195,MIXED-USE,BROOKLYN,2024,9,737.58,0.17,119.27,0.0,0.0,0.0,-25.4
195,MIXED-USE,BROOKLYN,2024,10,753.4300000000001,0.18,114.72,0.0,0.0,0.0,23.5
195,MIXED-USE,BROOKLYN,2024,11,1284.4,0.3,215.14000000000004,0.0,0.0,0.0,67.82
195,MIXED-USE,BROOKLYN,2024,12,973.0500000000001,0.23,165.67,0.0,0.0,0.0,-13.99
196,GOVERNMENT,MANHATTAN,2022,1,532.6200000000001,0.12,90.72999999999999,0.0,0.0,0.0,
196,GOVERNMENT,MANHATTAN,2022,2,475.40999999999997,0.11,81.44000000000001,0.0,0.0,0.0,
196,GOVERNMENT,MANHATTAN,2022,3,610.59,0.14,99.49000000000001,0.0,0.0,0.0,
196,GOVERNMENT,MANHATTAN,2022,4,454.27,0.11,74.86,0.0,0.0,0.0,
196,GOVERNMENT,MANHATTAN,2022,5,351.98999999999995,0.08,57.55,0.0,0.0,0.0,
196,GOVERNMENT,MANHATTAN,2022,6,464.78,0.11,72.39999999999999,0.0,0.0,0.0,
196,GOVERNMENT,MANHATTAN,2022,7,488.84000000000003,0.11,84.2,0.0,0.0,0.0,
196,GOVERNMENT,MANHATTAN,2022,8,619.6800000000001,0.14,99.99000000000001,0.0,0.0,0.0,
196,GOVERNMENT,MANHATTAN,2022,9,517.65,0.12,91.43,0.0,0.0,0.0,
196,GOVERNMENT,MANHATTAN,2022,10,548.0000000000001,0.13,99.96000000000001,0.0,0.0,0.0,
196,GOVERNMENT,MANHATTAN,2022,11,723.8399999999999,0.17,124.38,0.0,0.0,0.0,
196,GOVERNMENT,MANHATTAN,2022,12,662.36,0.15,106.01999999999998,0.0,0.0,0.0,
196,GOVERNMENT,MANHATTAN,2023,1,533.43,0.12,85.34999999999998,0.0,0.0,0.0,0.15
196,GOVERNMENT,MANHATTAN,2023,2,360.62,0.08,66.17999999999999,0.0,0.0,0.0,-24.15
196,GOVERNMENT,MANHATTAN,2023,3,658.5500000000001,0.15,120.02999999999999,0.0,0.0,0.0,7.85
196,GOVERNMENT,MANHATTAN,2023,4,380.73999999999995,0.09,75.64,0.0,0.0,0.0,-16.19
196,GOVERNMENT,MANHATTAN,2023,5,363.83,0.08,63.400000000000006,0.0,0.0,0.0,3.36
196,GOVERNMENT,MANHATTAN,2023,6,1003.3300000000003,0.23,167.03,0.0,0.0,0.0,115.87
196,GOVERNMENT,MANHATTAN,2023,7,645.0,0.15,104.79,0.0,0.0,0.0,31.95
196,GOVERNMENT,MANHATTAN,2023,8,729.3899999999999,0.17,123.85000000000001,0.0,0.0,0.0,17.7
196,GOVERNMENT,MANHATTAN,2023,9,465.4099999999999,0.11,73.89000000000001,0.0,0.0,0.0,-10.09
196,GOVERNMENT,MANHATTAN,2023,10,326.71999999999997,0.08,50.59,0.0,0.0,0.0,-40.38
196,GOVERNMENT,MANHATTAN,2023,11,421.43,0.1,74.02,0.0,0.0,0.0,-41.78
196,GOVERNMENT,MANHATTAN,2023,12,547.9200000000001,0.13,93.69,0.0,0.0,0.0,-17.28
196,GOVERNMENT,MANHATTAN,2024,1,434.89000000000004,0.1,75.89,0.0,0.0,0.0,-18.47
196,GOVERNMENT,MANHATTAN,2024,2,596.51,0.14,95.23000000000002,0.0,0.0,0.0,65.41
196,GOVERNMENT,MANHATTAN,2024,3,455.91999999999996,0.11,77.99,0.0,0.0,0.0,-30.77
196,GOVERNMENT,MANHATTAN,2024,4,400.92999999999995,0.09,66.94999999999999,0.0,0.0,0.0,5.3
196,GOVERNMENT,MANHATTAN,2024,5,348.40999999999997,0.08,53.879999999999995,0.0,0.0,0.0,-4.24
196,GOVERNMENT,MANHATTAN,2024,6,571.6,0.13,94.14999999999998,0.0,0.0,0.0,-43.03
196,GOVERNMENT,MANHATTAN,2024,7,549.25,0.13,98.22999999999999,0.0,0.0,0.0,-14.84
196,GOVERNMENT,MANHATTAN,2024,8,664.41,0.15,115.74,0.0,0.0,0.0,-8.91
196,GOVERNMENT,MANHATTAN,2024,9,342.85,0.08,53.370000000000005,0.0,0.0,0.0,-26.33
196,GOVERNMENT,MANHATTAN,2024,10,375.83,0.09,59.75999999999999,0.0,0.0,0.0,15.03
196,GOVERNMENT,MANHATTAN,2024,11,586.06,0.14,98.78,0.0,0.0,0.0,39.06
196,GOVERNMENT,MANHATTAN,2024,12,500.77,0.12,92.69999999999999,0.0,0.0,0.0,-8.61
197,GOVERNMENT,STATEN ISLAND,2022,1,809.16,0.19,130.77,0.0,0.0,0.0,
197,GOVERNMENT,STATEN ISLAND,2022,2,696.77,0.16,122.22,0.0,0.0,0.0,
197,GOVERNMENT,STATEN ISLAND,2022,3,1263.1000000000001,0.29,210.71,0.0,0.0,0.0,
197,GOVERNMENT,STATEN ISLAND,2022,4,799.87,0.19,128.81,0.0,0.0,0.0,
197,GOVERNMENT,STATEN ISLAND,2022,5,592.8900000000001,0.14,95.44000000000001,0.0,0.0,0.0,
197,GOVERNMENT,STATEN ISLAND,2022,6,656.4399999999999,0.15,114.42,0.0,0.0,0.0,
197,GOVERNMENT,STATEN ISLAND,2022,7,873.8800000000001,0.2,165.67000000000002,0.0,0.0,0.0,
197,GOVERNMENT,STATEN ISLAND,2022,8,1031.6599999999999,0.24,157.48,0.0,0.0,0.0,
197,GOVERNMENT,STATEN ISLAND,2022,9,886.6800000000002,0.21,146.42999999999998,0.0,0.0,0.0,
197,GOVERNMENT,STATEN ISLAND,2022,10,1042.76,0.24,161.2,0.0,0.0,0.0,
197,GOVERNMENT,STATEN ISLAND,2022,11,1282.3200000000002,0.3,216.61999999999995,0.0,0.0,0.0,
197,GOVERNMENT,STATEN ISLAND,2022,12,1268.26,0.3,208.47999999999996,0.0,0.0,0.0,
197,GOVERNMENT,STATEN ISLAND,2023,1,915.5100000000001,0.21,165.82999999999998,0.0,0.0,0.0,13.14
197,GOVERNMENT,STATEN ISLAND,2023,2,760.46,0.18,126.52999999999999,0.0,0.0,0.0,9.14
197,GOVERNMENT,STATEN ISLAND,2023,3,1233.6,0.29,200.24,0.0,0.0,0.0,-2.34
197,GOVERNMENT,STATEN ISLAND,2023,4,687.81,0.16,106.32999999999998,0.0,0.0,0.0,-14.01
197,GOVERNMENT,STATEN ISLAND,2023,5,736.6300000000001,0.17,130.79999999999998,0.0,0.0,0.0,24.24
197,GOVERNMENT,STATEN ISLAND,2023,6,1750.21,0.41,284.94,0.0,0.0,0.0,166.62
197,GOVERNMENT,STATEN ISLAND,2023,7,902.6600000000001,0.21,150.65000000000003,0.0,0.0,0.0,3.29
197,GOVERNMENT,STATEN ISLAND,2023,8,1378.3400000000001,0.32,233.92,0.0,0.0,0.0,33.6
197,GOVERNMENT,STATEN ISLAND,2023,9,712.52,0.17,125.68999999999998,0.0,0.0,0.0,-19.64
197,GOVERNMENT,STATEN ISLAND,2023,10,614.64,0.14,101.82,0.0,0.0,0.0,-41.06
197,GOVERNMENT,STATEN ISLAND,2023,11,831.9,0.19,140.4,0.0,0.0,0.0,-35.13
197,GOVERNMENT,STATEN ISLAND,2023,12,922.13,0.21,152.31,0.0,0.0,0.0,-27.29
197,GOVERNMENT,STATEN ISLAND,2024,1,932.5700000000002,0.22,160.32000000000002,0.0,0.0,0.0,1.86
197,GOVERNMENT,STATEN ISLAND,2024,2,1010.2099999999997,0.24,177.71999999999997,0.0,0.0,0.0,32.84
197,GOVERNMENT,STATEN ISLAND,2024,3,597.67,0.14,107.56,0.0,0.0,0.0,-51.55
197,GOVERNMENT,STATEN ISLAND,2024,4,723.1300000000001,0.17,116.66000000000001,0.0,0.0,0.0,5.14
197,GOVERNMENT,STATEN ISLAND,2024,5,828.0099999999999,0.19,135.76,0.0,0.0,0.0,12.41
197,GOVERNMENT,STATEN ISLAND,2024,6,961.2699999999999,0.22,152.52,0.0,0.0,0.0,-45.08
197,GOVERNMENT,STATEN ISLAND,2024,7,854.4999999999998,0.2,147.70999999999998,0.0,0.0,0.0,-5.34
197,GOVERNMENT,STATEN ISLAND,2024,8,1086.99,0.25,197.60999999999999,0.0,0.0,0.0,-21.14
197,GOVERNMENT,STATEN ISLAND,2024,9,670.58,0.16,115.4,0.0,0.0,0.0,-5.89
197,GOVERNMENT,STATEN ISLAND,2024,10,836.94,0.2,138.22,0.0,0.0,0.0,36.17
197,GOVERNMENT,STATEN ISLAND,2024,11,1034.98,0.24,189.41,0.0,0.0,0.0,24.41
197,GOVERNMENT,STATEN ISLAND,2024,12,839.41,0.2,125.28000000000002,0.0,0.0,0.0,-8.97
198,RETAIL,BROOKLYN,2022,1,1251.4999999999998,0.29,208.6,0.0,0.0,8.91,
198,RETAIL,BROOKLYN,2022,2,1187.4900000000002,0.28,210.83999999999997,0.0,0.0,8.73,
198,RETAIL,BROOKLYN,2022,3,1775.5800000000002,0.41,308.37000000000006,0.0,0.0,10.91,
198,RETAIL,BROOKLYN,2022,4,1140.24,0.27,184.78999999999996,0.0,0.0,12.16,
198,RETAIL,BROOKLYN,2022,5,1083.5,0.25,190.49,0.0,0.0,10.27,
198,RETAIL,BROOKLYN,2022,6,1181.31,0.28,217.94,0.0,0.0,10.0,
198,RETAIL,BROOKLYN,2022,7,1541.78,0.36,262.06,0.0,0.0,11.16,
198,RETAIL,BROOKLYN,2022,8,1602.4700000000003,0.37,265.92999999999995,0.0,0.0,5.74,
198,RETAIL,BROOKLYN,2022,9,1384.8999999999999,0.32,229.76,0.0,0.0,8.96,
198,RETAIL,BROOKLYN,2022,10,1797.57,0.42,320.18999999999994,0.0,0.0,10.07,
198,RETAIL,BROOKLYN,2022,11,1943.1299999999999,0.45,320.85,0.0,0.0,11.69,
198,RETAIL,BROOKLYN,2022,12,1667.0500000000002,0.39,284.80000000000007,0.0,0.0,6.45,
198,RETAIL,BROOKLYN,2023,1,1283.4099999999999,0.3,225.52000000000004,0.0,0.0,8.34,2.55
198,RETAIL,BROOKLYN,2023,2,1051.4299999999998,0.24,155.86,0.0,0.0,11.17,-11.46
198,RETAIL,BROOKLYN,2023,3,1876.8200000000002,0.44,326.63,0.0,0.0,11.06,5.7
198,RETAIL,BROOKLYN,2023,4,1158.59,0.27,190.52,0.0,0.0,9.56,1.61
198,RETAIL,BROOKLYN,2023,5,1075.31,0.25,181.7,0.0,0.0,11.05,-0.76
198,RETAIL,BROOKLYN,2023,6,2968.6199999999994,0.69,476.34999999999997,0.0,0.0,10.43,151.3
198,RETAIL,BROOKLYN,2023,7,1589.4999999999998,0.37,262.99,0.0,0.0,10.36,3.1
198,RETAIL,BROOKLYN,2023,8,2152.19,0.5,366.64,0.0,0.0,11.99,34.3
198,RETAIL,BROOKLYN,2023,9,1434.6400000000003,0.33,253.82,0.0,0.0,9.97,3.59
198,RETAIL,BROOKLYN,2023,10,978.4,0.23,158.81,0.0,0.0,8.56,-45.57
198,RETAIL,BROOKLYN,2023,11,1279.8100000000002,0.3,217.42000000000002,0.0,0.0,12.59,-34.14
198,RETAIL,BROOKLYN,2023,12,1500.86,0.35,237.26000000000002,0.0,0.0,11.63,-9.97
198,RETAIL,BROOKLYN,2024,1,1195.3400000000001,0.28,194.58,0.0,0.0,9.29,-6.86
198,RETAIL,BROOKLYN,2024,2,1454.6499999999999,0.34,223.99,0.0,0.0,8.58,38.35
198,RETAIL,BROOKLYN,2024,3,1130.6699999999998,0.26,193.13,0.0,0.0,7.67,-39.76
198,RETAIL,BROOKLYN,2024,4,1091.79,0.25,177.17000000000002,0.0,0.0,10.31,-5.77
198,RETAIL,BROOKLYN,2024,5,1240.34,0.29,222.45999999999995,0.0,0.0,8.05,15.35
198,RETAIL,BROOKLYN,2024,6,1302.22,0.3,238.81,0.0,0.0,6.96,-56.13
198,RETAIL,BROOKLYN,2024,7,1091.97,0.25,166.74,0.0,0.0,14.74,-31.3
198,RETAIL,BROOKLYN,2024,8,1802.36,0.42,295.41999999999996,0.0,0.0,10.09,-16.25
198,RETAIL,BROOKLYN,2024,9,1001.2900000000001,0.23,174.2,0.0,0.0,11.99,-30.21
198,RETAIL,BROOKLYN,2024,10,1225.74,0.29,220.91,0.0,0.0,7.91,25.28
198,RETAIL,BROOKLYN,2024,11,1728.0300000000002,0.4,297.85,0.0,0.0,9.1,35.02
198,RETAIL,BROOKLYN,2024,12,1359.1799999999998,0.32,224.65,0.0,0.0,8.59,-9.44
199,COMMERCIAL OFFICE,MANHATTAN,2022,1,991.67,0.23,171.18000000000004,0.0,0.0,0.0,
199,COMMERCIAL OFFICE,MANHATTAN,2022,2,974.7,0.23,165.2,0.0,0.0,0.0,
199,COMMERCIAL OFFICE,MANHATTAN,2022,3,1372.93,0.32,218.17999999999998,0.0,0.0,0.0,
199,COMMERCIAL OFFICE,MANHATTAN,2022,4,1153.2,0.27,189.65999999999997,0.0,0.0,0.0,
199,COMMERCIAL OFFICE,MANHATTAN,2022,5,637.39,0.15,100.64999999999999,0.0,0.0,0.0,
199,COMMERCIAL OFFICE,MANHATTAN,2022,6,901.22,0.21,156.93,0.0,0.0,0.0,
199,COMMERCIAL OFFICE,MANHATTAN,2022,7,921.89,0.21,157.76999999999998,0.0,0.0,0.0,
199,COMMERCIAL OFFICE,MANHATTAN,2022,8,1419.4099999999999,0.33,223.36999999999995,0.0,0.0,0.0,
199,COMMERCIAL OFFICE,MANHATTAN,2022,9,1204.04,0.28,221.95999999999995,0.0,0.0,0.0,
199,COMMERCIAL OFFICE,MANHATTAN,2022,10,1370.66,0.32,245.44,0.0,0.0,0.0,
199,COMMERCIAL OFFICE,MANHATTAN,2022,11,1390.0999999999997,0.32,230.49000000000004,0.0,0.0,0.0,
199,COMMERCIAL OFFICE,MANHATTAN,2022,12,1310.19,0.31,228.08000000000004,0.0,0.0,0.0,
199,COMMERCIAL OFFICE,MANHATTAN,2023,1,1161.2200000000003,0.27,212.01999999999998,0.0,0.0,0.0,17.1
199,COMMERCIAL OFFICE,MANHATTAN,2023,2,804.32,0.19,139.21,0.0,0.0,0.0,-17.48
199,COMMERCIAL OFFICE,MANHATTAN,2023,3,1520.35,0.35,259.79999999999995,0.0,0.0,0.0,10.74
199,COMMERCIAL OFFICE,MANHATTAN,2023,4,962.47,0.22,160.54,0.0,0.0,0.0,-16.54
199,COMMERCIAL OFFICE,MANHATTAN,2023,5,812.31,0.19,132.01,0.0,0.0,0.0,27.44
199,COMMERCIAL OFFICE,MANHATTAN,2023,6,2126.0000000000005,0.5,360.1,0.0,0.0,0.0,135.9
199,COMMERCIAL OFFICE,MANHATTAN,2023,7,901.9999999999999,0.21,167.46,0.0,0.0,0.0,-2.16
199,COMMERCIAL OFFICE,MANHATTAN,2023,8,1724.6300000000003,0.4,291.57,0.0,0.0,0.0,21.5
199,COMMERCIAL OFFICE,MANHATTAN,2023,9,1098.7099999999998,0.26,177.83,0.0,0.0,0.0,-8.75
199,COMMERCIAL OFFICE,MANHATTAN,2023,10,751.46,0.18,122.43,0.0,0.0,0.0,-45.18
199,COMMERCIAL OFFICE,MANHATTAN,2023,11,951.0100000000001,0.22,160.39,0.0,0.0,0.0,-31.59
199,COMMERCIAL OFFICE,MANHATTAN,2023,12,1135.02,0.26,197.41999999999996,0.0,0.0,0.0,-13.37
199,COMMERCIAL OFFICE,MANHATTAN,2024,1,853.4,0.2,162.33,0.0,0.0,0.0,-26.51
199,COMMERCIAL OFFICE,MANHATTAN,2024,2,1152.07,0.27,193.56,0.0,0.0,0.0,43.24
199,COMMERCIAL OFFICE,MANHATTAN,2024,3,702.2199999999999,0.16,117.03,0.0,0.0,0.0,-53.81
199,COMMERCIAL OFFICE,MANHATTAN,2024,4,899.37,0.21,148.74,0.0,0.0,0.0,-6.56
199,COMMERCIAL OFFICE,MANHATTAN,2024,5,988.67,0.23,165.98999999999998,0.0,0.0,0.0,21.71
199,COMMERCIAL OFFICE,MANHATTAN,2024,6,892.2099999999999,0.21,159.92999999999998,0.0,0.0,0.0,-58.03
199,COMMERCIAL OFFICE,MANHATTAN,2024,7,1389.7800000000002,0.32,219.32999999999998,0.0,0.0,0.0,54.08
199,COMMERCIAL OFFICE,MANHATTAN,2024,8,1372.8200000000002,0.32,227.6,0.0,0.0,0.0,-20.4
199,COMMERCIAL OFFICE,MANHATTAN,2024,9,643.64,0.15,108.21000000000001,0.0,0.0,0.0,-41.42
199,COMMERCIAL OFFICE,MANHATTAN,2024,10,938.8399999999999,0.22,170.58999999999997,0.0,0.0,0.0,24.94
199,COMMERCIAL OFFICE,MANHATTAN,2024,11,1170.04,0.27,206.51999999999998,0.0,0.0,0.0,23.03
199,COMMERCIAL OFFICE,MANHATTAN,2024,12,1146.44,0.27,201.39,0.0,0.0,0.0,1.01
200,COMMERCIAL OFFICE,STATEN ISLAND,2022,1,371.5200000000001,0.09,62.940000000000005,0.0,0.0,7.74,
200,COMMERCIAL OFFICE,STATEN ISLAND,2022,2,372.09,0.09,63.66,0.0,0.0,13.29,
200,COMMERCIAL OFFICE,STATEN ISLAND,2022,3,502.40000000000003,0.12,82.46000000000001,0.0,0.0,12.25,
200,COMMERCIAL OFFICE,STATEN ISLAND,2022,4,356.41999999999996,0.08,63.169999999999995,0.0,0.0,11.19,
200,COMMERCIAL OFFICE,STATEN ISLAND,2022,5,255.96000000000006,0.06,41.09,0.0,0.0,13.78,
200,COMMERCIAL OFFICE,STATEN ISLAND,2022,6,300.08000000000004,0.07,50.53,0.0,0.0,7.56,
200,COMMERCIAL OFFICE,STATEN ISLAND,2022,7,345.04,0.08,63.02000000000001,0.0,0.0,8.23,
200,COMMERCIAL OFFICE,STATEN ISLAND,2022,8,471.35,0.11,82.75,0.0,0.0,10.8,
200,COMMERCIAL OFFICE,STATEN ISLAND,2022,9,306.29,0.07,51.9,0.0,0.0,11.01,
200,COMMERCIAL OFFICE,STATEN ISLAND,2022,10,455.81000000000006,0.11,81.51,0.0,0.0,11.06,
200,COMMERCIAL OFFICE,STATEN ISLAND,2022,11,448.87,0.1,77.51,0.0,0.0,11.3,
200,COMMERCIAL OFFICE,STATEN ISLAND,2022,12,425.2,0.1,75.97,0.0,0.0,9.04,
200,COMMERCIAL OFFICE,STATEN ISLAND,2023,1,293.22,0.07,48.75,0.0,0.0,11.03,-21.08
200,COMMERCIAL OFFICE,STATEN ISLAND,2023,2,312.77,0.07,51.849999999999994,0.0,0.0,12.95,-15.94
200,COMMERCIAL OFFICE,STATEN ISLAND,2023,3,447.86,0.1,79.58000000000001,0.0,0.0,7.8,-10.86
200,COMMERCIAL OFFICE,STATEN ISLAND,2023,4,243.50999999999996,0.06,37.75,0.0,0.0,9.18,-31.68
200,COMMERCIAL OFFICE,STATEN ISLAND,2023,5,289.57000000000005,0.07,49.92,0.0,0.0,8.41,13.13
200,COMMERCIAL OFFICE,STATEN ISLAND,2023,6,726.5999999999999,0.17,116.44999999999999,0.0,0.0,10.73,142.14
200,COMMERCIAL OFFICE,STATEN ISLAND,2023,7,477.3499999999999,0.11,79.2,0.0,0.0,9.98,38.35
200,COMMERCIAL OFFICE,STATEN ISLAND,2023,8,567.25,0.13,91.17999999999998,0.0,0.0,10.58,20.35
200,COMMERCIAL OFFICE,STATEN ISLAND,2023,9,382.63,0.09,73.09,0.0,0.0,13.49,24.92
200,COMMERCIAL OFFICE,STATEN ISLAND,2023,10,228.48000000000002,0.05,38.92,0.0,0.0,10.42,-49.87
200,COMMERCIAL OFFICE,STATEN ISLAND,2023,11,300.11,0.07,52.94,0.0,0.0,7.46,-33.14
200,COMMERCIAL OFFICE,STATEN ISLAND,2023,12,348.2300000000001,0.08,63.85000000000001,0.0,0.0,8.45,-18.1
200,COMMERCIAL OFFICE,STATEN ISLAND,2024,1,355.34999999999997,0.08,62.09000000000001,0.0,0.0,11.21,21.19
200,COMMERCIAL OFFICE,STATEN ISLAND,2024,2,323.3400000000001,0.08,58.970000000000006,0.0,0.0,8.23,3.38
200,COMMERCIAL OFFICE,STATEN ISLAND,2024,3,285.47,0.07,47.09,0.0,0.0,9.27,-36.26
200,COMMERCIAL OFFICE,STATEN ISLAND,2024,4,279.04,0.07,49.019999999999996,0.0,0.0,7.67,14.59
200,COMMERCIAL OFFICE,STATEN ISLAND,2024,5,319.4800000000001,0.07,57.86000000000001,0.0,0.0,8.47,10.33
200,COMMERCIAL OFFICE,STATEN ISLAND,2024,6,372.65,0.09,63.77000000000001,0.0,0.0,12.04,-48.71
200,COMMERCIAL OFFICE,STATEN ISLAND,2024,7,378.78000000000003,0.09,65.28999999999999,0.0,0.0,11.16,-20.65
200,COMMERCIAL OFFICE,STATEN ISLAND,2024,8,404.74,0.09,72.41,0.0,0.0,9.13,-28.65
200,COMMERCIAL OFFICE,STATEN ISLAND,2024,9,232.42000000000002,0.05,39.47,0.0,0.0,10.15,-39.26
200,COMMERCIAL OFFICE,STATEN ISLAND,2024,10,347.1,0.08,55.7,0.0,0.0,10.53,51.92
200,COMMERCIAL OFFICE,STATEN ISLAND,2024,11,454.81000000000006,0.11,82.11,0.0,0.0,9.49,51.55
200,COMMERCIAL OFFICE,STATEN ISLAND,2024,12,349.36,0.08,59.22,0.0,0.0,8.8,0.32
